amostra,escala,competencia,fase,beta,se_cluster,ci_low,ci_high,p_valor,se_cluster_gl_fe,ci_low_gl_fe,ci_high_gl_fe,p_valor_gl_fe,referencia,n_obs,n_celulas,n_clusters,n_parametros_fe_absorvidos,q_fdr_bh,q_fdr_bh_gl_fe,familia_fdr
confirmatoria_587,nivel,202406,PRE,0.08168584624218986,0.21129314819175601,-0.33415294909690874,0.4975246415812885,0.699332311074247,0.2229119872997929,-0.35701958769486297,0.5203912801792426,0.7142937313939517,False,15262,587,295,1547,0.7601438163850511,0.7764062297760345,25_coeficientes_de_evento_confirmatoria_587_nivel
confirmatoria_587,nivel,202407,PRE,0.18289699821249591,0.1960577505320698,-0.20295753372982486,0.5687515301548167,0.3516509762234748,0.2068388074608464,-0.22417536196567497,0.5899693583906668,0.3772843859990763,False,15262,587,295,1547,0.5829960988318021,0.6226733855448636,25_coeficientes_de_evento_confirmatoria_587_nivel
confirmatoria_587,nivel,202408,PRE,0.08943947630875858,0.17049452189685413,-0.24610494244901737,0.42498389506653456,0.6002645468012401,0.1798698775847889,-0.26455625830336876,0.44343521092088595,0.6193876361632568,False,15262,587,295,1547,0.7146006509538573,0.7373662335276866,25_coeficientes_de_evento_confirmatoria_587_nivel
confirmatoria_587,nivel,202409,PRE,0.04584124017577117,0.16669080511710807,-0.2822172140959949,0.37389969444753723,0.7835035522774927,0.1758569974996795,-0.30025688282560137,0.39193936317714373,0.7945268726344975,False,15262,587,295,1547,0.8161495336223883,0.8276321589942682,25_coeficientes_de_evento_confirmatoria_587_nivel
confirmatoria_587,nivel,202410,PRE,0.12766153715515483,0.15936045269976537,-0.18597030203360604,0.4412933763439157,0.423728386067815,0.16812355493922898,-0.20321666288286944,0.4585397371931791,0.4482625722216581,False,15262,587,295,1547,0.6231299795114926,0.6592096650318501,25_coeficientes_de_evento_confirmatoria_587_nivel
confirmatoria_587,nivel,202411,PRE,0.14428757415924587,0.1529144863051665,-0.15665817973396307,0.4452333280524548,0.3461573207566909,0.16132313007271276,-0.17320694302636636,0.4617820913448581,0.37183896757031965,False,15262,587,295,1547,0.5829960988318021,0.6226733855448636,25_coeficientes_de_evento_confirmatoria_587_nivel
confirmatoria_587,nivel,202412,PRE,0.17105440138862507,0.1484755308833071,-0.12115519664251698,0.46326399941976715,0.25022771041142144,0.156640080086994,-0.1372235657988455,0.4793323685760956,0.27571752581919445,False,15262,587,295,1547,0.5829960988318021,0.6226733855448636,25_coeficientes_de_evento_confirmatoria_587_nivel
confirmatoria_587,nivel,202501,PRE,0.144730267940751,0.1447799160087705,-0.14020611725497117,0.4296666531364732,0.3182985375252771,0.15274124634331765,-0.15587453832752862,0.4453350742090306,0.3441357634528918,False,15262,587,295,1547,0.5829960988318021,0.6226733855448636,25_coeficientes_de_evento_confirmatoria_587_nivel
confirmatoria_587,nivel,202502,PRE,0.08985495692361568,0.13740724340883126,-0.18057152428976841,0.36028143813699975,0.5136669453119991,0.1449631564477017,-0.1954420574928582,0.37515197134008954,0.5358387154807968,False,15262,587,295,1547,0.6420836816399988,0.669798394350996,25_coeficientes_de_evento_confirmatoria_587_nivel
confirmatoria_587,nivel,202503,PRE,0.09501779966544721,0.10652110388363333,-0.11462273007364887,0.3046583294045433,0.3731175032523534,0.11237861312246206,-0.12615069303131007,0.3161862923622045,0.3985109667487127,False,15262,587,295,1547,0.5829960988318021,0.6226733855448636,25_coeficientes_de_evento_confirmatoria_587_nivel
confirmatoria_587,nivel,202504,PRE,0.011207303054931138,0.0840614884001502,-0.15423122805638648,0.17664583416624877,0.8940294000776375,0.08868396157195918,-0.16332855890550554,0.18574316501536783,0.8995226542226699,False,15262,587,295,1547,0.8940294000776376,0.8995226542226699,25_coeficientes_de_evento_confirmatoria_587_nivel
confirmatoria_587,nivel,202505,PRE,-0.041902168062463135,0.061548632346761833,-0.16303391960709335,0.07922958348216708,0.4965353191908585,0.06493314179572769,-0.16969485652869423,0.08589052040376796,0.5192279700084371,False,15262,587,295,1547,0.6420836816399988,0.669798394350996,25_coeficientes_de_evento_confirmatoria_587_nivel
confirmatoria_587,nivel,202506,PRE,0.0,0.0,0.0,0.0,1.0,0.0,0.0,0.0,1.0,True,15262,587,295,1547,,,25_coeficientes_de_evento_confirmatoria_587_nivel
confirmatoria_587,nivel,202507,TRANSICAO,0.024138231275703734,0.062375519925695594,-0.09862088934192935,0.1468973518933368,0.6990491668449873,0.06580549925299062,-0.10537131397096626,0.1536477765223737,0.7140232934127392,False,15262,587,295,1547,0.7601438163850511,0.7764062297760345,25_coeficientes_de_evento_confirmatoria_587_nivel
confirmatoria_587,nivel,202508,TRANSICAO,-0.06825171914023376,0.09942177347886623,-0.2639203002927464,0.12741686201227884,0.49294734642361154,0.10488889628797068,-0.2746799571125012,0.1381765188320337,0.5157452021069964,False,15262,587,295,1547,0.6420836816399988,0.669798394350996,25_coeficientes_de_evento_confirmatoria_587_nivel
confirmatoria_587,nivel,202509,TRANSICAO,0.20608015525678902,0.1493396040686399,-0.08782999556344545,0.4999903060770235,0.1686526486293678,0.15755166795703793,-0.10399187674049154,0.5161521872540695,0.19188954318682155,False,15262,587,295,1547,0.5651628270417809,0.6226733855448636,25_coeficientes_de_evento_confirmatoria_587_nivel
confirmatoria_587,nivel,202510,POS_ADMIN,0.18926966405474374,0.17674598346304798,-0.15857804171939824,0.5371173698288857,0.28511206619863944,0.18646510195990149,-0.17770590536323785,0.5562452334727254,0.31092103203284377,False,15262,587,295,1547,0.5829960988318021,0.6226733855448636,25_coeficientes_de_evento_confirmatoria_587_nivel
confirmatoria_587,nivel,202511,POS_ADMIN,0.26372495450657385,0.18505176384997993,-0.10046907266989957,0.6279189816830473,0.15517702260034844,0.19522761048406045,-0.12049580728995085,0.6479457163030986,0.17777936925586382,False,15262,587,295,1547,0.5651628270417809,0.6226733855448636,25_coeficientes_de_evento_confirmatoria_587_nivel
confirmatoria_587,nivel,202512,POS_ADMIN,0.24255353643504604,0.1934170348386879,-0.13810389355594968,0.6232109664260418,0.21082206684428312,0.20405288095000995,-0.15903593736425317,0.6441430102343453,0.23552494032780785,False,15262,587,295,1547,0.5829960988318021,0.6226733855448636,25_coeficientes_de_evento_confirmatoria_587_nivel
confirmatoria_587,nivel,202601,POS_ADMIN,0.19748672536946654,0.2183371462927691,-0.23221512094768776,0.6271885716866208,0.36646902546614624,0.23034332915195646,-0.25584407749224364,0.6508175282311768,0.39194532854222147,False,15262,587,295,1547,0.5829960988318021,0.6226733855448636,25_coeficientes_de_evento_confirmatoria_587_nivel
confirmatoria_587,nivel,202602,POS_ADMIN,0.29327552088837583,0.218647098478531,-0.13703633169089813,0.7235873734676498,0.1808521046533699,0.2306703253574056,-0.1606988319858081,0.7472498737625597,0.204589336300489,False,15262,587,295,1547,0.5651628270417809,0.6226733855448636,25_coeficientes_de_evento_confirmatoria_587_nivel
confirmatoria_587,nivel,202603,POS_ADMIN,0.5001997255486577,0.23401243502089414,0.03964788131590419,0.9607515697814111,0.0333827608956619,0.2468805893129593,0.014322508369149944,0.9860769427281654,0.043659408261306376,False,15262,587,295,1547,0.2781896741305159,0.36382840217755313,25_coeficientes_de_evento_confirmatoria_587_nivel
confirmatoria_587,nivel,202604,POS_ADMIN,0.6462849047434562,0.25684069867724646,0.14080553806247953,1.151764271424433,0.012392320841311495,0.27096416070081597,0.11300963703984612,1.1795601724470663,0.01770657507971061,False,15262,587,295,1547,0.16778549171702425,0.2380209265073545,25_coeficientes_de_evento_confirmatoria_587_nivel
confirmatoria_587,nivel,202605,POS_ADMIN,0.6585876970861053,0.2647707944189843,0.13750138106299814,1.1796740131092125,0.01342283933736194,0.2793303259853814,0.10884726653497978,1.2083281276372309,0.01904167412058836,False,15262,587,295,1547,0.16778549171702425,0.2380209265073545,25_coeficientes_de_evento_confirmatoria_587_nivel
confirmatoria_587,nivel,202606,POS_ADMIN,0.45208693402460964,0.32096937818557153,-0.17960188649643016,1.0837757545456495,0.1600382611086408,0.3386192243621278,-0.21433794317782673,1.118511811227046,0.18287993691420001,False,15262,587,295,1547,0.5651628270417809,0.6226733855448636,25_coeficientes_de_evento_confirmatoria_587_nivel
confirmatoria_587,nivel,202607,POS_ADMIN,0.481045302059179,0.33674667141583065,-0.18169426793826365,1.1437848720566217,0.15420720259924012,0.355264098170231,-0.21813778018761293,1.1802283843059709,0.17676034361422083,False,15262,587,295,1547,0.5651628270417809,0.6226733855448636,25_coeficientes_de_evento_confirmatoria_587_nivel
ampliada_1184,nivel,202406,PRE,-0.3248079984074807,0.2284639118415782,-0.7740706171187005,0.1244546203037391,0.155961502269743,0.237516561217687,-0.7918721899456829,0.14225619313072146,0.17230010408555735,False,30784,1184,368,2300,0.25993583711623836,0.2871668401425956,25_coeficientes_de_evento_ampliada_1184_nivel
ampliada_1184,nivel,202407,PRE,-0.2626598814346717,0.23672982540761098,-0.7281769971681239,0.20285723429878044,0.26792621187104976,0.24611000317401718,-0.7466226378530938,0.2213028749837504,0.28656236673154006,False,30784,1184,368,2300,0.33490776483881224,0.35820295841442507,25_coeficientes_de_evento_ampliada_1184_nivel
ampliada_1184,nivel,202408,PRE,-0.33406965381473314,0.1907321612698055,-0.7091347113715782,0.04099540374211197,0.08069308433601041,0.19828972853198332,-0.7239962815509708,0.05585697392150463,0.09288593780249296,False,30784,1184,368,2300,0.16811059236668835,0.19351237042186034,25_coeficientes_de_evento_ampliada_1184_nivel
ampliada_1184,nivel,202409,PRE,-0.6812755764641392,0.4126905564745306,-1.4928104863964484,0.13025933346816998,0.09963188354377453,0.4290429986544831,-1.524966729090846,0.16241557616256763,0.11317102708932852,False,30784,1184,368,2300,0.17791407775674023,0.20209111980237235,25_coeficientes_de_evento_ampliada_1184_nivel
ampliada_1184,nivel,202410,PRE,-0.3253861863698992,0.19065591645821572,-0.7003013123973318,0.049528939657533466,0.08872983348292254,0.19821046259753652,-0.7151569416928656,0.06438456895306721,0.10152546379849328,False,30784,1184,368,2300,0.17063429515946643,0.195241276535564,25_coeficientes_de_evento_ampliada_1184_nivel
ampliada_1184,nivel,202411,PRE,-0.2562236136633135,0.19377706002804343,-0.6372763091749227,0.12482908184829572,0.18690512408476784,0.20145527829642126,-0.6523751333983289,0.1399279060717019,0.20422697339956244,False,30784,1184,368,2300,0.2748604765952468,0.30033378441112124,25_coeficientes_de_evento_ampliada_1184_nivel
ampliada_1184,nivel,202412,PRE,-0.20079136446046325,0.16685015263243783,-0.5288936712965394,0.1273109423756129,0.22958823630367065,0.17346141967219275,-0.5418943904006537,0.14031166147972712,0.24779793846819662,False,30784,1184,368,2300,0.30208978461009295,0.3260499190371008,25_coeficientes_de_evento_ampliada_1184_nivel
ampliada_1184,nivel,202501,PRE,-0.12738723080628542,0.1265148074317327,-0.37617214057329884,0.12139767896072798,0.31464823782873313,0.13152782757716197,-0.3860299887561197,0.13125552714354885,0.3334229443268157,False,30784,1184,368,2300,0.37458123551039657,0.3969320765795425,25_coeficientes_de_evento_ampliada_1184_nivel
ampliada_1184,nivel,202502,PRE,-0.1557842606894638,0.11546628886946782,-0.38284282277140136,0.07127430139247373,0.17811245188149633,0.12004152274106766,-0.3918397865973404,0.08027126521841282,0.19518724829636985,False,30784,1184,368,2300,0.2748604765952468,0.30033378441112124,25_coeficientes_de_evento_ampliada_1184_nivel
ampliada_1184,nivel,202503,PRE,-0.022788536698726523,0.08805511853630099,-0.1959444317618257,0.15036735836437265,0.7959357671368277,0.09154421275453176,-0.20280555741084935,0.1572284840133963,0.8035504976790593,False,30784,1184,368,2300,0.8833980470978211,0.8910198542386197,25_coeficientes_de_evento_ampliada_1184_nivel
ampliada_1184,nivel,202504,PRE,-0.08725356866226239,0.06858353216395932,-0.22211958322044456,0.047612445895919786,0.20409927478758455,0.0713010846415074,-0.22746351142646692,0.05295637410194215,0.2218376228026076,False,30784,1184,368,2300,0.2834712149827563,0.30810780944806615,25_coeficientes_de_evento_ampliada_1184_nivel
ampliada_1184,nivel,202505,PRE,-0.009094715370709933,0.05176064735374552,-0.11087938581991678,0.09268995507849691,0.8606209312607981,0.05381161018720514,-0.11491249952269882,0.09672306878127894,0.8658816662456839,False,30784,1184,368,2300,0.8964801367299979,0.9019600690059207,25_coeficientes_de_evento_ampliada_1184_nivel
ampliada_1184,nivel,202506,PRE,0.0,0.0,0.0,0.0,1.0,0.0,0.0,0.0,1.0,True,30784,1184,368,2300,,,25_coeficientes_de_evento_ampliada_1184_nivel
ampliada_1184,nivel,202507,TRANSICAO,-0.017411039108894424,0.07343918839069549,-0.1618254537377959,0.12700337552000707,0.8127262033299953,0.07634914129138803,-0.1675477275531807,0.13272564933539183,0.8197382658995302,False,30784,1184,368,2300,0.8833980470978211,0.8910198542386197,25_coeficientes_de_evento_ampliada_1184_nivel
ampliada_1184,nivel,202508,TRANSICAO,0.013765546272697455,0.14592607434921168,-0.27319062887077605,0.30072172141617093,0.924896650798089,0.15170824613847622,-0.2845609744931711,0.31209206703856596,0.9277510975090915,False,30784,1184,368,2300,0.924896650798089,0.9277510975090916,25_coeficientes_de_evento_ampliada_1184_nivel
ampliada_1184,nivel,202509,TRANSICAO,0.4100282694677855,0.18278354144602793,0.05059376698804352,0.7694627719475274,0.02547706243022738,0.1900261527586703,0.03635154160374959,0.7837049973318213,0.03159585420159067,False,30784,1184,368,2300,0.07961582009446057,0.09873704437997083,25_coeficientes_de_evento_ampliada_1184_nivel
ampliada_1184,nivel,202510,POS_ADMIN,0.47685187948594115,0.19034085624674874,0.10255630327937265,0.8511474556925096,0.012668913545759105,0.19788291844668593,0.08772522301328556,0.8659785359585968,0.01645411292208004,False,30784,1184,368,2300,0.045246119806282514,0.05876468900742871,25_coeficientes_de_evento_ampliada_1184_nivel
ampliada_1184,nivel,202511,POS_ADMIN,0.47547719613255895,0.17877322094931342,0.12392878416795522,0.8270256080971627,0.008164671339368563,0.1858569274045105,0.1099990370731484,0.8409553551919695,0.010919387941298651,False,30784,1184,368,2300,0.03401946391403568,0.04549744975541104,25_coeficientes_de_evento_ampliada_1184_nivel
ampliada_1184,nivel,202512,POS_ADMIN,0.37358704625755385,0.17748338781049675,0.024575025309694576,0.7225990672054131,0.035978232341186384,0.18451598594374805,0.010745780120725912,0.7364283123943818,0.04362324100007404,False,30784,1184,368,2300,0.09993953428107329,0.12117566944465012,25_coeficientes_de_evento_ampliada_1184_nivel
ampliada_1184,nivel,202601,POS_ADMIN,0.33492789153398966,0.1789008563598885,-0.0168715089492516,0.6867272920172309,0.06198195717955577,0.1859896202379871,-0.030811201207994077,0.7006669842759734,0.0725571444902978,False,30784,1184,368,2300,0.14086808449899038,0.1649026011143132,25_coeficientes_de_evento_ampliada_1184_nivel
ampliada_1184,nivel,202602,POS_ADMIN,0.3742082297744278,0.19247320683884206,-0.004280505007130675,0.7526969645559862,0.05263400422108153,0.20009976125508405,-0.01927773490294188,0.7676941944517974,0.06226464797218288,False,30784,1184,368,2300,0.13158501055270383,0.15566161993045718,25_coeficientes_de_evento_ampliada_1184_nivel
ampliada_1184,nivel,202603,POS_ADMIN,0.6016414082668501,0.21755805537189965,0.17382459951906104,1.0294582170146391,0.0059720370946738975,0.2261785713140216,0.15687279502800833,1.0464100215056917,0.008156080695423692,False,30784,1184,368,2300,0.03401946391403568,0.04549744975541104,25_coeficientes_de_evento_ampliada_1184_nivel
ampliada_1184,nivel,202604,POS_ADMIN,0.7124368186459951,0.22555149108015848,0.2689013266722866,1.1559723106197035,0.001716460974008981,0.2344887387555072,0.2513266853981666,1.1735469518938235,0.002549908990233293,False,30784,1184,368,2300,0.021455762175112265,0.03187386237791616,25_coeficientes_de_evento_ampliada_1184_nivel
ampliada_1184,nivel,202605,POS_ADMIN,0.7535211817683939,0.2300472044825428,0.3011450989116455,1.2058972646251422,0.0011551452373563093,0.2391625902139162,0.2832201582449576,1.2238222052918302,0.0017627578404246867,False,30784,1184,368,2300,0.021455762175112265,0.03187386237791616,25_coeficientes_de_evento_ampliada_1184_nivel
ampliada_1184,nivel,202606,POS_ADMIN,0.7332204119479708,0.2449820839842528,0.2514756510317861,1.2149651728641555,0.0029499290934560407,0.2546892490759357,0.2323870064655683,1.2340538174303735,0.0042246826331700715,False,30784,1184,368,2300,0.024582742445467005,0.035205688609750596,25_coeficientes_de_evento_ampliada_1184_nivel
ampliada_1184,nivel,202607,POS_ADMIN,0.6501974192525215,0.24180149375161014,0.17470712664796761,1.1256877118570754,0.007494177770102728,0.2513826312008829,0.15586630900637344,1.1445285294986696,0.010080306134909468,False,30784,1184,368,2300,0.03401946391403568,0.04549744975541104,25_coeficientes_de_evento_ampliada_1184_nivel
