id,bloco,descricao,valor_no_artigo,fonte_arquivo,fonte_localizador,valor_bruto_na_fonte,transformacao,trecho_esperado_no_tex,ocorrencias_no_tex,status,origem_registro
CURTO_A4_MDE_ANTE,Secao 3,MDE ex-ante metropolitano,"13,7",output/tema_trabalho/A4_tabela_09_mde_ex_ante_ex_post.csv,linha 3; coluna mde_ex_ante_A3_p80_p30,0.1374,"proporcao x100, 1 casa","era de 13,7 pontos percentuais; o ex-post, calculado do erro-padrão realizado, é de 16,4 pontos percentuais",1,OK,artigo_curto
CURTO_A4_MDE_POST,Secao 3,MDE ex-post metropolitano,"16,4",output/tema_trabalho/A4_tabela_09_mde_ex_ante_ex_post.csv,linha 3; coluna mde_ex_post_p80,0.1640339690422077,"proporcao x100, 1 casa","era de 13,7 pontos percentuais; o ex-post, calculado do erro-padrão realizado, é de 16,4 pontos percentuais",1,OK,artigo_curto
CURTO_A4_WILD_B,Secao 3,replicacoes do bootstrap,1.999,output/tema_trabalho/A4_tabela_08_wild_cluster_bootstrap.csv,linha 3; coluna b_replicacoes,1999,inteiro com ponto de milhar,por município e 1.999 replicações,1,OK,artigo_curto
CURTO_A4_WILD_capital,Secao 3,p wild cluster capital,"0,0015",output/tema_trabalho/A4_tabela_08_wild_cluster_bootstrap.csv,linha 2; coluna p_wild_cluster,0.0015,"p bootstrap, 4 casas","os valores $p$ são 0,0005 para metropolitano, 0,0015 para capital e 0,0115 para interior próximo",1,OK,artigo_curto
CURTO_A4_WILD_interior_próximo,Secao 3,p wild cluster interior próximo,"0,0115",output/tema_trabalho/A4_tabela_08_wild_cluster_bootstrap.csv,linha 4; coluna p_wild_cluster,0.0115,"p bootstrap, 4 casas","os valores $p$ são 0,0005 para metropolitano, 0,0015 para capital e 0,0115 para interior próximo",1,OK,artigo_curto
CURTO_A4_WILD_metropolitano,Secao 3,p wild cluster metropolitano,"0,0005",output/tema_trabalho/A4_tabela_08_wild_cluster_bootstrap.csv,linha 3; coluna p_wild_cluster,0.0005,"p bootstrap, 4 casas","os valores $p$ são 0,0005 para metropolitano, 0,0015 para capital e 0,0115 para interior próximo",1,OK,artigo_curto
CURTO_A5_Q_NIVEL,Secao 4,q FDR nivel,"0,364",output/tema_trabalho/A5_estimativas_provimento.json,campo multiplicidade/mar2026_q_fdr_bh_gl_fe_nivel_confirmatoria,0.36382840217755313,3 casas,"seu valor $q$ é 0,364",1,OK,artigo_curto
CURTO_A5_Q_PROP,Secao 4,q FDR proporcional,"0,0034",output/tema_trabalho/A5_estimativas_provimento.json,campo multiplicidade/mar2026_q_fdr_bh_gl_fe_proporcional_confirmatoria,0.0034084370881983877,4 casas,"valor $q$ de Benjamini--Hochberg desse coeficiente é 0,0034",1,OK,artigo_curto
CURTO_A5_TAB_NIVEL_beta,Tabela 4 (CNES),beta nivel,"0,50",output/tema_trabalho/A5_tabela_07_estudo_evento_atracao.csv,linha 23; coluna beta,0.5001997255486577,2 casas,"Atração da célula (sensibilidade) & nível & 0,50 & 0,23 & 0,033 \\",1,OK,artigo_curto
CURTO_A5_TAB_NIVEL_p,Tabela 4 (CNES),p nivel,"0,033",output/tema_trabalho/A5_tabela_07_estudo_evento_atracao.csv,linha 23; coluna p_valor,0.0333827608956619,3 casas,"Atração da célula (sensibilidade) & nível & 0,50 & 0,23 & 0,033 \\",1,OK,artigo_curto
CURTO_A5_TAB_NIVEL_se,Tabela 4 (CNES),EP nivel,"0,23",output/tema_trabalho/A5_tabela_07_estudo_evento_atracao.csv,linha 23; coluna se_cluster,0.2340124350208941,2 casas,"Atração da célula (sensibilidade) & nível & 0,50 & 0,23 & 0,033 \\",1,OK,artigo_curto
CURTO_A5_TAB_PROP_beta,Tabela 4 (CNES),beta proporcional,"0,068",output/tema_trabalho/A5_estimativas_provimento.json,campo modelos/principal_proporcional_confirmatorio/mar2026_beta,0.06840172350321641,3 casas,"Atração da célula (primário) & proporcional & 0,068 & 0,018 & $<$0,001 \\",1,OK,artigo_curto
CURTO_A5_TAB_PROP_p,Tabela 4 (CNES),p proporcional,"$<$0,001",output/tema_trabalho/A5_estimativas_provimento.json,campo modelos/principal_proporcional_confirmatorio/mar2026_p,0.0001959861319669171,"p < 0,001","Atração da célula (primário) & proporcional & 0,068 & 0,018 & $<$0,001 \\",1,OK,artigo_curto
CURTO_A5_TAB_PROP_se,Tabela 4 (CNES),EP proporcional,"0,018",output/tema_trabalho/A5_estimativas_provimento.json,campo modelos/principal_proporcional_confirmatorio/mar2026_se,0.018135229463974247,3 casas,"Atração da célula (primário) & proporcional & 0,068 & 0,018 & $<$0,001 \\",1,OK,artigo_curto
CURTO_A8_CH2_EXATO_HI,Secao 2.3,intervalo exato CH2: HI,"83,3",output/tema_trabalho/A8_tabela_06_intervalos_exatos.csv,linha 6; coluna ic95_exato_superior,0.8333333333333334,"proporcao x100, 1 casa","de $-$3,6 a 83,3 pontos percentuais, cobre o zero e é coerente com o $p$ exato de 0,0625",1,OK,artigo_curto
CURTO_A8_CH2_EXATO_LO,Secao 2.3,intervalo exato CH2: LO,"$-$3,6",output/tema_trabalho/A8_tabela_06_intervalos_exatos.csv,linha 6; coluna ic95_exato_inferior,-0.0363729168416358,"proporcao x100, 1 casa","de $-$3,6 a 83,3 pontos percentuais, cobre o zero e é coerente com o $p$ exato de 0,0625",1,OK,artigo_curto
CURTO_A8_CH2_EXATO_P,Secao 2.3,intervalo exato CH2: P,"0,0625",output/tema_trabalho/A8_tabela_06_intervalos_exatos.csv,linha 6; coluna p_exato_pareado_bicaudal,0.0625,"p exato, 4 casas","de $-$3,6 a 83,3 pontos percentuais, cobre o zero e é coerente com o $p$ exato de 0,0625",1,OK,artigo_curto
CURTO_C7_CURSOS_REJ,Secao 4,"cursos com pre-p<0,05",2 e 16,output/tema_trabalho/A5_ameacas_c7.json,campo pretendencia_por_curso/cursos_pre_p_lt_0_05_proporcional,"[2, 16]",lista,rejeita a 5\% nos cursos 2 e 16 na escala proporcional,1,OK,artigo_curto
CURTO_C7_EXCL_beta,Secao 4,beta excluindo cursos rejeitados,"0,081",output/tema_trabalho/A5_ameacas_c7.json,campo pretendencia_por_curso/sensibilidade_excluindo_cursos_rejeitados/proporcional/mar2026_beta,0.0809757367081551,3 casas,"é 0,081, com $p$ de 0,0007, sobre 488 células",1,OK,artigo_curto
CURTO_C7_EXCL_n,Secao 4,celulas excluindo cursos rejeitados,488,output/tema_trabalho/A5_ameacas_c7.json,campo pretendencia_por_curso/sensibilidade_excluindo_cursos_rejeitados/proporcional/n_unidades,488,inteiro,"é 0,081, com $p$ de 0,0007, sobre 488 células",1,OK,artigo_curto
CURTO_C7_EXCL_p,Secao 4,p excluindo cursos rejeitados,"0,0007",output/tema_trabalho/A5_ameacas_c7.json,campo pretendencia_por_curso/sensibilidade_excluindo_cursos_rejeitados/proporcional/mar2026_p_gl_fe,0.0007113914340058309,4 casas,"é 0,081, com $p$ de 0,0007, sobre 488 células",1,OK,artigo_curto
CURTO_C7_N_CTRL,Tabela 4 (nota),contagem CTRL,174,output/tema_trabalho/A5_ameacas_c7.json,campo placebo/resultado/nivel/n_controle,174,inteiro,"são as 372 células sem atração; no placebo, 198 estão em municípios com atração em alguma célula e 174 em municípios sem nenhuma; no transbordo, 70 têm",1,OK,artigo_curto
CURTO_C7_N_TOTAL,Tabela 4 (nota),contagem TOTAL,372,output/tema_trabalho/A5_ameacas_c7.json,campo placebo/resultado/nivel/n_tratadas,372,inteiro,"são as 372 células sem atração; no placebo, 198 estão em municípios com atração em alguma célula e 174 em municípios sem nenhuma; no transbordo, 70 têm",1,OK,artigo_curto
CURTO_C7_N_TRANSBORDO,Tabela 4 (nota),contagem TRANSBORDO,70,output/tema_trabalho/A5_ameacas_c7.json,campo deslocamento/transbordo/nivel/n_tratadas,70,inteiro,"são as 372 células sem atração; no placebo, 198 estão em municípios com atração em alguma célula e 174 em municípios sem nenhuma; no transbordo, 70 têm",1,OK,artigo_curto
CURTO_C7_N_TRAT,Tabela 4 (nota),contagem TRAT,198,output/tema_trabalho/A5_ameacas_c7.json,campo placebo/resultado/nivel/n_tratadas,198,inteiro,"são as 372 células sem atração; no placebo, 198 estão em municípios com atração em alguma célula e 174 em municípios sem nenhuma; no transbordo, 70 têm",1,OK,artigo_curto
CURTO_C7_PLACEBO_NIVEL_beta,Tabela 4 (CNES),placebo NIVEL_beta,"0,063",output/tema_trabalho/A5_ameacas_c7.json,campo placebo/resultado/nivel/mar2026_beta,0.0634466191497142,arredondamento do artigo,"Placebo: município com atração, célula sem & nível & 0,063 & 0,309 & 0,837 \\",1,OK,artigo_curto
CURTO_C7_PLACEBO_NIVEL_p,Tabela 4 (CNES),placebo NIVEL_p,"0,837",output/tema_trabalho/A5_ameacas_c7.json,campo placebo/resultado/nivel/mar2026_p_gl_fe,0.8374871117242676,arredondamento do artigo,"Placebo: município com atração, célula sem & nível & 0,063 & 0,309 & 0,837 \\",1,OK,artigo_curto
CURTO_C7_PLACEBO_NIVEL_se,Tabela 4 (CNES),placebo NIVEL_se,"0,309",output/tema_trabalho/A5_ameacas_c7.json,campo placebo/resultado/nivel/mar2026_se_gl_fe,0.3089813114590481,arredondamento do artigo,"Placebo: município com atração, célula sem & nível & 0,063 & 0,309 & 0,837 \\",1,OK,artigo_curto
CURTO_C7_PLACEBO_PROP_beta,Tabela 4 (CNES),placebo PROP_beta,"0,0007",output/tema_trabalho/A5_ameacas_c7.json,campo placebo/resultado/proporcional/mar2026_beta,0.0006730906955801468,arredondamento do artigo,"Placebo: município com atração, célula sem & proporcional & 0,0007 & 0,027 & 0,980 \\",1,OK,artigo_curto
CURTO_C7_PLACEBO_PROP_p,Tabela 4 (CNES),placebo PROP_p,"0,980",output/tema_trabalho/A5_ameacas_c7.json,campo placebo/resultado/proporcional/mar2026_p_gl_fe,0.9800882710402254,arredondamento do artigo,"Placebo: município com atração, célula sem & proporcional & 0,0007 & 0,027 & 0,980 \\",1,OK,artigo_curto
CURTO_C7_PLACEBO_PROP_se,Tabela 4 (CNES),placebo PROP_se,"0,027",output/tema_trabalho/A5_ameacas_c7.json,campo placebo/resultado/proporcional/mar2026_se_gl_fe,0.02693935778282947,arredondamento do artigo,"Placebo: município com atração, célula sem & proporcional & 0,0007 & 0,027 & 0,980 \\",1,OK,artigo_curto
CURTO_C7_PLACEBO_TXT_N,Secao 4,placebo nivel no texto,"0,063",output/tema_trabalho/A5_ameacas_c7.json,campo placebo/resultado/nivel/mar2026_beta,0.0634466191497142,3 casas,"com 0,063 em nível e 0,0007 na escala proporcional",1,OK,artigo_curto
CURTO_C7_PLACEBO_TXT_P,Secao 4,placebo proporcional no texto,"0,0007",output/tema_trabalho/A5_ameacas_c7.json,campo placebo/resultado/proporcional/mar2026_beta,0.0006730906955801468,4 casas,"com 0,063 em nível e 0,0007 na escala proporcional",1,OK,artigo_curto
CURTO_C7_Q_ALPHA,Secao 4,alfa do protocolo,"0,05",output/tema_trabalho/A5_ameacas_c7.json,campo pretendencia_por_curso/multiplicidade/alpha,0.05,2 casas,"só o curso 16 mantém $q$ abaixo de 0,05 na escala proporcional, com 0,0036, enquanto o curso 2 vai a 0,190",1,OK,artigo_curto
CURTO_C7_Q_CURSO16,Secao 4,q BH do curso 16,"0,0036",output/tema_trabalho/A5_ameacas_c7.json,campo pretendencia_por_curso/multiplicidade/q_por_curso/proporcional/16,0.003646645593400793,4 casas,"só o curso 16 mantém $q$ abaixo de 0,05 na escala proporcional, com 0,0036, enquanto o curso 2 vai a 0,190",1,OK,artigo_curto
CURTO_C7_Q_CURSO2,Secao 4,q BH do curso 2,"0,190",output/tema_trabalho/A5_ameacas_c7.json,campo pretendencia_por_curso/multiplicidade/q_por_curso/proporcional/2,0.1900522049331046,3 casas,"só o curso 16 mantém $q$ abaixo de 0,05 na escala proporcional, com 0,0036, enquanto o curso 2 vai a 0,190",1,OK,artigo_curto
CURTO_C7_Q_CURSOS,Secao 4,cursos com q<alfa,16,output/tema_trabalho/A5_ameacas_c7.json,campo pretendencia_por_curso/multiplicidade/cursos_q_lt_0_05_proporcional,[16],lista,"só o curso 16 mantém $q$ abaixo de 0,05 na escala proporcional, com 0,0036, enquanto o curso 2 vai a 0,190",1,OK,artigo_curto
CURTO_C7_REGIONAL_MULTI_TXT_beta,Secao 4,oferta liquida multi-municipio no texto,"0,044",output/tema_trabalho/A5_ameacas_c7.json,campo deslocamento/decomposicao_oferta_liquida/multi_municipio/proporcional/mar2026_beta,0.04423241739492413,3 casas,"das 449 região--curso, 385 contêm um único município do quadro, e nelas o agregado regional é a própria célula; restrito às 64 que de fato agregam mais de um município, o coeficiente é 0,044, com $p$ de 0,547",1,OK,artigo_curto
CURTO_C7_REGIONAL_MULTI_TXT_n,Secao 4,regiao-curso que agregam,64,output/tema_trabalho/A5_ameacas_c7.json,campo deslocamento/decomposicao_oferta_liquida/n_regiao_curso_multi_municipio,64,inteiro,"das 449 região--curso, 385 contêm um único município do quadro, e nelas o agregado regional é a própria célula; restrito às 64 que de fato agregam mais de um município, o coeficiente é 0,044, com $p$ de 0,547",1,OK,artigo_curto
CURTO_C7_REGIONAL_MULTI_TXT_p,Secao 4,p multi-municipio no texto,"0,547",output/tema_trabalho/A5_ameacas_c7.json,campo deslocamento/decomposicao_oferta_liquida/multi_municipio/proporcional/mar2026_p_gl_fe,0.5474586522013783,3 casas,"das 449 região--curso, 385 contêm um único município do quadro, e nelas o agregado regional é a própria célula; restrito às 64 que de fato agregam mais de um município, o coeficiente é 0,044, com $p$ de 0,547",1,OK,artigo_curto
CURTO_C7_REGIONAL_MULTI_beta,Tabela 4 (CNES),"oferta liquida, so multi-municipio: beta","0,044",output/tema_trabalho/A5_ameacas_c7.json,campo deslocamento/decomposicao_oferta_liquida/multi_municipio/proporcional/mar2026_beta,0.04423241739492413,3 casas,"\quad só as que agregam $>$1 município & proporcional & 0,044 & 0,073 & 0,547 \\",1,OK,artigo_curto
CURTO_C7_REGIONAL_MULTI_p,Tabela 4 (CNES),"oferta liquida, so multi-municipio: p","0,547",output/tema_trabalho/A5_ameacas_c7.json,campo deslocamento/decomposicao_oferta_liquida/multi_municipio/proporcional/mar2026_p_gl_fe,0.5474586522013783,3 casas,"\quad só as que agregam $>$1 município & proporcional & 0,044 & 0,073 & 0,547 \\",1,OK,artigo_curto
CURTO_C7_REGIONAL_MULTI_se,Tabela 4 (CNES),"oferta liquida, so multi-municipio: se","0,073",output/tema_trabalho/A5_ameacas_c7.json,campo deslocamento/decomposicao_oferta_liquida/multi_municipio/proporcional/mar2026_se_gl_fe,0.07266638927701528,3 casas,"\quad só as que agregam $>$1 município & proporcional & 0,044 & 0,073 & 0,547 \\",1,OK,artigo_curto
CURTO_C7_REGIONAL_NOTA_MULTI,Tabela 4 (nota),regiao-curso MULTI,64,output/tema_trabalho/A5_ameacas_c7.json,campo deslocamento/decomposicao_oferta_liquida/n_regiao_curso_multi_municipio,64,inteiro,"das 449 região--curso, 385 contêm um único município do quadro, e nelas o agregado regional é a própria célula, de modo que só as 64 restantes distinguem oferta líquida de oferta da célula",1,OK,artigo_curto
CURTO_C7_REGIONAL_NOTA_TOTAL,Tabela 4 (nota),regiao-curso TOTAL,449,output/tema_trabalho/A5_ameacas_c7.json,campo deslocamento/n_regiao_curso,449,inteiro,"das 449 região--curso, 385 contêm um único município do quadro, e nelas o agregado regional é a própria célula, de modo que só as 64 restantes distinguem oferta líquida de oferta da célula",1,OK,artigo_curto
CURTO_C7_REGIONAL_NOTA_UNI,Tabela 4 (nota),regiao-curso UNI,385,output/tema_trabalho/A5_ameacas_c7.json,campo deslocamento/decomposicao_oferta_liquida/n_regiao_curso_um_municipio,385,inteiro,"das 449 região--curso, 385 contêm um único município do quadro, e nelas o agregado regional é a própria célula, de modo que só as 64 restantes distinguem oferta líquida de oferta da célula",1,OK,artigo_curto
CURTO_C7_REGIONAL_TXT_beta,Secao 4,oferta liquida regional no texto,"0,050",output/tema_trabalho/A5_ameacas_c7.json,campo deslocamento/oferta_liquida_regional/proporcional/mar2026_beta,0.050159060504416514,3 casas,"sobe 0,050 log-ponto com $p$ de 0,006 em 173 regiões",1,OK,artigo_curto
CURTO_C7_REGIONAL_TXT_n,Secao 4,regioes,173,output/tema_trabalho/A5_ameacas_c7.json,campo deslocamento/n_regioes,173,inteiro,"sobe 0,050 log-ponto com $p$ de 0,006 em 173 regiões",1,OK,artigo_curto
CURTO_C7_REGIONAL_TXT_p,Secao 4,p regional no texto,"0,006",output/tema_trabalho/A5_ameacas_c7.json,campo deslocamento/oferta_liquida_regional/proporcional/mar2026_p_gl_fe,0.005616636420513955,3 casas,"sobe 0,050 log-ponto com $p$ de 0,006 em 173 regiões",1,OK,artigo_curto
CURTO_C7_REGIONAL_beta,Tabela 4 (CNES),oferta liquida regional beta,"0,050",output/tema_trabalho/A5_ameacas_c7.json,campo deslocamento/oferta_liquida_regional/proporcional/mar2026_beta,0.050159060504416514,3 casas,"Oferta líquida por região--curso & proporcional & 0,050 & 0,018 & 0,006 \\",1,OK,artigo_curto
CURTO_C7_REGIONAL_p,Tabela 4 (CNES),oferta liquida regional p,"0,006",output/tema_trabalho/A5_ameacas_c7.json,campo deslocamento/oferta_liquida_regional/proporcional/mar2026_p_gl_fe,0.005616636420513955,3 casas,"Oferta líquida por região--curso & proporcional & 0,050 & 0,018 & 0,006 \\",1,OK,artigo_curto
CURTO_C7_REGIONAL_se,Tabela 4 (CNES),oferta liquida regional se,"0,018",output/tema_trabalho/A5_ameacas_c7.json,campo deslocamento/oferta_liquida_regional/proporcional/mar2026_se_gl_fe,0.01788412042798026,3 casas,"Oferta líquida por região--curso & proporcional & 0,050 & 0,018 & 0,006 \\",1,OK,artigo_curto
CURTO_C7_TRANSBORDO_beta,Tabela 4 (CNES),transbordo beta,"$-$0,011",output/tema_trabalho/A5_ameacas_c7.json,campo deslocamento/transbordo/proporcional/mar2026_beta,-0.010510960286563557,3 casas,"Transbordo: vizinho da região com atração & proporcional & $-$0,011 & 0,032 & 0,741 \\",1,OK,artigo_curto
CURTO_C7_TRANSBORDO_p,Tabela 4 (CNES),transbordo p,"0,741",output/tema_trabalho/A5_ameacas_c7.json,campo deslocamento/transbordo/proporcional/mar2026_p_gl_fe,0.7409315467763159,3 casas,"Transbordo: vizinho da região com atração & proporcional & $-$0,011 & 0,032 & 0,741 \\",1,OK,artigo_curto
CURTO_C7_TRANSBORDO_se,Tabela 4 (CNES),transbordo se,"0,032",output/tema_trabalho/A5_ameacas_c7.json,campo deslocamento/transbordo/proporcional/mar2026_se_gl_fe,0.031753348972552435,3 casas,"Transbordo: vizinho da região com atração & proporcional & $-$0,011 & 0,032 & 0,741 \\",1,OK,artigo_curto
CURTO_RESUMO_A4,Resumo,contraste metropolitano,"27,9",output/tema_trabalho/A4_tabela_02_modelo_principal_LPM.csv,linha 20; coluna coef,0.2792856656562696,"proporcao x100, 1 casa","é 27,9 pontos percentuais maior em células metropolitanas",1,OK,artigo_curto
CURTO_RESUMO_A5,Resumo,estoque proporcional em marco/2026,"0,068",output/tema_trabalho/A5_estimativas_provimento.json,campo modelos/principal_proporcional_confirmatorio/mar2026_beta,0.06840172350321641,3 casas,"é 0,068 log-ponto maior",1,OK,artigo_curto
CURTO_RESUMO_ATIVO,Resumo,Efeito em presenca ativa no mesmo curso-CNES,"33,3",output/tema_trabalho/A8_tabela_02_estimativas_escore_estrito.csv,linha 11; coluna diferenca,0.3333333333333333,"proporcao x100, 1 casa","em 12 de agosto de 2026, em 33,3 pontos percentuais",1,OK,artigo_curto
CURTO_RESUMO_HOMOLOG,Resumo,Efeito em homologacao no mesmo curso-CNES,"63,9",output/tema_trabalho/A8_tabela_02_estimativas_escore_estrito.csv,linha 10; coluna diferenca,0.6388888888888888,"proporcao x100, 1 casa","elevou a homologação no mesmo curso--CNES em 63,9 pontos percentuais",2,OK,artigo_curto
CURTO_TXT_EMPATES_A,Secao 2.4,empates: presenca ativa,"43,4",output/tema_trabalho/A8_tabela_04_sensibilidade_gap.csv,linha 9; coluna diferenca,0.4342105263157895,"proporcao x100, 1 casa","mostram 64,5 e 43,4 pontos percentuais",1,OK,artigo_curto
CURTO_TXT_EMPATES_H,Secao 2.4,empates: homologacao,"64,5",output/tema_trabalho/A8_tabela_04_sensibilidade_gap.csv,linha 8; coluna diferenca,0.6447368421052632,"proporcao x100, 1 casa","mostram 64,5 e 43,4 pontos percentuais",1,OK,artigo_curto
CURTO_TXT_REP2026_DIF,Secao 2.4,presenca ativa na replicacao,"36,4",output/tema_trabalho/A8_tabela_02_estimativas_escore_estrito.csv,linha 14; coluna diferenca,0.3636363636363636,"proporcao x100, 1 casa","a diferença de presença ativa no mesmo curso--CNES é de 36,4 pontos percentuais, próxima da estimativa de 2025",1,OK,artigo_curto
CURTO_TXT_REP2026_DISC,Secao 2.4,discordantes da replicacao,4,output/tema_trabalho/A8_tabela_02_estimativas_escore_estrito.csv,linha 14; coluna discordantes_favoraveis,4,inteiro,porque há apenas 4 pares discordantes,1,OK,artigo_curto
CURTO_TXT_REP2026_N,Secao 2.1,pares da replicacao,11,output/tema_trabalho/A8_tabela_02_estimativas_escore_estrito.csv,linha 14; coluna n_pares,11,inteiro,"Em 2026, 11 pares atendem ao mesmo critério",1,OK,artigo_curto
CURTO_VAL_REP2026_DISC,Tabela 2 (nota),replicacao 2026: DISC,4,output/tema_trabalho/A8_tabela_02_estimativas_escore_estrito.csv,linha 14; coluna discordantes_favoraveis,4,inteiro,"tem intervalo convencional de 2,5 a 70,3 pontos percentuais e teste exato de 0,125, com 4 pares discordantes",1,OK,artigo_curto
CURTO_VAL_REP2026_IC_HI,Tabela 2 (nota),replicacao 2026: IC_HI,"70,3",output/tema_trabalho/A8_tabela_02_estimativas_escore_estrito.csv,linha 14; coluna ic95_convencional_superior,0.7025808565498983,"proporcao x100, 1 casa","tem intervalo convencional de 2,5 a 70,3 pontos percentuais e teste exato de 0,125, com 4 pares discordantes",1,OK,artigo_curto
CURTO_VAL_REP2026_IC_LO,Tabela 2 (nota),replicacao 2026: IC_LO,"2,5",output/tema_trabalho/A8_tabela_02_estimativas_escore_estrito.csv,linha 14; coluna ic95_convencional_inferior,0.0246918707228289,"proporcao x100, 1 casa","tem intervalo convencional de 2,5 a 70,3 pontos percentuais e teste exato de 0,125, com 4 pares discordantes",1,OK,artigo_curto
CURTO_VAL_REP2026_P,Tabela 2 (nota),replicacao 2026: P,"0,125",output/tema_trabalho/A8_tabela_02_estimativas_escore_estrito.csv,linha 14; coluna p_exato_pareado_bicaudal,0.125,"p exato, 3 casas","tem intervalo convencional de 2,5 a 70,3 pontos percentuais e teste exato de 0,125, com 4 pares discordantes",1,OK,artigo_curto
CURTO_VAL_REP2026_ativo,Tabela 2 (validacao),presenca ativa na replicacao,"36,4",output/tema_trabalho/A8_tabela_02_estimativas_escore_estrito.csv,linha 14; coluna diferenca,0.3636363636363636,"proporcao x100, 1 casa","Replicação & Gap de exatamente 1 ponto, 2026 & 11 & --- & 36,4 \\",1,OK,artigo_curto
CURTO_VAL_REP2026_n,Tabela 2 (validacao),pares da replicacao,11,output/tema_trabalho/A8_tabela_02_estimativas_escore_estrito.csv,linha 14; coluna n_pares,11,inteiro,"Replicação & Gap de exatamente 1 ponto, 2026 & 11 & --- & 36,4 \\",1,OK,artigo_curto
CURTO_VAL_empate_descritivo_nao_causal_ativo,Tabela 2 (validacao),presenca ativa em empate_descritivo_nao_causal,"43,4",output/tema_trabalho/A8_tabela_04_sensibilidade_gap.csv,linha 9; coluna diferenca,0.4342105263157895,"proporcao x100, 1 casa","Descritivo & Empates, 2025 (não causal) & 76 & 64,5 & 43,4 \\",1,OK,artigo_curto
CURTO_VAL_empate_descritivo_nao_causal_homolog,Tabela 2 (validacao),homologacao em empate_descritivo_nao_causal,"64,5",output/tema_trabalho/A8_tabela_04_sensibilidade_gap.csv,linha 8; coluna diferenca,0.6447368421052632,"proporcao x100, 1 casa","Descritivo & Empates, 2025 (não causal) & 76 & 64,5 & 43,4 \\",1,OK,artigo_curto
CURTO_VAL_empate_descritivo_nao_causal_n,Tabela 2 (validacao),pares em empate_descritivo_nao_causal,76,output/tema_trabalho/A8_tabela_04_sensibilidade_gap.csv,linha 8; coluna n_pares,76,inteiro,"Descritivo & Empates, 2025 (não causal) & 76 & 64,5 & 43,4 \\",1,OK,artigo_curto
CURTO_VAL_gap_1_ac_ativo,Tabela 2 (validacao),presenca ativa em gap_1_ac,"33,3",output/tema_trabalho/A8_tabela_04_sensibilidade_gap.csv,linha 3; coluna diferenca,0.3333333333333333,"proporcao x100, 1 casa","Principal & Gap de exatamente 1 ponto, 2025 & 36 & 63,9 & 33,3 \\",1,OK,artigo_curto
CURTO_VAL_gap_1_ac_homolog,Tabela 2 (validacao),homologacao em gap_1_ac,"63,9",output/tema_trabalho/A8_tabela_04_sensibilidade_gap.csv,linha 2; coluna diferenca,0.6388888888888888,"proporcao x100, 1 casa","Principal & Gap de exatamente 1 ponto, 2025 & 36 & 63,9 & 33,3 \\",1,OK,artigo_curto
CURTO_VAL_gap_1_ac_n,Tabela 2 (validacao),pares em gap_1_ac,36,output/tema_trabalho/A8_tabela_04_sensibilidade_gap.csv,linha 2; coluna n_pares,36,inteiro,"Principal & Gap de exatamente 1 ponto, 2025 & 36 & 63,9 & 33,3 \\",1,OK,artigo_curto
CURTO_VAL_gap_positivo_ate_2_ac_ativo,Tabela 2 (validacao),presenca ativa em gap_positivo_ate_2_ac,"35,1",output/tema_trabalho/A8_tabela_04_sensibilidade_gap.csv,linha 5; coluna diferenca,0.3513513513513513,"proporcao x100, 1 casa","Janela & Gap positivo de até 2 pontos, 2025 & 74 & 58,1 & 35,1 \\",1,OK,artigo_curto
CURTO_VAL_gap_positivo_ate_2_ac_homolog,Tabela 2 (validacao),homologacao em gap_positivo_ate_2_ac,"58,1",output/tema_trabalho/A8_tabela_04_sensibilidade_gap.csv,linha 4; coluna diferenca,0.581081081081081,"proporcao x100, 1 casa","Janela & Gap positivo de até 2 pontos, 2025 & 74 & 58,1 & 35,1 \\",1,OK,artigo_curto
CURTO_VAL_gap_positivo_ate_2_ac_n,Tabela 2 (validacao),pares em gap_positivo_ate_2_ac,74,output/tema_trabalho/A8_tabela_04_sensibilidade_gap.csv,linha 4; coluna n_pares,74,inteiro,"Janela & Gap positivo de até 2 pontos, 2025 & 74 & 58,1 & 35,1 \\",1,OK,artigo_curto
CURTO_VAL_placebo_abaixo_gap_1_ac_ativo,Tabela 2 (validacao),presenca ativa em placebo_abaixo_gap_1_ac,"0,0",output/tema_trabalho/A8_tabela_03_placebos_escore_estrito.csv,linha 3; coluna diferenca,0.0,"proporcao x100, 1 casa","Placebo & Imediatamente abaixo do cutoff, 2025 & 30 & $-$3,3 & 0,0 \\",1,OK,artigo_curto
CURTO_VAL_placebo_abaixo_gap_1_ac_homolog,Tabela 2 (validacao),homologacao em placebo_abaixo_gap_1_ac,"$-$3,3",output/tema_trabalho/A8_tabela_03_placebos_escore_estrito.csv,linha 2; coluna diferenca,-0.0333333333333333,"proporcao x100, 1 casa","Placebo & Imediatamente abaixo do cutoff, 2025 & 30 & $-$3,3 & 0,0 \\",1,OK,artigo_curto
CURTO_VAL_placebo_abaixo_gap_1_ac_n,Tabela 2 (validacao),pares em placebo_abaixo_gap_1_ac,30,output/tema_trabalho/A8_tabela_03_placebos_escore_estrito.csv,linha 2; coluna n_pares,30,inteiro,"Placebo & Imediatamente abaixo do cutoff, 2025 & 30 & $-$3,3 & 0,0 \\",1,OK,artigo_curto
CURTO_VAL_placebo_acima_gap_1_ac_ativo,Tabela 2 (validacao),presenca ativa em placebo_acima_gap_1_ac,"$-$20,0",output/tema_trabalho/A8_tabela_03_placebos_escore_estrito.csv,linha 7; coluna diferenca,-0.2,"proporcao x100, 1 casa","Placebo & Imediatamente acima do cutoff, 2025 & 5 & $-$20,0 & $-$20,0 \\",1,OK,artigo_curto
CURTO_VAL_placebo_acima_gap_1_ac_homolog,Tabela 2 (validacao),homologacao em placebo_acima_gap_1_ac,"$-$20,0",output/tema_trabalho/A8_tabela_03_placebos_escore_estrito.csv,linha 6; coluna diferenca,-0.2,"proporcao x100, 1 casa","Placebo & Imediatamente acima do cutoff, 2025 & 5 & $-$20,0 & $-$20,0 \\",1,OK,artigo_curto
CURTO_VAL_placebo_acima_gap_1_ac_n,Tabela 2 (validacao),pares em placebo_acima_gap_1_ac,5,output/tema_trabalho/A8_tabela_03_placebos_escore_estrito.csv,linha 6; coluna n_pares,5,inteiro,"Placebo & Imediatamente acima do cutoff, 2025 & 5 & $-$20,0 & $-$20,0 \\",1,OK,artigo_curto
CURTO_VAL_qualquer_gap_positivo_ac_ativo,Tabela 2 (validacao),presenca ativa em qualquer_gap_positivo_ac,"36,0",output/tema_trabalho/A8_tabela_04_sensibilidade_gap.csv,linha 7; coluna diferenca,0.36,"proporcao x100, 1 casa","Janela & Qualquer gap positivo, 2025 & 100 & 58,0 & 36,0 \\",1,OK,artigo_curto
CURTO_VAL_qualquer_gap_positivo_ac_homolog,Tabela 2 (validacao),homologacao em qualquer_gap_positivo_ac,"58,0",output/tema_trabalho/A8_tabela_04_sensibilidade_gap.csv,linha 6; coluna diferenca,0.58,"proporcao x100, 1 casa","Janela & Qualquer gap positivo, 2025 & 100 & 58,0 & 36,0 \\",1,OK,artigo_curto
CURTO_VAL_qualquer_gap_positivo_ac_n,Tabela 2 (validacao),pares em qualquer_gap_positivo_ac,100,output/tema_trabalho/A8_tabela_04_sensibilidade_gap.csv,linha 6; coluna n_pares,100,inteiro,"Janela & Qualquer gap positivo, 2025 & 100 & 58,0 & 36,0 \\",1,OK,artigo_curto
REUSO_A4_TAB_CONFIRMACAO_dif,Tabela A1 (gradiente territorial descritivo),"Tabela A1 (gradiente territorial descritivo): celula 'dif' da linha {'termo': 'estrato_metropolitano', 'outcome_estagio': 'alguma_confirmacao'}","27,0",output/tema_trabalho/A4_tabela_02c_confirmacao_homologacao.csv,linha 20; coluna coef,0.2702016383697743,"proporcao x100, 1 casa","Apenas confirmação & 27,0 & 5,7 \\",1,OK,conferidor_principal
REUSO_A4_TAB_CONFIRMACAO_ep,Tabela A1 (gradiente territorial descritivo),"Tabela A1 (gradiente territorial descritivo): celula 'ep' da linha {'termo': 'estrato_metropolitano', 'outcome_estagio': 'alguma_confirmacao'}","5,7",output/tema_trabalho/A4_tabela_02c_confirmacao_homologacao.csv,linha 20; coluna se_cluster,0.0574748408182991,"proporcao x100, 1 casa","Apenas confirmação & 27,0 & 5,7 \\",1,OK,conferidor_principal
REUSO_A4_TAB_FULL_dif,Tabela A1 (gradiente territorial descritivo),Tabela A1 (gradiente territorial descritivo): celula 'dif' da linha {'termo': 'estrato_metropolitano'},"20,9",output/tema_trabalho/A4_tabela_03b_ajuste_completo.csv,linha 21; coluna coef,0.2085285439175969,"proporcao x100, 1 casa","Ajuste completo & 20,9 & 7,8 \\",1,OK,conferidor_principal
REUSO_A4_TAB_FULL_ep,Tabela A1 (gradiente territorial descritivo),Tabela A1 (gradiente territorial descritivo): celula 'ep' da linha {'termo': 'estrato_metropolitano'},"7,8",output/tema_trabalho/A4_tabela_03b_ajuste_completo.csv,linha 21; coluna se_cluster,0.0783762601125027,"proporcao x100, 1 casa","Ajuste completo & 20,9 & 7,8 \\",1,OK,conferidor_principal
REUSO_A4_TAB_HOMOLOGACAO_dif,Tabela A1 (gradiente territorial descritivo),"Tabela A1 (gradiente territorial descritivo): celula 'dif' da linha {'termo': 'estrato_metropolitano', 'outcome_estagio': 'alguma_homologacao'}","23,8",output/tema_trabalho/A4_tabela_02c_confirmacao_homologacao.csv,linha 62; coluna coef,0.2381135523812536,"proporcao x100, 1 casa","Apenas homologação & 23,8 & 4,8 \\",1,OK,conferidor_principal
REUSO_A4_TAB_HOMOLOGACAO_ep,Tabela A1 (gradiente territorial descritivo),"Tabela A1 (gradiente territorial descritivo): celula 'ep' da linha {'termo': 'estrato_metropolitano', 'outcome_estagio': 'alguma_homologacao'}","4,8",output/tema_trabalho/A4_tabela_02c_confirmacao_homologacao.csv,linha 62; coluna se_cluster,0.0480226534766989,"proporcao x100, 1 casa","Apenas homologação & 23,8 & 4,8 \\",1,OK,conferidor_principal
REUSO_A4_TAB_LOGIT_dif,Tabela A1 (gradiente territorial descritivo),Tabela A1 (gradiente territorial descritivo): celula 'dif' da linha {'termo': 'estrato_metropolitano'},"25,1",output/tema_trabalho/A4_tabela_02b_logit_AME.csv,linha 19; coluna ame,0.2512735404571222,"proporcao x100, 1 casa","Logit, efeito marginal médio & 25,1 & 5,2 \\",1,OK,conferidor_principal
REUSO_A4_TAB_LOGIT_ep,Tabela A1 (gradiente territorial descritivo),Tabela A1 (gradiente territorial descritivo): celula 'ep' da linha {'termo': 'estrato_metropolitano'},"5,2",output/tema_trabalho/A4_tabela_02b_logit_AME.csv,linha 19; coluna se_ame,0.0523920239060921,"proporcao x100, 1 casa","Logit, efeito marginal médio & 25,1 & 5,2 \\",1,OK,conferidor_principal
REUSO_A4_TAB_LPM_dif,Tabela A1 (gradiente territorial descritivo),Tabela A1 (gradiente territorial descritivo): celula 'dif' da linha {'termo': 'estrato_metropolitano'},"27,9",output/tema_trabalho/A4_tabela_02_modelo_principal_LPM.csv,linha 20; coluna coef,0.2792856656562696,"proporcao x100, 1 casa","Modelo linear pré-especificado & 27,9 & 5,9 \\",1,OK,conferidor_principal
REUSO_A4_TAB_LPM_ep,Tabela A1 (gradiente territorial descritivo),Tabela A1 (gradiente territorial descritivo): celula 'ep' da linha {'termo': 'estrato_metropolitano'},"5,9",output/tema_trabalho/A4_tabela_02_modelo_principal_LPM.csv,linha 20; coluna se_cluster,0.0585504120958684,"proporcao x100, 1 casa","Modelo linear pré-especificado & 27,9 & 5,9 \\",1,OK,conferidor_principal
REUSO_A4_TAB_MUNCURSO_dif,Tabela A1 (gradiente territorial descritivo),Tabela A1 (gradiente territorial descritivo): celula 'dif' da linha {'termo': 'estrato_metropolitano'},"31,6",output/tema_trabalho/A4_tabela_02d_municipio_curso.csv,linha 20; coluna coef,0.3155423406518425,"proporcao x100, 1 casa","Unidade município--curso & 31,6 & 5,8 \\",1,OK,conferidor_principal
REUSO_A4_TAB_MUNCURSO_ep,Tabela A1 (gradiente territorial descritivo),Tabela A1 (gradiente territorial descritivo): celula 'ep' da linha {'termo': 'estrato_metropolitano'},"5,8",output/tema_trabalho/A4_tabela_02d_municipio_curso.csv,linha 20; coluna se_cluster,0.0584152645637367,"proporcao x100, 1 casa","Unidade município--curso & 31,6 & 5,8 \\",1,OK,conferidor_principal
REUSO_A4_TXT_B_WILD,Apendice A,Replicacoes do wild cluster bootstrap,1.999,output/tema_trabalho/A4_estimativas_atracao.json,campo inferencia_wild_cluster_bootstrap/b_replicacoes,1999,inteiro com separador de milhar,por município e 1.999 replicações,1,OK,conferidor_principal
REUSO_A4_TXT_CAPITAL,Apendice A,Contraste capital x interior remoto,"32,6",output/tema_trabalho/A4_tabela_02_modelo_principal_LPM.csv,linha 18; coluna coef,0.3264038045413463,"proporcao x100, 1 casa","diferenças positivas em relação ao interior remoto, de 32,6 e 12,1 pontos percentuais",1,OK,conferidor_principal
REUSO_A4_TXT_FULL_COEF,Apendice A,Contraste metropolitano no ajuste completo,"20,9",output/tema_trabalho/A4_tabela_03b_ajuste_completo.csv,linha 21; coluna coef,0.2085285439175969,"proporcao x100, 1 casa","o contraste metropolitano permanece em 20,9 pontos percentuais, com $p$ de 0,008 e valor $q$ de 0,023 após correção FDR entre estratos",1,OK,conferidor_principal
REUSO_A4_TXT_FULL_P,Apendice A,p-valor do contraste metropolitano ajustado,"0,008",output/tema_trabalho/A4_tabela_03b_ajuste_completo.csv,linha 21; coluna p_valor,0.0077999591863019,3 casas,"o contraste metropolitano permanece em 20,9 pontos percentuais, com $p$ de 0,008 e valor $q$ de 0,023 após correção FDR entre estratos",1,OK,conferidor_principal
REUSO_A4_TXT_FULL_Q,Apendice A,q FDR do contraste metropolitano ajustado,"0,023",output/tema_trabalho/A4_tabela_03b_ajuste_completo.csv,linha 21; coluna q_fdr_estrato,0.0233998775589058,3 casas,"o contraste metropolitano permanece em 20,9 pontos percentuais, com $p$ de 0,008 e valor $q$ de 0,023 após correção FDR entre estratos",1,OK,conferidor_principal
REUSO_A4_TXT_INTERIOR,Apendice A,Contraste interior proximo x interior remoto,"12,1",output/tema_trabalho/A4_tabela_02_modelo_principal_LPM.csv,linha 19; coluna coef,0.1206500170023402,"proporcao x100, 1 casa","diferenças positivas em relação ao interior remoto, de 32,6 e 12,1 pontos percentuais",1,OK,conferidor_principal
REUSO_A4_TXT_NOTA_TABELA,Tabela A1,Celulas e municipios na nota da tabela,1.295,output/tema_trabalho/A4_tabela_02_modelo_principal_LPM.csv,linha 20; coluna n,1295,inteiro com separador de milhar,\textit{Nota:} 1.295 células e 368 municípios,1,OK,conferidor_principal
REUSO_A4_TXT_N_ATRACAO,Apendice A,Celulas com atracao realizada,393,output/tema_trabalho/A4_tabela_02_modelo_principal_LPM.csv,linha 20; coluna outcome_medio e linha 20; coluna n,0.3034749034749034 x 1295,"outcome_medio x n, arredondado",Houve atração em 393 células,1,OK,conferidor_principal
REUSO_A4_TXT_N_CELULAS,Apendice A,Celulas CNES--curso da coorte A4,1.295,output/tema_trabalho/A4_tabela_02_modelo_principal_LPM.csv,linha 20; coluna n,1295,inteiro com separador de milhar,A coorte contém as 1.295 células CNES--curso do quadro da primeira chamada,1,OK,conferidor_principal
REUSO_A4_TXT_N_MUNICIPIOS,Apendice A,Municipios da coorte A4,368,output/tema_trabalho/A4_tabela_02_modelo_principal_LPM.csv,linha 20; coluna n_clusters,368,inteiro,"do quadro da primeira chamada, em 368 municípios",1,OK,conferidor_principal
REUSO_A4_TXT_TAXA,Apendice A,Proporcao de celulas com atracao realizada,"30,3",output/tema_trabalho/A4_tabela_02_modelo_principal_LPM.csv,linha 20; coluna outcome_medio,0.3034749034749034,"proporcao x100, 1 casa","células, ou 30,3\% do total",1,OK,conferidor_principal
REUSO_A5_TXT_AMOSTRA,Apendice B,Celulas e municipios da amostra confirmatoria,587 e 295,output/tema_trabalho/A5_estimativas_provimento.json,campo modelos/principal_dinamico_confirmatorio/n_celulas e campo modelos/principal_dinamico_confirmatorio/n_clusters,587; 295,inteiros,A amostra confirmatória tem 587 células em 295 municípios,1,OK,conferidor_principal
REUSO_A5_TXT_LOO14_BETA,Apendice B,Nivel sem o curso de radiologia,"0,20",output/tema_trabalho/A5_tabela_09_leave_one_curso_evento.csv,linha 22; coluna beta,0.2001726463570376,2 casas,"cai para 0,20, com $p$ de 0,366, e ao restringir aos oito cursos cuja correspondência com o CBO é estritamente unívoca cai para 0,12, com $p$ de 0,608",1,OK,conferidor_principal
REUSO_A5_TXT_LOO14_P,Apendice B,p-valor em nivel sem radiologia,"0,366",output/tema_trabalho/A5_tabela_09_leave_one_curso_evento.csv,linha 22; coluna p_valor,0.3662063400187639,3 casas,"cai para 0,20, com $p$ de 0,366, e ao restringir aos oito cursos cuja correspondência com o CBO é estritamente unívoca cai para 0,12, com $p$ de 0,608",1,OK,conferidor_principal
REUSO_A5_TXT_LOO8_BETA,Apendice B,Nivel nos oito cursos estritos,"0,12",output/tema_trabalho/A5_tabela_09_leave_one_curso_evento.csv,linha 25; coluna beta,0.1212161082587124,2 casas,"cai para 0,20, com $p$ de 0,366, e ao restringir aos oito cursos cuja correspondência com o CBO é estritamente unívoca cai para 0,12, com $p$ de 0,608",1,OK,conferidor_principal
REUSO_A5_TXT_LOO8_P,Apendice B,p-valor em nivel nos oito estritos,"0,608",output/tema_trabalho/A5_tabela_09_leave_one_curso_evento.csv,linha 25; coluna p_valor,0.6078994613289195,3 casas,"cai para 0,20, com $p$ de 0,366, e ao restringir aos oito cursos cuja correspondência com o CBO é estritamente unívoca cai para 0,12, com $p$ de 0,608",1,OK,conferidor_principal
REUSO_A5_TXT_MAR_BETA,Apendice B,Diferenca em nivel em marco de 2026,"0,50",output/tema_trabalho/A5_tabela_07_estudo_evento_atracao.csv,linha 23; coluna beta,0.5001997255486577,2 casas,"em nível é 0,50 profissional por célula, com erro-padrão de 0,23 e $p$ de 0,033",1,OK,conferidor_principal
REUSO_A5_TXT_MAR_P,Apendice B,p-valor da diferenca em nivel,"0,033",output/tema_trabalho/A5_tabela_07_estudo_evento_atracao.csv,linha 23; coluna p_valor,0.0333827608956619,3 casas,"em nível é 0,50 profissional por célula, com erro-padrão de 0,23 e $p$ de 0,033",1,OK,conferidor_principal
REUSO_A5_TXT_MAR_SE,Apendice B,Erro-padrao da diferenca em nivel,"0,23",output/tema_trabalho/A5_tabela_07_estudo_evento_atracao.csv,linha 23; coluna se_cluster,0.2340124350208941,2 casas,"em nível é 0,50 profissional por célula, com erro-padrão de 0,23 e $p$ de 0,033",1,OK,conferidor_principal
REUSO_A5_TXT_PLOO14,Apendice B,Proporcional sem o curso de radiologia,"0,059",output/tema_trabalho/A5_tabela_09_leave_one_curso_evento.csv,linha 10; coluna beta,0.0591828213325006,3 casas,"0,059 sem o curso de radiologia e 0,057 nos oito cursos estritos",1,OK,conferidor_principal
REUSO_A5_TXT_PLOO8,Apendice B,Proporcional nos oito cursos estritos,"0,057",output/tema_trabalho/A5_tabela_09_leave_one_curso_evento.csv,linha 13; coluna beta,0.0569952244896738,3 casas,"0,059 sem o curso de radiologia e 0,057 nos oito cursos estritos",1,OK,conferidor_principal
REUSO_A5_TXT_PRE_F,Apendice B,Teste conjunto pre-referencia na escala proporcional,"0,63",output/tema_trabalho/A5_estimativas_provimento.json,campo modelos/principal_proporcional_confirmatorio/pre_F,0.633341655542664,2 casas,"com $F$ de 0,63 e $p$ de 0,813",1,OK,conferidor_principal
REUSO_A5_TXT_PRE_P,Apendice B,p-valor do teste conjunto pre-referencia proporcional,"0,813",output/tema_trabalho/A5_estimativas_provimento.json,campo modelos/principal_proporcional_confirmatorio/pre_p,0.8133080013325527,3 casas,"com $F$ de 0,63 e $p$ de 0,813",1,OK,conferidor_principal
REUSO_A5_TXT_PROP_BETA,Apendice B,Diferenca proporcional em marco de 2026,"0,068",output/tema_trabalho/A5_estimativas_provimento.json,campo modelos/principal_proporcional_confirmatorio/mar2026_beta,0.06840172350321641,3 casas,"é de 0,068 log-ponto por célula, com erro-padrão de 0,018 e $p$ inferior a 0,001",1,OK,conferidor_principal
REUSO_A5_TXT_PROP_SE,Apendice B,Erro-padrao da diferenca proporcional,"0,018",output/tema_trabalho/A5_estimativas_provimento.json,campo modelos/principal_proporcional_confirmatorio/mar2026_se,0.018135229463974247,3 casas,"é de 0,068 log-ponto por célula, com erro-padrão de 0,018 e $p$ inferior a 0,001",1,OK,conferidor_principal
REUSO_A5_TXT_REF_BETA,Apendice B,Nivel contra a media dos doze meses pre,"0,41",output/tema_trabalho/A5_tabela_10_sensibilidade_referencia.csv,linha 30; coluna beta,0.4050517894516141,2 casas,"é 0,41 com $p$ de 0,174",1,OK,conferidor_principal
REUSO_A5_TXT_REF_P,Apendice B,p-valor contra a media dos doze meses pre,"0,174",output/tema_trabalho/A5_tabela_10_sensibilidade_referencia.csv,linha 30; coluna p_valor,0.1738846135016162,3 casas,"é 0,41 com $p$ de 0,174",1,OK,conferidor_principal
REUSO_A8_CONCLUSAO_ATIVO,Secao 7,Diferenca de presenca ativa na conclusao,"33,3",output/tema_trabalho/A8_tabela_02_estimativas_escore_estrito.csv,linha 11; coluna diferenca,0.3333333333333333,"proporcao x100, 1 casa","curso--CNES em 63,9 pontos percentuais e a presença ativa posterior naquele mesmo curso--CNES em 33,3 pontos percentuais",1,OK,conferidor_principal
REUSO_A8_CONCLUSAO_HOMOLOG,Secao 7,Diferenca de homologacao na conclusao,"63,9",output/tema_trabalho/A8_tabela_02_estimativas_escore_estrito.csv,linha 10; coluna diferenca,0.6388888888888888,"proporcao x100, 1 casa","curso--CNES em 63,9 pontos percentuais e a presença ativa posterior naquele mesmo curso--CNES em 33,3 pontos percentuais",1,OK,conferidor_principal
REUSO_A8_PRINCIPAL_ATIVO_LOCAL_abaixo,Tabela 2 (resultado principal de 2025),"Tabela 2 (resultado principal de 2025): celula 'abaixo' da linha {'ciclo_chamada': '2025_C1_CH1_E_CH2', 'amostra': 'gap_1_ac', 'desfecho': 'ativo_mesma_celula_snapshot'}","8,3",output/tema_trabalho/A8_tabela_02_estimativas_escore_estrito.csv,linha 11; coluna media_abaixo,0.0833333333333333,"proporcao x100, 1 casa","Ativo no mesmo curso--CNES & 41,7 & 8,3 & 33,3 & 9,8 & [13,5; 53,1] & 0,0042 \\",1,OK,conferidor_principal
REUSO_A8_PRINCIPAL_ATIVO_LOCAL_acima,Tabela 2 (resultado principal de 2025),"Tabela 2 (resultado principal de 2025): celula 'acima' da linha {'ciclo_chamada': '2025_C1_CH1_E_CH2', 'amostra': 'gap_1_ac', 'desfecho': 'ativo_mesma_celula_snapshot'}","41,7",output/tema_trabalho/A8_tabela_02_estimativas_escore_estrito.csv,linha 11; coluna media_acima,0.4166666666666667,"proporcao x100, 1 casa","Ativo no mesmo curso--CNES & 41,7 & 8,3 & 33,3 & 9,8 & [13,5; 53,1] & 0,0042 \\",1,OK,conferidor_principal
REUSO_A8_PRINCIPAL_ATIVO_LOCAL_dif,Tabela 2 (resultado principal de 2025),"Tabela 2 (resultado principal de 2025): celula 'dif' da linha {'ciclo_chamada': '2025_C1_CH1_E_CH2', 'amostra': 'gap_1_ac', 'desfecho': 'ativo_mesma_celula_snapshot'}","33,3",output/tema_trabalho/A8_tabela_02_estimativas_escore_estrito.csv,linha 11; coluna diferenca,0.3333333333333333,"proporcao x100, 1 casa","Ativo no mesmo curso--CNES & 41,7 & 8,3 & 33,3 & 9,8 & [13,5; 53,1] & 0,0042 \\",1,OK,conferidor_principal
REUSO_A8_PRINCIPAL_ATIVO_LOCAL_ep,Tabela 2 (resultado principal de 2025),"Tabela 2 (resultado principal de 2025): celula 'ep' da linha {'ciclo_chamada': '2025_C1_CH1_E_CH2', 'amostra': 'gap_1_ac', 'desfecho': 'ativo_mesma_celula_snapshot'}","9,8",output/tema_trabalho/A8_tabela_02_estimativas_escore_estrito.csv,linha 11; coluna erro_padrao_pareado,0.0975900072948533,"proporcao x100, 1 casa","Ativo no mesmo curso--CNES & 41,7 & 8,3 & 33,3 & 9,8 & [13,5; 53,1] & 0,0042 \\",1,OK,conferidor_principal
REUSO_A8_PRINCIPAL_ATIVO_LOCAL_hi,Tabela 2 (resultado principal de 2025),"Tabela 2 (resultado principal de 2025): celula 'hi' da linha {'ciclo_chamada': '2025_C1_CH1_E_CH2', 'amostra': 'gap_1_ac', 'desfecho': 'ativo_mesma_celula_snapshot'}","53,1",output/tema_trabalho/A8_tabela_02_estimativas_escore_estrito.csv,linha 11; coluna ic95_convencional_superior,0.5314515808606238,"proporcao x100, 1 casa","Ativo no mesmo curso--CNES & 41,7 & 8,3 & 33,3 & 9,8 & [13,5; 53,1] & 0,0042 \\",1,OK,conferidor_principal
REUSO_A8_PRINCIPAL_ATIVO_LOCAL_lo,Tabela 2 (resultado principal de 2025),"Tabela 2 (resultado principal de 2025): celula 'lo' da linha {'ciclo_chamada': '2025_C1_CH1_E_CH2', 'amostra': 'gap_1_ac', 'desfecho': 'ativo_mesma_celula_snapshot'}","13,5",output/tema_trabalho/A8_tabela_02_estimativas_escore_estrito.csv,linha 11; coluna ic95_convencional_inferior,0.1352150858060427,"proporcao x100, 1 casa","Ativo no mesmo curso--CNES & 41,7 & 8,3 & 33,3 & 9,8 & [13,5; 53,1] & 0,0042 \\",1,OK,conferidor_principal
REUSO_A8_PRINCIPAL_ATIVO_LOCAL_p,Tabela 2 (resultado principal de 2025),"Tabela 2 (resultado principal de 2025): celula 'p' da linha {'ciclo_chamada': '2025_C1_CH1_E_CH2', 'amostra': 'gap_1_ac', 'desfecho': 'ativo_mesma_celula_snapshot'}","0,0042",output/tema_trabalho/A8_tabela_02_estimativas_escore_estrito.csv,linha 11; coluna p_exato_pareado_bicaudal,0.004180908203125,p exato com 4 casas,"Ativo no mesmo curso--CNES & 41,7 & 8,3 & 33,3 & 9,8 & [13,5; 53,1] & 0,0042 \\",1,OK,conferidor_principal
REUSO_A8_PRINCIPAL_ATIVO_QUALQUER_abaixo,Tabela 2 (resultado principal de 2025),"Tabela 2 (resultado principal de 2025): celula 'abaixo' da linha {'ciclo_chamada': '2025_C1_CH1_E_CH2', 'amostra': 'gap_1_ac', 'desfecho': 'ativo_qualquer_local_snapshot'}","16,7",output/tema_trabalho/A8_tabela_02_estimativas_escore_estrito.csv,linha 13; coluna media_abaixo,0.1666666666666666,"proporcao x100, 1 casa","Ativo em qualquer local & 50,0 & 16,7 & 33,3 & 12,0 & [9,1; 57,6] & 0,0169 \\",1,OK,conferidor_principal
REUSO_A8_PRINCIPAL_ATIVO_QUALQUER_acima,Tabela 2 (resultado principal de 2025),"Tabela 2 (resultado principal de 2025): celula 'acima' da linha {'ciclo_chamada': '2025_C1_CH1_E_CH2', 'amostra': 'gap_1_ac', 'desfecho': 'ativo_qualquer_local_snapshot'}","50,0",output/tema_trabalho/A8_tabela_02_estimativas_escore_estrito.csv,linha 13; coluna media_acima,0.5,"proporcao x100, 1 casa","Ativo em qualquer local & 50,0 & 16,7 & 33,3 & 12,0 & [9,1; 57,6] & 0,0169 \\",1,OK,conferidor_principal
REUSO_A8_PRINCIPAL_ATIVO_QUALQUER_dif,Tabela 2 (resultado principal de 2025),"Tabela 2 (resultado principal de 2025): celula 'dif' da linha {'ciclo_chamada': '2025_C1_CH1_E_CH2', 'amostra': 'gap_1_ac', 'desfecho': 'ativo_qualquer_local_snapshot'}","33,3",output/tema_trabalho/A8_tabela_02_estimativas_escore_estrito.csv,linha 13; coluna diferenca,0.3333333333333333,"proporcao x100, 1 casa","Ativo em qualquer local & 50,0 & 16,7 & 33,3 & 12,0 & [9,1; 57,6] & 0,0169 \\",1,OK,conferidor_principal
REUSO_A8_PRINCIPAL_ATIVO_QUALQUER_ep,Tabela 2 (resultado principal de 2025),"Tabela 2 (resultado principal de 2025): celula 'ep' da linha {'ciclo_chamada': '2025_C1_CH1_E_CH2', 'amostra': 'gap_1_ac', 'desfecho': 'ativo_qualquer_local_snapshot'}","12,0",output/tema_trabalho/A8_tabela_02_estimativas_escore_estrito.csv,linha 13; coluna erro_padrao_pareado,0.1195228609334393,"proporcao x100, 1 casa","Ativo em qualquer local & 50,0 & 16,7 & 33,3 & 12,0 & [9,1; 57,6] & 0,0169 \\",1,OK,conferidor_principal
REUSO_A8_PRINCIPAL_ATIVO_QUALQUER_hi,Tabela 2 (resultado principal de 2025),"Tabela 2 (resultado principal de 2025): celula 'hi' da linha {'ciclo_chamada': '2025_C1_CH1_E_CH2', 'amostra': 'gap_1_ac', 'desfecho': 'ativo_qualquer_local_snapshot'}","57,6",output/tema_trabalho/A8_tabela_02_estimativas_escore_estrito.csv,linha 13; coluna ic95_convencional_superior,0.5759776409214717,"proporcao x100, 1 casa","Ativo em qualquer local & 50,0 & 16,7 & 33,3 & 12,0 & [9,1; 57,6] & 0,0169 \\",1,OK,conferidor_principal
REUSO_A8_PRINCIPAL_ATIVO_QUALQUER_lo,Tabela 2 (resultado principal de 2025),"Tabela 2 (resultado principal de 2025): celula 'lo' da linha {'ciclo_chamada': '2025_C1_CH1_E_CH2', 'amostra': 'gap_1_ac', 'desfecho': 'ativo_qualquer_local_snapshot'}","9,1",output/tema_trabalho/A8_tabela_02_estimativas_escore_estrito.csv,linha 13; coluna ic95_convencional_inferior,0.0906890257451949,"proporcao x100, 1 casa","Ativo em qualquer local & 50,0 & 16,7 & 33,3 & 12,0 & [9,1; 57,6] & 0,0169 \\",1,OK,conferidor_principal
REUSO_A8_PRINCIPAL_ATIVO_QUALQUER_p,Tabela 2 (resultado principal de 2025),"Tabela 2 (resultado principal de 2025): celula 'p' da linha {'ciclo_chamada': '2025_C1_CH1_E_CH2', 'amostra': 'gap_1_ac', 'desfecho': 'ativo_qualquer_local_snapshot'}","0,0169",output/tema_trabalho/A8_tabela_02_estimativas_escore_estrito.csv,linha 13; coluna p_exato_pareado_bicaudal,0.0169005393981933,p exato com 4 casas,"Ativo em qualquer local & 50,0 & 16,7 & 33,3 & 12,0 & [9,1; 57,6] & 0,0169 \\",1,OK,conferidor_principal
REUSO_A8_PRINCIPAL_HOMOLOG_LOCAL_abaixo,Tabela 2 (resultado principal de 2025),"Tabela 2 (resultado principal de 2025): celula 'abaixo' da linha {'ciclo_chamada': '2025_C1_CH1_E_CH2', 'amostra': 'gap_1_ac', 'desfecho': 'homologacao_mesma_celula'}","0,0",output/tema_trabalho/A8_tabela_02_estimativas_escore_estrito.csv,linha 10; coluna media_abaixo,0.0,"proporcao x100, 1 casa","Homologação no mesmo curso--CNES & 63,9 & 0,0 & 63,9 & 8,1 & [47,4; 80,4] & $<$0,000001 \\",1,OK,conferidor_principal
REUSO_A8_PRINCIPAL_HOMOLOG_LOCAL_acima,Tabela 2 (resultado principal de 2025),"Tabela 2 (resultado principal de 2025): celula 'acima' da linha {'ciclo_chamada': '2025_C1_CH1_E_CH2', 'amostra': 'gap_1_ac', 'desfecho': 'homologacao_mesma_celula'}","63,9",output/tema_trabalho/A8_tabela_02_estimativas_escore_estrito.csv,linha 10; coluna media_acima,0.6388888888888888,"proporcao x100, 1 casa","Homologação no mesmo curso--CNES & 63,9 & 0,0 & 63,9 & 8,1 & [47,4; 80,4] & $<$0,000001 \\",1,OK,conferidor_principal
REUSO_A8_PRINCIPAL_HOMOLOG_LOCAL_dif,Tabela 2 (resultado principal de 2025),"Tabela 2 (resultado principal de 2025): celula 'dif' da linha {'ciclo_chamada': '2025_C1_CH1_E_CH2', 'amostra': 'gap_1_ac', 'desfecho': 'homologacao_mesma_celula'}","63,9",output/tema_trabalho/A8_tabela_02_estimativas_escore_estrito.csv,linha 10; coluna diferenca,0.6388888888888888,"proporcao x100, 1 casa","Homologação no mesmo curso--CNES & 63,9 & 0,0 & 63,9 & 8,1 & [47,4; 80,4] & $<$0,000001 \\",1,OK,conferidor_principal
REUSO_A8_PRINCIPAL_HOMOLOG_LOCAL_ep,Tabela 2 (resultado principal de 2025),"Tabela 2 (resultado principal de 2025): celula 'ep' da linha {'ciclo_chamada': '2025_C1_CH1_E_CH2', 'amostra': 'gap_1_ac', 'desfecho': 'homologacao_mesma_celula'}","8,1",output/tema_trabalho/A8_tabela_02_estimativas_escore_estrito.csv,linha 10; coluna erro_padrao_pareado,0.0811893512622032,"proporcao x100, 1 casa","Homologação no mesmo curso--CNES & 63,9 & 0,0 & 63,9 & 8,1 & [47,4; 80,4] & $<$0,000001 \\",1,OK,conferidor_principal
REUSO_A8_PRINCIPAL_HOMOLOG_LOCAL_hi,Tabela 2 (resultado principal de 2025),"Tabela 2 (resultado principal de 2025): celula 'hi' da linha {'ciclo_chamada': '2025_C1_CH1_E_CH2', 'amostra': 'gap_1_ac', 'desfecho': 'homologacao_mesma_celula'}","80,4",output/tema_trabalho/A8_tabela_02_estimativas_escore_estrito.csv,linha 10; coluna ic95_convencional_superior,0.8037120345757897,"proporcao x100, 1 casa","Homologação no mesmo curso--CNES & 63,9 & 0,0 & 63,9 & 8,1 & [47,4; 80,4] & $<$0,000001 \\",1,OK,conferidor_principal
REUSO_A8_PRINCIPAL_HOMOLOG_LOCAL_lo,Tabela 2 (resultado principal de 2025),"Tabela 2 (resultado principal de 2025): celula 'lo' da linha {'ciclo_chamada': '2025_C1_CH1_E_CH2', 'amostra': 'gap_1_ac', 'desfecho': 'homologacao_mesma_celula'}","47,4",output/tema_trabalho/A8_tabela_02_estimativas_escore_estrito.csv,linha 10; coluna ic95_convencional_inferior,0.474065743201988,"proporcao x100, 1 casa","Homologação no mesmo curso--CNES & 63,9 & 0,0 & 63,9 & 8,1 & [47,4; 80,4] & $<$0,000001 \\",1,OK,conferidor_principal
REUSO_A8_PRINCIPAL_HOMOLOG_LOCAL_p,Tabela 2 (resultado principal de 2025),"Tabela 2 (resultado principal de 2025): celula 'p' da linha {'ciclo_chamada': '2025_C1_CH1_E_CH2', 'amostra': 'gap_1_ac', 'desfecho': 'homologacao_mesma_celula'}","$<$0,000001",output/tema_trabalho/A8_tabela_02_estimativas_escore_estrito.csv,linha 10; coluna p_exato_pareado_bicaudal,2.384185791015625e-07,"p exato < 1e-6 reportado como '$<$0,000001'","Homologação no mesmo curso--CNES & 63,9 & 0,0 & 63,9 & 8,1 & [47,4; 80,4] & $<$0,000001 \\",1,OK,conferidor_principal
REUSO_A8_PRINCIPAL_HOMOLOG_QUALQUER_abaixo,Tabela 2 (resultado principal de 2025),"Tabela 2 (resultado principal de 2025): celula 'abaixo' da linha {'ciclo_chamada': '2025_C1_CH1_E_CH2', 'amostra': 'gap_1_ac', 'desfecho': 'homologacao_qualquer_local'}","5,6",output/tema_trabalho/A8_tabela_02_estimativas_escore_estrito.csv,linha 12; coluna media_abaixo,0.0555555555555555,"proporcao x100, 1 casa","Homologação em qualquer local & 63,9 & 5,6 & 58,3 & 9,2 & [39,6; 77,1] & 0,0000057 \\",1,OK,conferidor_principal
REUSO_A8_PRINCIPAL_HOMOLOG_QUALQUER_acima,Tabela 2 (resultado principal de 2025),"Tabela 2 (resultado principal de 2025): celula 'acima' da linha {'ciclo_chamada': '2025_C1_CH1_E_CH2', 'amostra': 'gap_1_ac', 'desfecho': 'homologacao_qualquer_local'}","63,9",output/tema_trabalho/A8_tabela_02_estimativas_escore_estrito.csv,linha 12; coluna media_acima,0.6388888888888888,"proporcao x100, 1 casa","Homologação em qualquer local & 63,9 & 5,6 & 58,3 & 9,2 & [39,6; 77,1] & 0,0000057 \\",1,OK,conferidor_principal
REUSO_A8_PRINCIPAL_HOMOLOG_QUALQUER_dif,Tabela 2 (resultado principal de 2025),"Tabela 2 (resultado principal de 2025): celula 'dif' da linha {'ciclo_chamada': '2025_C1_CH1_E_CH2', 'amostra': 'gap_1_ac', 'desfecho': 'homologacao_qualquer_local'}","58,3",output/tema_trabalho/A8_tabela_02_estimativas_escore_estrito.csv,linha 12; coluna diferenca,0.5833333333333334,"proporcao x100, 1 casa","Homologação em qualquer local & 63,9 & 5,6 & 58,3 & 9,2 & [39,6; 77,1] & 0,0000057 \\",1,OK,conferidor_principal
REUSO_A8_PRINCIPAL_HOMOLOG_QUALQUER_ep,Tabela 2 (resultado principal de 2025),"Tabela 2 (resultado principal de 2025): celula 'ep' da linha {'ciclo_chamada': '2025_C1_CH1_E_CH2', 'amostra': 'gap_1_ac', 'desfecho': 'homologacao_qualquer_local'}","9,2",output/tema_trabalho/A8_tabela_02_estimativas_escore_estrito.csv,linha 12; coluna erro_padrao_pareado,0.0923674511489087,"proporcao x100, 1 casa","Homologação em qualquer local & 63,9 & 5,6 & 58,3 & 9,2 & [39,6; 77,1] & 0,0000057 \\",1,OK,conferidor_principal
REUSO_A8_PRINCIPAL_HOMOLOG_QUALQUER_hi,Tabela 2 (resultado principal de 2025),"Tabela 2 (resultado principal de 2025): celula 'hi' da linha {'ciclo_chamada': '2025_C1_CH1_E_CH2', 'amostra': 'gap_1_ac', 'desfecho': 'homologacao_qualquer_local'}","77,1",output/tema_trabalho/A8_tabela_02_estimativas_escore_estrito.csv,linha 12; coluna ic95_convencional_superior,0.7708492282230092,"proporcao x100, 1 casa","Homologação em qualquer local & 63,9 & 5,6 & 58,3 & 9,2 & [39,6; 77,1] & 0,0000057 \\",1,OK,conferidor_principal
REUSO_A8_PRINCIPAL_HOMOLOG_QUALQUER_lo,Tabela 2 (resultado principal de 2025),"Tabela 2 (resultado principal de 2025): celula 'lo' da linha {'ciclo_chamada': '2025_C1_CH1_E_CH2', 'amostra': 'gap_1_ac', 'desfecho': 'homologacao_qualquer_local'}","39,6",output/tema_trabalho/A8_tabela_02_estimativas_escore_estrito.csv,linha 12; coluna ic95_convencional_inferior,0.3958174384436576,"proporcao x100, 1 casa","Homologação em qualquer local & 63,9 & 5,6 & 58,3 & 9,2 & [39,6; 77,1] & 0,0000057 \\",1,OK,conferidor_principal
REUSO_A8_PRINCIPAL_HOMOLOG_QUALQUER_p,Tabela 2 (resultado principal de 2025),"Tabela 2 (resultado principal de 2025): celula 'p' da linha {'ciclo_chamada': '2025_C1_CH1_E_CH2', 'amostra': 'gap_1_ac', 'desfecho': 'homologacao_qualquer_local'}","0,0000057",output/tema_trabalho/A8_tabela_02_estimativas_escore_estrito.csv,linha 12; coluna p_exato_pareado_bicaudal,5.7220458984375e-06,p exato com 7 casas,"Homologação em qualquer local & 63,9 & 5,6 & 58,3 & 9,2 & [39,6; 77,1] & 0,0000057 \\",1,OK,conferidor_principal
REUSO_A8_TXT_A7_PARES,Secao 4.6,Pares adjacentes do diagnostico anterior,423,output/tema_trabalho/A7_cutoff_selecao_resumo.json,campo suporte/pares_adjacentes_total_quatro_publicacoes,423,inteiro,"adjacentes, com 423 pares nas quatro publicações",1,OK,conferidor_principal
REUSO_A8_TXT_CH1_ATIVO,Secao 5.1,Diferenca de presenca ativa por chamada de 2025,"33,3",output/tema_trabalho/A8_tabela_02_estimativas_escore_estrito.csv,linha 3; coluna diferenca,0.3333333333333333,"proporcao x100, 1 casa","a diferença de homologação é de 60,0 pontos percentuais nos 30 pares da primeira chamada e de 83,3 pontos percentuais nos 6 pares da segunda; a diferença de presença ativa é de 33,3 pontos percentuais em ambas",1,OK,conferidor_principal
REUSO_A8_TXT_CH1_HOMOLOG,Secao 5.1,Diferenca de homologacao na chamada 1 de 2025,"60,0",output/tema_trabalho/A8_tabela_02_estimativas_escore_estrito.csv,linha 2; coluna diferenca,0.6,"proporcao x100, 1 casa","a diferença de homologação é de 60,0 pontos percentuais nos 30 pares da primeira chamada e de 83,3 pontos percentuais nos 6 pares da segunda; a diferença de presença ativa é de 33,3 pontos percentuais em ambas",1,OK,conferidor_principal
REUSO_A8_TXT_CH2_HOMOLOG,Secao 5.1,Diferenca de homologacao na chamada 2 de 2025,"83,3",output/tema_trabalho/A8_tabela_02_estimativas_escore_estrito.csv,linha 6; coluna diferenca,0.8333333333333334,"proporcao x100, 1 casa","a diferença de homologação é de 60,0 pontos percentuais nos 30 pares da primeira chamada e de 83,3 pontos percentuais nos 6 pares da segunda; a diferença de presença ativa é de 33,3 pontos percentuais em ambas",1,OK,conferidor_principal
REUSO_A8_TXT_DATA_SNAPSHOT,Secoes 4.3 e 5.1,Data de referencia do desfecho substantivo,12 de agosto de 2026,output/tema_trabalho/A8_protocolo_cutoff_escore.json,campo outcome_substantivo_principal,ativo no mesmo curso-CNES em 2026-08-12,2026-08-12 escrito por extenso,ativo no mesmo curso--CNES em 12 de agosto de 2026,1,OK,conferidor_principal
REUSO_A8_TXT_DISC_ATIVO,Secao 5.1,Pares discordantes na presenca ativa (favoraveis e contrarios),14 e 2,output/tema_trabalho/A8_tabela_02_estimativas_escore_estrito.csv,linha 11; coluna discordantes_favoraveis e linha 11; coluna discordantes_contrarios,14; 2,inteiros,"no desfecho de presença ativa, 14 são favoráveis e 2 contrários",1,OK,conferidor_principal
REUSO_A8_TXT_DISC_HOMOLOG,Secao 5.1,Pares discordantes favoraveis em homologacao,23,output/tema_trabalho/A8_tabela_02_estimativas_escore_estrito.csv,linha 10; coluna discordantes_favoraveis,23,inteiro,"Entre os 36 pares, 23 são discordantes e todos favoráveis no desfecho de homologação",1,OK,conferidor_principal
REUSO_A8_TXT_EMPATES_METODO,Secao 4.2,Pares empatados excluidos em 2025,76,output/tema_trabalho/A8_tabela_01_suporte_escore_estrito.csv,"soma de linha 2, linha 3; coluna pares_empate_excluidos",76.0,soma das duas chamadas de 2025,76 pares empatados são excluídos,1,OK,conferidor_principal
REUSO_A8_TXT_GAP1_CH1_CH2,Secao 4.2,Pares com gap de um ponto por chamada de 2025,30 e 6,output/tema_trabalho/A8_tabela_01_suporte_escore_estrito.csv,linha 2; coluna pares_gap_1_ac e linha 3; coluna pares_gap_1_ac,30; 6,inteiros,"Em 2025, restam 30 pares na primeira chamada e 6 na segunda, totalizando 36 pares",1,OK,conferidor_principal
REUSO_A8_TXT_GAP2_ATIVO,Secao 5.3,Presenca ativa no recorte gap_positivo_ate_2_ac (corpo),"35,1",output/tema_trabalho/A8_tabela_04_sensibilidade_gap.csv,linha 5; coluna diferenca,0.3513513513513513,"proporcao x100, 1 casa","Com gap positivo de até dois pontos, o efeito é de 58,1 pontos percentuais em homologação e de 35,1 pontos percentuais em presença ativa, em 74 pares",1,OK,conferidor_principal
REUSO_A8_TXT_GAP2_HOMOLOG,Secao 5.3,Homologacao no recorte gap_positivo_ate_2_ac (corpo),"58,1",output/tema_trabalho/A8_tabela_04_sensibilidade_gap.csv,linha 4; coluna diferenca,0.581081081081081,"proporcao x100, 1 casa","Com gap positivo de até dois pontos, o efeito é de 58,1 pontos percentuais em homologação e de 35,1 pontos percentuais em presença ativa, em 74 pares",1,OK,conferidor_principal
REUSO_A8_TXT_GAP2_N,Secao 5.3,Pares no recorte gap_positivo_ate_2_ac (corpo),74,output/tema_trabalho/A8_tabela_04_sensibilidade_gap.csv,linha 4; coluna n_pares,74,inteiro,"Com gap positivo de até dois pontos, o efeito é de 58,1 pontos percentuais em homologação e de 35,1 pontos percentuais em presença ativa, em 74 pares",1,OK,conferidor_principal
REUSO_A8_TXT_GAPQ_ATIVO,Secao 5.3,Presenca ativa no recorte qualquer_gap_positivo_ac (corpo),"36,0",output/tema_trabalho/A8_tabela_04_sensibilidade_gap.csv,linha 7; coluna diferenca,0.36,"proporcao x100, 1 casa","Com qualquer gap positivo, o efeito é de 58,0 e 36,0 pontos percentuais, em 100 pares",1,OK,conferidor_principal
REUSO_A8_TXT_GAPQ_HOMOLOG,Secao 5.3,Homologacao no recorte qualquer_gap_positivo_ac (corpo),"58,0",output/tema_trabalho/A8_tabela_04_sensibilidade_gap.csv,linha 6; coluna diferenca,0.58,"proporcao x100, 1 casa","Com qualquer gap positivo, o efeito é de 58,0 e 36,0 pontos percentuais, em 100 pares",1,OK,conferidor_principal
REUSO_A8_TXT_GAPQ_N,Secao 5.3,Pares no recorte qualquer_gap_positivo_ac (corpo),100,output/tema_trabalho/A8_tabela_04_sensibilidade_gap.csv,linha 6; coluna n_pares,100,inteiro,"Com qualquer gap positivo, o efeito é de 58,0 e 36,0 pontos percentuais, em 100 pares",1,OK,conferidor_principal
REUSO_A8_TXT_LOO_ATIVO_MAX,Secao 5.3,Maximo do leave-one-out em presenca ativa,"38,7",output/tema_trabalho/A8_estimativas_cutoff_escore.json,campo leave_one_out/ativo_mesma_celula_snapshot/max,0.3870967741935484,"proporcao x100, 1 casa","Excluindo sucessivamente cada um dos 12 cursos e cada uma das 11 unidades da federação presentes na amostra principal, em 23 exclusões, a diferença de homologação permanece entre 58,1 e 71,0 pontos percentuais e a diferença de presença ativa permanece entre 27,3 e 38,7 pontos percentuais",1,OK,conferidor_principal
REUSO_A8_TXT_LOO_ATIVO_MIN,Secao 5.3,Minimo do leave-one-out em presenca ativa,"27,3",output/tema_trabalho/A8_estimativas_cutoff_escore.json,campo leave_one_out/ativo_mesma_celula_snapshot/min,0.2727272727272727,"proporcao x100, 1 casa","Excluindo sucessivamente cada um dos 12 cursos e cada uma das 11 unidades da federação presentes na amostra principal, em 23 exclusões, a diferença de homologação permanece entre 58,1 e 71,0 pontos percentuais e a diferença de presença ativa permanece entre 27,3 e 38,7 pontos percentuais",1,OK,conferidor_principal
REUSO_A8_TXT_LOO_HOMOLOG_MAX,Secao 5.3,Maximo do leave-one-out em homologacao,"71,0",output/tema_trabalho/A8_estimativas_cutoff_escore.json,campo leave_one_out/homologacao_mesma_celula/max,0.7096774193548387,"proporcao x100, 1 casa","Excluindo sucessivamente cada um dos 12 cursos e cada uma das 11 unidades da federação presentes na amostra principal, em 23 exclusões, a diferença de homologação permanece entre 58,1 e 71,0 pontos percentuais e a diferença de presença ativa permanece entre 27,3 e 38,7 pontos percentuais",1,OK,conferidor_principal
REUSO_A8_TXT_LOO_HOMOLOG_MIN,Secao 5.3,Minimo do leave-one-out em homologacao,"58,1",output/tema_trabalho/A8_estimativas_cutoff_escore.json,campo leave_one_out/homologacao_mesma_celula/min,0.5806451612903226,"proporcao x100, 1 casa","Excluindo sucessivamente cada um dos 12 cursos e cada uma das 11 unidades da federação presentes na amostra principal, em 23 exclusões, a diferença de homologação permanece entre 58,1 e 71,0 pontos percentuais e a diferença de presença ativa permanece entre 27,3 e 38,7 pontos percentuais",1,OK,conferidor_principal
REUSO_A8_TXT_LOO_N_CURSOS,Secao 5.3,Cursos distintos no leave-one-out,12,output/tema_trabalho/A8_tabela_05_leave_one_out.csv,coluna grupo_excluido; dimensao_excluida=course_code,12,contagem de grupos distintos,"Excluindo sucessivamente cada um dos 12 cursos e cada uma das 11 unidades da federação presentes na amostra principal, em 23 exclusões, a diferença de homologação permanece entre 58,1 e 71,0 pontos percentuais e a diferença de presença ativa permanece entre 27,3 e 38,7 pontos percentuais",1,OK,conferidor_principal
REUSO_A8_TXT_LOO_N_EXCLUSOES,Secao 5.3,Numero de exclusoes do leave-one-out,23,output/tema_trabalho/A8_estimativas_cutoff_escore.json,campo leave_one_out/homologacao_mesma_celula/n_exclusoes,23,inteiro,"Excluindo sucessivamente cada um dos 12 cursos e cada uma das 11 unidades da federação presentes na amostra principal, em 23 exclusões, a diferença de homologação permanece entre 58,1 e 71,0 pontos percentuais e a diferença de presença ativa permanece entre 27,3 e 38,7 pontos percentuais",1,OK,conferidor_principal
REUSO_A8_TXT_LOO_N_UFS,Secao 5.3,UFs distintas no leave-one-out,11,output/tema_trabalho/A8_tabela_05_leave_one_out.csv,coluna grupo_excluido; dimensao_excluida=uf,11,contagem de grupos distintos,"Excluindo sucessivamente cada um dos 12 cursos e cada uma das 11 unidades da federação presentes na amostra principal, em 23 exclusões, a diferença de homologação permanece entre 58,1 e 71,0 pontos percentuais e a diferença de presença ativa permanece entre 27,3 e 38,7 pontos percentuais",1,OK,conferidor_principal
REUSO_A8_TXT_N_FONTES,Secao 4.1,Numero de arquivos de entrada com hash congelado,seis,output/tema_trabalho/A8_protocolo_cutoff_escore.json,campo hashes_entradas,6,contagem escrita por extenso,As seis entradas têm hash SHA-256 congelado,1,OK,conferidor_principal
REUSO_A8_TXT_N_PARES_RESULTADO,Secao 5.1,Pares da amostra principal de 2025,36,output/tema_trabalho/A8_estimativas_cutoff_escore.json,campo resultado_principal_2025/n_pares,36,inteiro,apresenta o resultado principal nos 36 pares de,1,OK,conferidor_principal
REUSO_A8_TXT_N_PARES_RESUMO,Resumo,Pares da amostra principal de 2025,36,output/tema_trabalho/A8_estimativas_cutoff_escore.json,campo resultado_principal_2025/n_pares,36,inteiro,"Em 36 pares de 2025, ganhar a vaga elevou a homologação",1,OK,conferidor_principal
REUSO_A8_TXT_PLACEBO_ABAIXO_N,Secao 5.2,Pares do placebo abaixo do cutoff,30,output/tema_trabalho/A8_tabela_03_placebos_escore_estrito.csv,linha 2; coluna n_pares,30,inteiro,Entre os 30 pares de não selecionados separados por um ponto,1,OK,conferidor_principal
REUSO_A8_TXT_PLACEBO_ACIMA_DIF,Secao 5.2,Diferenca do placebo acima do cutoff,"$-$20,0",output/tema_trabalho/A8_tabela_03_placebos_escore_estrito.csv,linha 6; coluna diferenca,-0.2,"proporcao x100, 1 casa","e produz $-$20,0 pontos percentuais em ambos os desfechos",1,OK,conferidor_principal
REUSO_A8_TXT_PLACEBO_ACIMA_N,Secao 5.2,Pares do placebo acima do cutoff,5,output/tema_trabalho/A8_tabela_03_placebos_escore_estrito.csv,linha 6; coluna n_pares,5,inteiro,acima do cutoff tem apenas 5 pares,1,OK,conferidor_principal
REUSO_A8_TXT_PLACEBO_ATIVO,Secao 5.2,Placebo abaixo em presenca ativa (corpo),"0,0",output/tema_trabalho/A8_tabela_03_placebos_escore_estrito.csv,linha 3; coluna diferenca,0.0,"proporcao x100, 1 casa","a diferença é de $-$3,3 pontos percentuais em homologação e de 0,0 ponto percentual em presença ativa, ambas com teste exato de 1,000",1,OK,conferidor_principal
REUSO_A8_TXT_PLACEBO_HOMOLOG,Secao 5.2,Placebo abaixo em homologacao (corpo),"$-$3,3",output/tema_trabalho/A8_tabela_03_placebos_escore_estrito.csv,linha 2; coluna diferenca,-0.0333333333333333,"proporcao x100, 1 casa","a diferença é de $-$3,3 pontos percentuais em homologação e de 0,0 ponto percentual em presença ativa, ambas com teste exato de 1,000",1,OK,conferidor_principal
REUSO_A8_TXT_QUALQUER_ATIVO,Secao 5.1,Diferenca de atividade em qualquer local,"33,3",output/tema_trabalho/A8_tabela_02_estimativas_escore_estrito.csv,linha 13; coluna diferenca,0.3333333333333333,"proporcao x100, 1 casa","a diferença é de 58,3 pontos percentuais em homologação e de 33,3 pontos percentuais em atividade",1,OK,conferidor_principal
REUSO_A8_TXT_QUALQUER_HOMOLOG,Secao 5.1,Diferenca de homologacao em qualquer local,"58,3",output/tema_trabalho/A8_tabela_02_estimativas_escore_estrito.csv,linha 12; coluna diferenca,0.5833333333333334,"proporcao x100, 1 casa","a diferença é de 58,3 pontos percentuais em homologação e de 33,3 pontos percentuais em atividade",1,OK,conferidor_principal
REUSO_A8_TXT_REP2026_P_RESUMO,Resumo,Teste exato da replicacao de 2026,"0,125",output/tema_trabalho/A8_tabela_02_estimativas_escore_estrito.csv,linha 14; coluna p_exato_pareado_bicaudal,0.125,p exato com 3 casas,"com teste exato impreciso ($p$ de 0,125)",1,OK,conferidor_principal
REUSO_DDD_TXT_BETA,Apendice C,Diferenca ajustada do portao de relevancia,"2,79",output/avaliacao_impacto/relatorios/01_relatorio_portao_relevancia.json,campo resultados_ajustados/tem_alocado_muni_ddd/beta,0.02785417073855955,"proporcao x100, 2 casas","com 319 células em 93 municípios, a modalidade imediata não prediz a alocação confirmada: a diferença ajustada é de 2,79 pontos percentuais, com erro-padrão de 6,89 pontos percentuais e $p$ de 0,6871",1,OK,conferidor_principal
REUSO_DDD_TXT_CELULAS,Apendice C,Celulas da amostra DDD,319,output/avaliacao_impacto/relatorios/01_relatorio_portao_relevancia.json,campo amostra_ddd_municipio_curso/n_celulas,319,inteiro,"com 319 células em 93 municípios, a modalidade imediata não prediz a alocação confirmada: a diferença ajustada é de 2,79 pontos percentuais, com erro-padrão de 6,89 pontos percentuais e $p$ de 0,6871",1,OK,conferidor_principal
REUSO_DDD_TXT_MUNICIPIOS,Apendice C,Municipios da amostra DDD,93,output/avaliacao_impacto/relatorios/01_relatorio_portao_relevancia.json,campo amostra_ddd_municipio_curso/n_municipios,93,inteiro,"com 319 células em 93 municípios, a modalidade imediata não prediz a alocação confirmada: a diferença ajustada é de 2,79 pontos percentuais, com erro-padrão de 6,89 pontos percentuais e $p$ de 0,6871",1,OK,conferidor_principal
REUSO_DDD_TXT_P,Apendice C,p-valor do portao de relevancia,"0,6871",output/avaliacao_impacto/relatorios/01_relatorio_portao_relevancia.json,campo resultados_ajustados/tem_alocado_muni_ddd/p_valor,0.6871340286278808,4 casas,"com 319 células em 93 municípios, a modalidade imediata não prediz a alocação confirmada: a diferença ajustada é de 2,79 pontos percentuais, com erro-padrão de 6,89 pontos percentuais e $p$ de 0,6871",1,OK,conferidor_principal
REUSO_DDD_TXT_SE,Apendice C,Erro-padrao do portao de relevancia,"6,89",output/avaliacao_impacto/relatorios/01_relatorio_portao_relevancia.json,campo resultados_ajustados/tem_alocado_muni_ddd/se,0.06894217720365181,"proporcao x100, 2 casas","com 319 células em 93 municípios, a modalidade imediata não prediz a alocação confirmada: a diferença ajustada é de 2,79 pontos percentuais, com erro-padrão de 6,89 pontos percentuais e $p$ de 0,6871",1,OK,conferidor_principal
REUSO_RDD_TXT_DIVERGENTES,Apendice C,Municipios com faixa divergente,177,output/rdd_bolsa/portao_regra_ivs.json,campo diagnostico_publico/n_divergentes,177,inteiro,"191 dos 368 municípios são reproduzidos e 177 divergem, ou 48,1\% do total",1,OK,conferidor_principal
REUSO_RDD_TXT_PCT,Apendice C,Percentual de divergencia,"48,1",output/rdd_bolsa/portao_regra_ivs.json,campo diagnostico_publico/pct_divergentes,48.09782608695652,1 casa,"191 dos 368 municípios são reproduzidos e 177 divergem, ou 48,1\% do total",1,OK,conferidor_principal
REUSO_RDD_TXT_REPRODUZIDOS,Apendice C,Municipios com faixa reproduzida,191,output/rdd_bolsa/portao_regra_ivs.json,campo diagnostico_publico/n_reproduzidos,191,inteiro,"191 dos 368 municípios são reproduzidos e 177 divergem, ou 48,1\% do total",1,OK,conferidor_principal
REUSO_RDD_TXT_TOTAL,Apendice C,Municipios do quadro,368,output/rdd_bolsa/portao_regra_ivs.json,campo diagnostico_publico/n_municipios,368,inteiro,"191 dos 368 municípios são reproduzidos e 177 divergem, ou 48,1\% do total",1,OK,conferidor_principal
