co_ibge_6d,sg_uf,no_municipio,faixa_anunciada,n_celulas_publicadas,n_cursos,n_cnes,qt_vagas_total,valor_anunciado_mensal_brl,ivs_publico_2010,faixa_recalculada_taxonomia_externa,valor_recalculado_taxonomia_externa_brl,reproduz_faixa,reproduz_valor,distancia_corte_0_400,distancia_corte_0_500,score_administrativo_comprovado,fonte_running_variable
110001,RO,ALTA FLORESTA D'OESTE,FAIXA 2,1,1,1,1,15000,0.332,FAIXA 3,10000,False,False,-0.068,-0.16799999999999998,False,IVS_IPEA_2010_PUBLICO_CANDIDATO
110002,RO,ARIQUEMES,FAIXA 3,6,6,2,7,10000,0.26,FAIXA 3,10000,True,True,-0.14,-0.24,False,IVS_IPEA_2010_PUBLICO_CANDIDATO
110004,RO,CACOAL,FAIXA 3,1,1,1,1,10000,0.256,FAIXA 3,10000,True,True,-0.14400000000000002,-0.244,False,IVS_IPEA_2010_PUBLICO_CANDIDATO
110005,RO,CEREJEIRAS,FAIXA 3,1,1,1,1,10000,0.305,FAIXA 3,10000,True,True,-0.09500000000000003,-0.195,False,IVS_IPEA_2010_PUBLICO_CANDIDATO
110006,RO,COLORADO DO OESTE,FAIXA 3,1,1,1,1,10000,0.316,FAIXA 3,10000,True,True,-0.08400000000000002,-0.184,False,IVS_IPEA_2010_PUBLICO_CANDIDATO
110011,RO,JARU,FAIXA 2,5,5,2,11,15000,0.308,FAIXA 3,10000,False,False,-0.09200000000000003,-0.192,False,IVS_IPEA_2010_PUBLICO_CANDIDATO
110012,RO,JI-PARANA,FAIXA 3,4,4,1,6,10000,0.289,FAIXA 3,10000,True,True,-0.11100000000000004,-0.21100000000000002,False,IVS_IPEA_2010_PUBLICO_CANDIDATO
110014,RO,NOVA BRASILANDIA D'OESTE,FAIXA 2,1,1,1,1,15000,0.315,FAIXA 3,10000,False,False,-0.08500000000000002,-0.185,False,IVS_IPEA_2010_PUBLICO_CANDIDATO
110015,RO,OURO PRETO DO OESTE,FAIXA 3,1,1,1,2,10000,0.265,FAIXA 3,10000,True,True,-0.135,-0.235,False,IVS_IPEA_2010_PUBLICO_CANDIDATO
110018,RO,PIMENTA BUENO,FAIXA 3,2,2,1,2,10000,0.25,FAIXA 3,10000,True,True,-0.15000000000000002,-0.25,False,IVS_IPEA_2010_PUBLICO_CANDIDATO
110020,RO,PORTO VELHO,FAIXA 2,5,4,2,11,15000,0.309,FAIXA 3,10000,False,False,-0.09100000000000003,-0.191,False,IVS_IPEA_2010_PUBLICO_CANDIDATO
110025,RO,PRESIDENTE MEDICI,FAIXA 2,1,1,1,2,15000,0.357,FAIXA 3,10000,False,False,-0.04300000000000004,-0.14300000000000002,False,IVS_IPEA_2010_PUBLICO_CANDIDATO
110028,RO,ROLIM DE MOURA,FAIXA 3,7,7,1,15,10000,0.279,FAIXA 3,10000,True,True,-0.121,-0.22099999999999997,False,IVS_IPEA_2010_PUBLICO_CANDIDATO
110030,RO,VILHENA,FAIXA 3,5,5,1,5,10000,0.259,FAIXA 3,10000,True,True,-0.14100000000000001,-0.241,False,IVS_IPEA_2010_PUBLICO_CANDIDATO
110032,RO,SAO MIGUEL DO GUAPORE,FAIXA 2,1,1,1,1,15000,0.336,FAIXA 3,10000,False,False,-0.064,-0.16399999999999998,False,IVS_IPEA_2010_PUBLICO_CANDIDATO
110034,RO,ALVORADA D'OESTE,FAIXA 2,1,1,1,1,15000,0.279,FAIXA 3,10000,False,False,-0.121,-0.22099999999999997,False,IVS_IPEA_2010_PUBLICO_CANDIDATO
110140,RO,MONTE NEGRO,FAIXA 2,2,2,1,2,15000,0.277,FAIXA 3,10000,False,False,-0.123,-0.22299999999999998,False,IVS_IPEA_2010_PUBLICO_CANDIDATO
110149,RO,SAO FRANCISCO DO GUAPORE,FAIXA 1,1,1,1,1,20000,0.387,FAIXA 3,10000,False,False,-0.013000000000000012,-0.11299999999999999,False,IVS_IPEA_2010_PUBLICO_CANDIDATO
110170,RO,URUPA,FAIXA 2,1,1,1,1,15000,0.299,FAIXA 3,10000,False,False,-0.10100000000000003,-0.201,False,IVS_IPEA_2010_PUBLICO_CANDIDATO
120010,AC,BRASILEIA,FAIXA 1,3,3,1,3,20000,0.426,FAIXA 2,15000,False,False,0.025999999999999968,-0.07400000000000001,False,IVS_IPEA_2010_PUBLICO_CANDIDATO
120020,AC,CRUZEIRO DO SUL,FAIXA 1,5,5,1,9,20000,0.411,FAIXA 2,15000,False,False,0.010999999999999954,-0.08900000000000002,False,IVS_IPEA_2010_PUBLICO_CANDIDATO
120030,AC,FEIJO,FAIXA 1,1,1,1,1,20000,0.498,FAIXA 2,15000,False,False,0.09799999999999998,-0.0020000000000000018,False,IVS_IPEA_2010_PUBLICO_CANDIDATO
120033,AC,MANCIO LIMA,FAIXA 1,1,1,1,1,20000,0.427,FAIXA 2,15000,False,False,0.02699999999999997,-0.07300000000000001,False,IVS_IPEA_2010_PUBLICO_CANDIDATO
120038,AC,PLACIDO DE CASTRO,FAIXA 1,1,1,1,1,20000,0.466,FAIXA 2,15000,False,False,0.066,-0.033999999999999975,False,IVS_IPEA_2010_PUBLICO_CANDIDATO
120040,AC,RIO BRANCO,FAIXA 2,10,10,2,29,15000,0.343,FAIXA 3,10000,False,False,-0.056999999999999995,-0.15699999999999997,False,IVS_IPEA_2010_PUBLICO_CANDIDATO
120045,AC,SENADOR GUIOMARD,FAIXA 1,1,1,1,1,20000,0.387,FAIXA 3,10000,False,False,-0.013000000000000012,-0.11299999999999999,False,IVS_IPEA_2010_PUBLICO_CANDIDATO
130080,AM,BORBA,FAIXA 1,1,1,1,1,20000,0.425,FAIXA 2,15000,False,False,0.024999999999999967,-0.07500000000000001,False,IVS_IPEA_2010_PUBLICO_CANDIDATO
130120,AM,COARI,FAIXA 1,1,1,1,1,20000,0.446,FAIXA 2,15000,False,False,0.045999999999999985,-0.05399999999999999,False,IVS_IPEA_2010_PUBLICO_CANDIDATO
130170,AM,HUMAITA,FAIXA 1,1,1,1,1,20000,0.401,FAIXA 2,15000,False,False,0.0010000000000000009,-0.09899999999999998,False,IVS_IPEA_2010_PUBLICO_CANDIDATO
130190,AM,ITACOATIARA,FAIXA 1,1,1,1,1,20000,0.335,FAIXA 3,10000,False,False,-0.065,-0.16499999999999998,False,IVS_IPEA_2010_PUBLICO_CANDIDATO
130250,AM,MANACAPURU,FAIXA 1,1,1,1,1,20000,0.458,FAIXA 2,15000,False,False,0.057999999999999996,-0.04199999999999998,False,IVS_IPEA_2010_PUBLICO_CANDIDATO
130260,AM,MANAUS,FAIXA 2,5,5,1,12,15000,0.414,FAIXA 2,15000,True,True,0.013999999999999957,-0.08600000000000002,False,IVS_IPEA_2010_PUBLICO_CANDIDATO
130270,AM,MANICORE,FAIXA 1,1,1,1,1,20000,0.475,FAIXA 2,15000,False,False,0.07499999999999996,-0.025000000000000022,False,IVS_IPEA_2010_PUBLICO_CANDIDATO
130340,AM,PARINTINS,FAIXA 1,9,6,2,13,20000,0.347,FAIXA 3,10000,False,False,-0.05300000000000005,-0.15300000000000002,False,IVS_IPEA_2010_PUBLICO_CANDIDATO
130395,AM,SAO SEBASTIAO DO UATUMA,FAIXA 1,1,1,1,1,20000,0.393,FAIXA 3,10000,False,False,-0.007000000000000006,-0.10699999999999998,False,IVS_IPEA_2010_PUBLICO_CANDIDATO
130406,AM,TABATINGA,FAIXA 1,3,2,2,6,20000,0.496,FAIXA 2,15000,False,False,0.09599999999999997,-0.0040000000000000036,False,IVS_IPEA_2010_PUBLICO_CANDIDATO
130420,AM,TEFE,FAIXA 1,2,2,1,2,20000,0.459,FAIXA 2,15000,False,False,0.059,-0.04099999999999998,False,IVS_IPEA_2010_PUBLICO_CANDIDATO
140010,RR,BOA VISTA,FAIXA 3,15,14,2,56,10000,0.274,FAIXA 3,10000,True,True,-0.126,-0.22599999999999998,False,IVS_IPEA_2010_PUBLICO_CANDIDATO
140047,RR,RORAINOPOLIS,FAIXA 1,8,8,1,14,20000,0.393,FAIXA 3,10000,False,False,-0.007000000000000006,-0.10699999999999998,False,IVS_IPEA_2010_PUBLICO_CANDIDATO
150060,PA,ALTAMIRA,FAIXA 1,6,6,1,6,20000,0.381,FAIXA 3,10000,False,False,-0.019000000000000017,-0.119,False,IVS_IPEA_2010_PUBLICO_CANDIDATO
150085,PA,ANAPU,FAIXA 1,3,3,1,3,20000,0.573,FAIXA 1,20000,True,True,0.17299999999999993,0.07299999999999995,False,IVS_IPEA_2010_PUBLICO_CANDIDATO
150140,PA,BELEM,FAIXA 2,9,5,4,14,15000,0.334,FAIXA 3,10000,False,False,-0.066,-0.16599999999999998,False,IVS_IPEA_2010_PUBLICO_CANDIDATO
150170,PA,BRAGANCA,FAIXA 1,8,7,2,8,20000,0.413,FAIXA 2,15000,False,False,0.012999999999999956,-0.08700000000000002,False,IVS_IPEA_2010_PUBLICO_CANDIDATO
150220,PA,CAPANEMA,FAIXA 2,13,7,3,13,15000,0.36,FAIXA 3,10000,False,False,-0.040000000000000036,-0.14,False,IVS_IPEA_2010_PUBLICO_CANDIDATO
150240,PA,CASTANHAL,FAIXA 2,6,6,3,6,15000,0.359,FAIXA 3,10000,False,False,-0.041000000000000036,-0.14100000000000001,False,IVS_IPEA_2010_PUBLICO_CANDIDATO
150270,PA,CONCEICAO DO ARAGUAIA,FAIXA 1,2,2,1,3,20000,0.321,FAIXA 3,10000,False,False,-0.07900000000000001,-0.179,False,IVS_IPEA_2010_PUBLICO_CANDIDATO
150360,PA,ITAITUBA,FAIXA 1,2,2,1,2,20000,0.412,FAIXA 2,15000,False,False,0.011999999999999955,-0.08800000000000002,False,IVS_IPEA_2010_PUBLICO_CANDIDATO
150380,PA,JACUNDA,FAIXA 1,5,5,1,9,20000,0.486,FAIXA 2,15000,False,False,0.08599999999999997,-0.014000000000000012,False,IVS_IPEA_2010_PUBLICO_CANDIDATO
150420,PA,MARABA,FAIXA 1,4,4,1,8,20000,0.407,FAIXA 2,15000,False,False,0.006999999999999951,-0.09300000000000003,False,IVS_IPEA_2010_PUBLICO_CANDIDATO
150470,PA,MOJU,FAIXA 1,4,4,1,4,20000,0.491,FAIXA 2,15000,False,False,0.09099999999999997,-0.009000000000000008,False,IVS_IPEA_2010_PUBLICO_CANDIDATO
150510,PA,OBIDOS,FAIXA 1,2,2,1,10,20000,0.475,FAIXA 2,15000,False,False,0.07499999999999996,-0.025000000000000022,False,IVS_IPEA_2010_PUBLICO_CANDIDATO
150580,PA,PORTEL,FAIXA 1,7,7,1,7,20000,0.522,FAIXA 1,20000,True,True,0.122,0.02200000000000002,False,IVS_IPEA_2010_PUBLICO_CANDIDATO
150613,PA,REDENCAO,FAIXA 2,2,2,1,2,15000,0.415,FAIXA 2,15000,True,True,0.014999999999999958,-0.08500000000000002,False,IVS_IPEA_2010_PUBLICO_CANDIDATO
150620,PA,SALINOPOLIS,FAIXA 2,5,5,1,5,15000,0.383,FAIXA 3,10000,False,False,-0.017000000000000015,-0.11699999999999999,False,IVS_IPEA_2010_PUBLICO_CANDIDATO
150630,PA,SALVATERRA,FAIXA 1,2,2,1,2,20000,0.456,FAIXA 2,15000,False,False,0.055999999999999994,-0.043999999999999984,False,IVS_IPEA_2010_PUBLICO_CANDIDATO
150680,PA,SANTAREM,FAIXA 2,5,5,3,5,15000,0.322,FAIXA 3,10000,False,False,-0.07800000000000001,-0.178,False,IVS_IPEA_2010_PUBLICO_CANDIDATO
150747,PA,SAO JOAO DE PIRABAS,FAIXA 1,2,2,1,2,20000,0.553,FAIXA 1,20000,True,True,0.15300000000000002,0.05300000000000005,False,IVS_IPEA_2010_PUBLICO_CANDIDATO
150803,PA,TRACUATEUA,FAIXA 1,1,1,1,1,20000,0.589,FAIXA 1,20000,True,True,0.18899999999999995,0.08899999999999997,False,IVS_IPEA_2010_PUBLICO_CANDIDATO
150810,PA,TUCURUI,FAIXA 2,7,7,2,19,15000,0.361,FAIXA 3,10000,False,False,-0.039000000000000035,-0.139,False,IVS_IPEA_2010_PUBLICO_CANDIDATO
160027,AP,LARANJAL DO JARI,FAIXA 1,1,1,1,2,20000,0.453,FAIXA 2,15000,False,False,0.05299999999999999,-0.046999999999999986,False,IVS_IPEA_2010_PUBLICO_CANDIDATO
160030,AP,MACAPA,FAIXA 2,8,7,2,15,15000,0.35,FAIXA 3,10000,False,False,-0.050000000000000044,-0.15000000000000002,False,IVS_IPEA_2010_PUBLICO_CANDIDATO
160050,AP,OIAPOQUE,FAIXA 1,1,1,1,2,20000,0.41,FAIXA 2,15000,False,False,0.009999999999999953,-0.09000000000000002,False,IVS_IPEA_2010_PUBLICO_CANDIDATO
160060,AP,SANTANA,FAIXA 2,1,1,1,2,15000,0.407,FAIXA 2,15000,True,True,0.006999999999999951,-0.09300000000000003,False,IVS_IPEA_2010_PUBLICO_CANDIDATO
170210,TO,ARAGUAINA,FAIXA 3,6,6,1,10,10000,0.268,FAIXA 3,10000,True,True,-0.132,-0.23199999999999998,False,IVS_IPEA_2010_PUBLICO_CANDIDATO
170255,TO,AUGUSTINOPOLIS,FAIXA 1,2,2,1,2,20000,0.412,FAIXA 2,15000,False,False,0.011999999999999955,-0.08800000000000002,False,IVS_IPEA_2010_PUBLICO_CANDIDATO
170950,TO,GURUPI,FAIXA 3,4,4,1,4,10000,0.244,FAIXA 3,10000,True,True,-0.15600000000000003,-0.256,False,IVS_IPEA_2010_PUBLICO_CANDIDATO
171610,TO,PARAISO DO TOCANTINS,FAIXA 3,4,4,1,4,10000,0.233,FAIXA 3,10000,True,True,-0.167,-0.267,False,IVS_IPEA_2010_PUBLICO_CANDIDATO
171820,TO,PORTO NACIONAL,FAIXA 3,5,5,1,5,10000,0.251,FAIXA 3,10000,True,True,-0.14900000000000002,-0.249,False,IVS_IPEA_2010_PUBLICO_CANDIDATO
172100,TO,PALMAS,FAIXA 3,1,1,1,2,10000,0.272,FAIXA 3,10000,True,True,-0.128,-0.22799999999999998,False,IVS_IPEA_2010_PUBLICO_CANDIDATO
210005,MA,ACAILANDIA,FAIXA 2,5,5,2,5,15000,0.366,FAIXA 3,10000,False,False,-0.03400000000000003,-0.134,False,IVS_IPEA_2010_PUBLICO_CANDIDATO
210090,MA,ARAIOSES,FAIXA 1,1,1,1,1,20000,0.502,FAIXA 1,20000,True,True,0.10199999999999998,0.0020000000000000018,False,IVS_IPEA_2010_PUBLICO_CANDIDATO
210120,MA,BACABAL,FAIXA 1,2,2,2,2,20000,0.373,FAIXA 3,10000,False,False,-0.027000000000000024,-0.127,False,IVS_IPEA_2010_PUBLICO_CANDIDATO
210140,MA,BALSAS,FAIXA 2,7,7,3,7,15000,0.337,FAIXA 3,10000,False,False,-0.063,-0.16299999999999998,False,IVS_IPEA_2010_PUBLICO_CANDIDATO
210160,MA,BARRA DO CORDA,FAIXA 1,2,2,2,2,20000,0.502,FAIXA 1,20000,True,True,0.10199999999999998,0.0020000000000000018,False,IVS_IPEA_2010_PUBLICO_CANDIDATO
210170,MA,BARREIRINHAS,FAIXA 1,1,1,1,1,20000,0.477,FAIXA 2,15000,False,False,0.07699999999999996,-0.02300000000000002,False,IVS_IPEA_2010_PUBLICO_CANDIDATO
210200,MA,BOM JARDIM,FAIXA 1,1,1,1,1,20000,0.534,FAIXA 1,20000,True,True,0.134,0.03400000000000003,False,IVS_IPEA_2010_PUBLICO_CANDIDATO
210230,MA,BURITI BRAVO,FAIXA 1,1,1,1,1,20000,0.578,FAIXA 1,20000,True,True,0.17799999999999994,0.07799999999999996,False,IVS_IPEA_2010_PUBLICO_CANDIDATO
210300,MA,CAXIAS,FAIXA 1,10,10,2,10,20000,0.436,FAIXA 2,15000,False,False,0.035999999999999976,-0.064,False,IVS_IPEA_2010_PUBLICO_CANDIDATO
210320,MA,CHAPADINHA,FAIXA 1,3,3,1,3,20000,0.549,FAIXA 1,20000,True,True,0.14900000000000002,0.049000000000000044,False,IVS_IPEA_2010_PUBLICO_CANDIDATO
210330,MA,CODO,FAIXA 1,1,1,1,1,20000,0.49,FAIXA 2,15000,False,False,0.08999999999999997,-0.010000000000000009,False,IVS_IPEA_2010_PUBLICO_CANDIDATO
210340,MA,COELHO NETO,FAIXA 1,1,1,1,1,20000,0.715,FAIXA 1,20000,True,True,0.31499999999999995,0.21499999999999997,False,IVS_IPEA_2010_PUBLICO_CANDIDATO
210350,MA,COLINAS,FAIXA 1,1,1,1,1,20000,0.629,FAIXA 1,20000,True,True,0.22899999999999998,0.129,False,IVS_IPEA_2010_PUBLICO_CANDIDATO
210360,MA,COROATA,FAIXA 1,5,5,1,5,20000,0.57,FAIXA 1,20000,True,True,0.16999999999999993,0.06999999999999995,False,IVS_IPEA_2010_PUBLICO_CANDIDATO
210440,MA,GONCALVES DIAS,FAIXA 1,1,1,1,1,20000,0.447,FAIXA 2,15000,False,False,0.046999999999999986,-0.05299999999999999,False,IVS_IPEA_2010_PUBLICO_CANDIDATO
210530,MA,IMPERATRIZ,FAIXA 3,8,8,3,8,10000,0.264,FAIXA 3,10000,True,True,-0.136,-0.236,False,IVS_IPEA_2010_PUBLICO_CANDIDATO
210540,MA,ITAPECURU MIRIM,FAIXA 1,1,1,1,1,20000,0.467,FAIXA 2,15000,False,False,0.067,-0.032999999999999974,False,IVS_IPEA_2010_PUBLICO_CANDIDATO
210570,MA,LAGO DA PEDRA,FAIXA 1,1,1,1,1,20000,0.51,FAIXA 1,20000,True,True,0.10999999999999999,0.010000000000000009,False,IVS_IPEA_2010_PUBLICO_CANDIDATO
210632,MA,MARACACUME,FAIXA 1,1,1,1,1,20000,0.614,FAIXA 1,20000,True,True,0.21399999999999997,0.11399999999999999,False,IVS_IPEA_2010_PUBLICO_CANDIDATO
210663,MA,MATOES DO NORTE,FAIXA 1,1,1,1,1,20000,0.542,FAIXA 1,20000,True,True,0.14200000000000002,0.04200000000000004,False,IVS_IPEA_2010_PUBLICO_CANDIDATO
210675,MA,MIRANDA DO NORTE,FAIXA 1,1,1,1,1,20000,0.509,FAIXA 1,20000,True,True,0.10899999999999999,0.009000000000000008,False,IVS_IPEA_2010_PUBLICO_CANDIDATO
210710,MA,MORROS,FAIXA 1,1,1,1,1,20000,0.482,FAIXA 2,15000,False,False,0.08199999999999996,-0.018000000000000016,False,IVS_IPEA_2010_PUBLICO_CANDIDATO
210735,MA,NOVA OLINDA DO MARANHAO,FAIXA 1,1,1,1,1,20000,0.517,FAIXA 1,20000,True,True,0.11699999999999999,0.017000000000000015,False,IVS_IPEA_2010_PUBLICO_CANDIDATO
210820,MA,PEDREIRAS,FAIXA 2,3,3,2,3,15000,0.373,FAIXA 3,10000,False,False,-0.027000000000000024,-0.127,False,IVS_IPEA_2010_PUBLICO_CANDIDATO
210860,MA,PINHEIRO,FAIXA 1,7,7,1,7,20000,0.349,FAIXA 3,10000,False,False,-0.051000000000000045,-0.15100000000000002,False,IVS_IPEA_2010_PUBLICO_CANDIDATO
210910,MA,PRESIDENTE DUTRA,FAIXA 1,4,4,1,4,20000,0.39,FAIXA 3,10000,False,False,-0.010000000000000009,-0.10999999999999999,False,IVS_IPEA_2010_PUBLICO_CANDIDATO
210990,MA,SANTA INES,FAIXA 2,8,7,3,8,15000,0.359,FAIXA 3,10000,False,False,-0.041000000000000036,-0.14100000000000001,False,IVS_IPEA_2010_PUBLICO_CANDIDATO
211050,MA,SAO BENTO,FAIXA 1,2,2,1,2,20000,0.507,FAIXA 1,20000,True,True,0.10699999999999998,0.007000000000000006,False,IVS_IPEA_2010_PUBLICO_CANDIDATO
211060,MA,SAO BERNARDO,FAIXA 1,1,1,1,1,20000,0.46,FAIXA 2,15000,False,False,0.06,-0.03999999999999998,False,IVS_IPEA_2010_PUBLICO_CANDIDATO
211130,MA,SAO LUIS,FAIXA 2,1,1,1,2,15000,0.385,FAIXA 3,10000,False,False,-0.015000000000000013,-0.11499999999999999,False,IVS_IPEA_2010_PUBLICO_CANDIDATO
211220,MA,TIMON,FAIXA 2,6,6,3,6,15000,0.383,FAIXA 3,10000,False,False,-0.017000000000000015,-0.11699999999999999,False,IVS_IPEA_2010_PUBLICO_CANDIDATO
211300,MA,VITORINO FREIRE,FAIXA 1,1,1,1,1,20000,0.537,FAIXA 1,20000,True,True,0.137,0.03700000000000003,False,IVS_IPEA_2010_PUBLICO_CANDIDATO
220190,PI,BOM JESUS,FAIXA 2,5,5,1,5,15000,0.33,FAIXA 3,10000,False,False,-0.07,-0.16999999999999998,False,IVS_IPEA_2010_PUBLICO_CANDIDATO
220220,PI,CAMPO MAIOR,FAIXA 2,6,6,1,6,15000,0.331,FAIXA 3,10000,False,False,-0.069,-0.16899999999999998,False,IVS_IPEA_2010_PUBLICO_CANDIDATO
220290,PI,CORRENTE,FAIXA 2,5,5,1,5,15000,0.397,FAIXA 3,10000,False,False,-0.0030000000000000027,-0.10299999999999998,False,IVS_IPEA_2010_PUBLICO_CANDIDATO
220390,PI,FLORIANO,FAIXA 3,17,13,2,17,10000,0.267,FAIXA 3,10000,True,True,-0.133,-0.23299999999999998,False,IVS_IPEA_2010_PUBLICO_CANDIDATO
220700,PI,OEIRAS,FAIXA 2,6,6,1,6,15000,0.328,FAIXA 3,10000,False,False,-0.07200000000000001,-0.172,False,IVS_IPEA_2010_PUBLICO_CANDIDATO
220770,PI,PARNAIBA,FAIXA 2,24,12,4,24,15000,0.387,FAIXA 3,10000,False,False,-0.013000000000000012,-0.11299999999999999,False,IVS_IPEA_2010_PUBLICO_CANDIDATO
220800,PI,PICOS,FAIXA 3,18,13,2,23,10000,0.321,FAIXA 3,10000,True,True,-0.07900000000000001,-0.179,False,IVS_IPEA_2010_PUBLICO_CANDIDATO
220840,PI,PIRIPIRI,FAIXA 2,7,7,2,7,15000,0.361,FAIXA 3,10000,False,False,-0.039000000000000035,-0.139,False,IVS_IPEA_2010_PUBLICO_CANDIDATO
221060,PI,SAO RAIMUNDO NONATO,FAIXA 1,6,6,1,6,20000,0.362,FAIXA 3,10000,False,False,-0.038000000000000034,-0.138,False,IVS_IPEA_2010_PUBLICO_CANDIDATO
221100,PI,TERESINA,FAIXA 3,3,3,2,3,10000,0.296,FAIXA 3,10000,True,True,-0.10400000000000004,-0.20400000000000001,False,IVS_IPEA_2010_PUBLICO_CANDIDATO
221120,PI,URUCUI,FAIXA 2,6,6,1,6,15000,0.386,FAIXA 3,10000,False,False,-0.014000000000000012,-0.11399999999999999,False,IVS_IPEA_2010_PUBLICO_CANDIDATO
221130,PI,VALENCA DO PIAUI,FAIXA 2,5,5,1,5,15000,0.375,FAIXA 3,10000,False,False,-0.025000000000000022,-0.125,False,IVS_IPEA_2010_PUBLICO_CANDIDATO
230020,CE,ACARAU,FAIXA 1,4,4,1,4,20000,0.499,FAIXA 2,15000,False,False,0.09899999999999998,-0.0010000000000000009,False,IVS_IPEA_2010_PUBLICO_CANDIDATO
230110,CE,ARACATI,FAIXA 1,6,3,2,10,20000,0.384,FAIXA 3,10000,False,False,-0.016000000000000014,-0.11599999999999999,False,IVS_IPEA_2010_PUBLICO_CANDIDATO
230190,CE,BARBALHA,FAIXA 2,2,2,1,2,15000,0.355,FAIXA 3,10000,False,False,-0.04500000000000004,-0.14500000000000002,False,IVS_IPEA_2010_PUBLICO_CANDIDATO
230250,CE,BREJO SANTO,FAIXA 2,3,3,1,3,15000,0.374,FAIXA 3,10000,False,False,-0.026000000000000023,-0.126,False,IVS_IPEA_2010_PUBLICO_CANDIDATO
230260,CE,CAMOCIM,FAIXA 1,5,5,1,5,20000,0.396,FAIXA 3,10000,False,False,-0.0040000000000000036,-0.10399999999999998,False,IVS_IPEA_2010_PUBLICO_CANDIDATO
230280,CE,CANINDE,FAIXA 1,6,5,2,10,20000,0.392,FAIXA 3,10000,False,False,-0.008000000000000007,-0.10799999999999998,False,IVS_IPEA_2010_PUBLICO_CANDIDATO
230370,CE,CAUCAIA,FAIXA 1,1,1,1,2,20000,0.415,FAIXA 2,15000,False,False,0.014999999999999958,-0.08500000000000002,False,IVS_IPEA_2010_PUBLICO_CANDIDATO
230410,CE,CRATEUS,FAIXA 1,7,7,2,7,20000,0.433,FAIXA 2,15000,False,False,0.032999999999999974,-0.067,False,IVS_IPEA_2010_PUBLICO_CANDIDATO
230420,CE,CRATO,FAIXA 2,6,5,3,7,15000,0.318,FAIXA 3,10000,False,False,-0.08200000000000002,-0.182,False,IVS_IPEA_2010_PUBLICO_CANDIDATO
230540,CE,ICO,FAIXA 1,6,6,1,6,20000,0.368,FAIXA 3,10000,False,False,-0.03200000000000003,-0.132,False,IVS_IPEA_2010_PUBLICO_CANDIDATO
230550,CE,IGUATU,FAIXA 2,7,6,4,7,15000,0.355,FAIXA 3,10000,False,False,-0.04500000000000004,-0.14500000000000002,False,IVS_IPEA_2010_PUBLICO_CANDIDATO
230690,CE,JAGUARIBE,FAIXA 1,1,1,1,2,20000,0.422,FAIXA 2,15000,False,False,0.021999999999999964,-0.07800000000000001,False,IVS_IPEA_2010_PUBLICO_CANDIDATO
230730,CE,JUAZEIRO DO NORTE,FAIXA 2,2,2,1,2,15000,0.354,FAIXA 3,10000,False,False,-0.04600000000000004,-0.14600000000000002,False,IVS_IPEA_2010_PUBLICO_CANDIDATO
230765,CE,MARACANAU,FAIXA 2,1,1,1,2,15000,0.34,FAIXA 3,10000,False,False,-0.06,-0.15999999999999998,False,IVS_IPEA_2010_PUBLICO_CANDIDATO
230810,CE,MAURITI,FAIXA 1,5,5,1,6,20000,0.442,FAIXA 2,15000,False,False,0.04199999999999998,-0.057999999999999996,False,IVS_IPEA_2010_PUBLICO_CANDIDATO
231130,CE,QUIXADA,FAIXA 1,3,3,2,3,20000,0.381,FAIXA 3,10000,False,False,-0.019000000000000017,-0.119,False,IVS_IPEA_2010_PUBLICO_CANDIDATO
231140,CE,QUIXERAMOBIM,FAIXA 2,2,2,1,2,15000,0.304,FAIXA 3,10000,False,False,-0.09600000000000003,-0.196,False,IVS_IPEA_2010_PUBLICO_CANDIDATO
231180,CE,RUSSAS,FAIXA 2,4,4,1,9,15000,0.288,FAIXA 3,10000,False,False,-0.11200000000000004,-0.21200000000000002,False,IVS_IPEA_2010_PUBLICO_CANDIDATO
231290,CE,SOBRAL,FAIXA 3,21,12,4,42,10000,0.296,FAIXA 3,10000,True,True,-0.10400000000000004,-0.20400000000000001,False,IVS_IPEA_2010_PUBLICO_CANDIDATO
231330,CE,TAUA,FAIXA 1,1,1,1,2,20000,0.351,FAIXA 3,10000,False,False,-0.049000000000000044,-0.14900000000000002,False,IVS_IPEA_2010_PUBLICO_CANDIDATO
231340,CE,TIANGUA,FAIXA 2,7,7,2,7,15000,0.385,FAIXA 3,10000,False,False,-0.015000000000000013,-0.11499999999999999,False,IVS_IPEA_2010_PUBLICO_CANDIDATO
240020,RN,ACU,FAIXA 2,3,3,1,5,15000,0.311,FAIXA 3,10000,False,False,-0.08900000000000002,-0.189,False,IVS_IPEA_2010_PUBLICO_CANDIDATO
240050,RN,ALEXANDRIA,FAIXA 1,3,3,1,4,20000,0.381,FAIXA 3,10000,False,False,-0.019000000000000017,-0.119,False,IVS_IPEA_2010_PUBLICO_CANDIDATO
240060,RN,ALMINO AFONSO,FAIXA 2,1,1,1,2,15000,0.334,FAIXA 3,10000,False,False,-0.066,-0.16599999999999998,False,IVS_IPEA_2010_PUBLICO_CANDIDATO
240200,RN,CAICO,FAIXA 3,3,2,2,6,10000,0.265,FAIXA 3,10000,True,True,-0.135,-0.235,False,IVS_IPEA_2010_PUBLICO_CANDIDATO
240260,RN,CEARA-MIRIM,FAIXA 1,7,7,1,10,20000,0.442,FAIXA 2,15000,False,False,0.04199999999999998,-0.057999999999999996,False,IVS_IPEA_2010_PUBLICO_CANDIDATO
240310,RN,CURRAIS NOVOS,FAIXA 3,1,1,1,2,10000,0.301,FAIXA 3,10000,True,True,-0.09900000000000003,-0.199,False,IVS_IPEA_2010_PUBLICO_CANDIDATO
240580,RN,JOAO CAMARA,FAIXA 1,1,1,1,2,20000,0.485,FAIXA 2,15000,False,False,0.08499999999999996,-0.015000000000000013,False,IVS_IPEA_2010_PUBLICO_CANDIDATO
240800,RN,MOSSORO,FAIXA 3,17,9,5,26,10000,0.266,FAIXA 3,10000,True,True,-0.134,-0.23399999999999999,False,IVS_IPEA_2010_PUBLICO_CANDIDATO
241120,RN,SANTA CRUZ,FAIXA 2,5,5,1,6,15000,0.425,FAIXA 2,15000,True,True,0.024999999999999967,-0.07500000000000001,False,IVS_IPEA_2010_PUBLICO_CANDIDATO
241220,RN,SAO JOSE DE MIPIBU,FAIXA 1,6,6,2,6,20000,0.39,FAIXA 3,10000,False,False,-0.010000000000000009,-0.10999999999999999,False,IVS_IPEA_2010_PUBLICO_CANDIDATO
241250,RN,SAO MIGUEL,FAIXA 1,1,1,1,1,20000,0.369,FAIXA 3,10000,False,False,-0.031000000000000028,-0.131,False,IVS_IPEA_2010_PUBLICO_CANDIDATO
250370,PB,CAJAZEIRAS,FAIXA 3,1,1,1,1,10000,0.302,FAIXA 3,10000,True,True,-0.09800000000000003,-0.198,False,IVS_IPEA_2010_PUBLICO_CANDIDATO
251080,PB,PATOS,FAIXA 3,10,10,1,10,10000,0.321,FAIXA 3,10000,True,True,-0.07900000000000001,-0.179,False,IVS_IPEA_2010_PUBLICO_CANDIDATO
251620,PB,SOUSA,FAIXA 2,7,7,1,7,15000,0.412,FAIXA 2,15000,True,True,0.011999999999999955,-0.08800000000000002,False,IVS_IPEA_2010_PUBLICO_CANDIDATO
260010,PE,AFOGADOS DA INGAZEIRA,FAIXA 1,1,1,1,2,20000,0.419,FAIXA 2,15000,False,False,0.01899999999999996,-0.08100000000000002,False,IVS_IPEA_2010_PUBLICO_CANDIDATO
260990,PE,OURICURI,FAIXA 1,1,1,1,7,20000,0.464,FAIXA 2,15000,False,False,0.064,-0.035999999999999976,False,IVS_IPEA_2010_PUBLICO_CANDIDATO
261000,PE,PALMARES,FAIXA 1,2,2,1,16,20000,0.395,FAIXA 3,10000,False,False,-0.0050000000000000044,-0.10499999999999998,False,IVS_IPEA_2010_PUBLICO_CANDIDATO
261390,PE,SERRA TALHADA,FAIXA 2,2,2,1,3,15000,0.377,FAIXA 3,10000,False,False,-0.02300000000000002,-0.123,False,IVS_IPEA_2010_PUBLICO_CANDIDATO
270030,AL,ARAPIRACA,FAIXA 2,5,5,2,8,15000,0.391,FAIXA 3,10000,False,False,-0.009000000000000008,-0.10899999999999999,False,IVS_IPEA_2010_PUBLICO_CANDIDATO
270240,AL,DELMIRO GOUVEIA,FAIXA 1,3,3,1,3,20000,0.363,FAIXA 3,10000,False,False,-0.03700000000000003,-0.137,False,IVS_IPEA_2010_PUBLICO_CANDIDATO
270430,AL,MACEIO,FAIXA 2,4,3,3,9,15000,0.434,FAIXA 2,15000,True,True,0.033999999999999975,-0.066,False,IVS_IPEA_2010_PUBLICO_CANDIDATO
270930,AL,UNIAO DOS PALMARES,FAIXA 1,1,1,1,1,20000,0.395,FAIXA 3,10000,False,False,-0.0050000000000000044,-0.10499999999999998,False,IVS_IPEA_2010_PUBLICO_CANDIDATO
280030,SE,ARACAJU,FAIXA 3,2,2,1,2,10000,0.333,FAIXA 3,10000,True,True,-0.067,-0.16699999999999998,False,IVS_IPEA_2010_PUBLICO_CANDIDATO
280350,SE,LAGARTO,FAIXA 2,5,4,2,5,15000,0.331,FAIXA 3,10000,False,False,-0.069,-0.16899999999999998,False,IVS_IPEA_2010_PUBLICO_CANDIDATO
290070,BA,ALAGOINHAS,FAIXA 2,4,4,1,4,15000,0.327,FAIXA 3,10000,False,False,-0.07300000000000001,-0.173,False,IVS_IPEA_2010_PUBLICO_CANDIDATO
290320,BA,BARREIRAS,FAIXA 3,10,10,2,10,10000,0.283,FAIXA 3,10000,True,True,-0.11700000000000005,-0.21700000000000003,False,IVS_IPEA_2010_PUBLICO_CANDIDATO
290460,BA,BRUMADO,FAIXA 2,5,5,1,5,15000,0.339,FAIXA 3,10000,False,False,-0.061,-0.16099999999999998,False,IVS_IPEA_2010_PUBLICO_CANDIDATO
291072,BA,EUNAPOLIS,FAIXA 2,3,3,1,3,15000,0.38,FAIXA 3,10000,False,False,-0.020000000000000018,-0.12,False,IVS_IPEA_2010_PUBLICO_CANDIDATO
291080,BA,FEIRA DE SANTANA,FAIXA 2,5,5,1,5,15000,0.355,FAIXA 3,10000,False,False,-0.04500000000000004,-0.14500000000000002,False,IVS_IPEA_2010_PUBLICO_CANDIDATO
291170,BA,GUANAMBI,FAIXA 2,4,4,1,4,15000,0.294,FAIXA 3,10000,False,False,-0.10600000000000004,-0.20600000000000002,False,IVS_IPEA_2010_PUBLICO_CANDIDATO
291460,BA,IRECE,FAIXA 2,9,9,2,9,15000,0.336,FAIXA 3,10000,False,False,-0.064,-0.16399999999999998,False,IVS_IPEA_2010_PUBLICO_CANDIDATO
291470,BA,ITABERABA,FAIXA 1,5,5,1,5,20000,0.384,FAIXA 3,10000,False,False,-0.016000000000000014,-0.11599999999999999,False,IVS_IPEA_2010_PUBLICO_CANDIDATO
291480,BA,ITABUNA,FAIXA 2,2,2,1,2,15000,0.334,FAIXA 3,10000,False,False,-0.066,-0.16599999999999998,False,IVS_IPEA_2010_PUBLICO_CANDIDATO
291750,BA,JACOBINA,FAIXA 2,4,4,1,4,15000,0.369,FAIXA 3,10000,False,False,-0.031000000000000028,-0.131,False,IVS_IPEA_2010_PUBLICO_CANDIDATO
291800,BA,JEQUIE,FAIXA 2,3,3,1,3,15000,0.346,FAIXA 3,10000,False,False,-0.05400000000000005,-0.15400000000000003,False,IVS_IPEA_2010_PUBLICO_CANDIDATO
291840,BA,JUAZEIRO,FAIXA 2,10,10,2,10,15000,0.368,FAIXA 3,10000,False,False,-0.03200000000000003,-0.132,False,IVS_IPEA_2010_PUBLICO_CANDIDATO
292400,BA,PAULO AFONSO,FAIXA 2,5,5,1,5,15000,0.355,FAIXA 3,10000,False,False,-0.04500000000000004,-0.14500000000000002,False,IVS_IPEA_2010_PUBLICO_CANDIDATO
292660,BA,RIBEIRA DO POMBAL,FAIXA 1,4,4,1,4,20000,0.408,FAIXA 2,15000,False,False,0.007999999999999952,-0.09200000000000003,False,IVS_IPEA_2010_PUBLICO_CANDIDATO
292810,BA,SANTA MARIA DA VITORIA,FAIXA 1,3,3,1,3,20000,0.363,FAIXA 3,10000,False,False,-0.03700000000000003,-0.137,False,IVS_IPEA_2010_PUBLICO_CANDIDATO
292870,BA,SANTO ANTONIO DE JESUS,FAIXA 3,9,9,2,9,10000,0.306,FAIXA 3,10000,True,True,-0.09400000000000003,-0.194,False,IVS_IPEA_2010_PUBLICO_CANDIDATO
293010,BA,SENHOR DO BONFIM,FAIXA 2,4,4,1,4,15000,0.348,FAIXA 3,10000,False,False,-0.052000000000000046,-0.15200000000000002,False,IVS_IPEA_2010_PUBLICO_CANDIDATO
293050,BA,SERRINHA,FAIXA 2,3,3,1,3,15000,0.367,FAIXA 3,10000,False,False,-0.03300000000000003,-0.133,False,IVS_IPEA_2010_PUBLICO_CANDIDATO
293135,BA,TEIXEIRA DE FREITAS,FAIXA 2,8,8,2,8,15000,0.383,FAIXA 3,10000,False,False,-0.017000000000000015,-0.11699999999999999,False,IVS_IPEA_2010_PUBLICO_CANDIDATO
293290,BA,VALENCA,FAIXA 2,5,5,1,6,15000,0.358,FAIXA 3,10000,False,False,-0.04200000000000004,-0.14200000000000002,False,IVS_IPEA_2010_PUBLICO_CANDIDATO
293330,BA,VITORIA DA CONQUISTA,FAIXA 2,10,9,3,10,15000,0.328,FAIXA 3,10000,False,False,-0.07200000000000001,-0.172,False,IVS_IPEA_2010_PUBLICO_CANDIDATO
310030,MG,ABRE CAMPO,FAIXA 3,2,2,1,2,10000,0.323,FAIXA 3,10000,True,True,-0.07700000000000001,-0.177,False,IVS_IPEA_2010_PUBLICO_CANDIDATO
310090,MG,AGUAS FORMOSAS,FAIXA 2,9,9,1,13,15000,0.43,FAIXA 2,15000,True,True,0.02999999999999997,-0.07,False,IVS_IPEA_2010_PUBLICO_CANDIDATO
310150,MG,ALEM PARAIBA,FAIXA 3,5,5,1,5,10000,0.322,FAIXA 3,10000,True,True,-0.07800000000000001,-0.178,False,IVS_IPEA_2010_PUBLICO_CANDIDATO
310160,MG,ALFENAS,FAIXA 3,6,6,1,10,10000,0.317,FAIXA 3,10000,True,True,-0.08300000000000002,-0.183,False,IVS_IPEA_2010_PUBLICO_CANDIDATO
310400,MG,ARAXA,FAIXA 3,3,3,1,8,10000,0.264,FAIXA 3,10000,True,True,-0.136,-0.236,False,IVS_IPEA_2010_PUBLICO_CANDIDATO
310470,MG,ATALEIA,FAIXA 1,2,2,1,2,20000,0.381,FAIXA 3,10000,False,False,-0.019000000000000017,-0.119,False,IVS_IPEA_2010_PUBLICO_CANDIDATO
310560,MG,BARBACENA,FAIXA 3,1,1,1,1,10000,0.327,FAIXA 3,10000,True,True,-0.07300000000000001,-0.173,False,IVS_IPEA_2010_PUBLICO_CANDIDATO
310670,MG,BETIM,FAIXA 2,4,4,1,13,15000,0.355,FAIXA 3,10000,False,False,-0.04500000000000004,-0.14500000000000002,False,IVS_IPEA_2010_PUBLICO_CANDIDATO
310730,MG,BOCAIUVA,FAIXA 2,8,8,1,13,15000,0.283,FAIXA 3,10000,False,False,-0.11700000000000005,-0.21700000000000003,False,IVS_IPEA_2010_PUBLICO_CANDIDATO
310740,MG,BOM DESPACHO,FAIXA 3,3,3,1,4,10000,0.217,FAIXA 3,10000,True,True,-0.18300000000000002,-0.28300000000000003,False,IVS_IPEA_2010_PUBLICO_CANDIDATO
311050,MG,CAMANDUCAIA,FAIXA 3,1,1,1,1,10000,0.252,FAIXA 3,10000,True,True,-0.14800000000000002,-0.248,False,IVS_IPEA_2010_PUBLICO_CANDIDATO
311230,MG,CAPELINHA,FAIXA 2,3,3,1,7,15000,0.329,FAIXA 3,10000,False,False,-0.07100000000000001,-0.17099999999999999,False,IVS_IPEA_2010_PUBLICO_CANDIDATO
311340,MG,CARATINGA,FAIXA 3,18,9,2,35,10000,0.286,FAIXA 3,10000,True,True,-0.11400000000000005,-0.21400000000000002,False,IVS_IPEA_2010_PUBLICO_CANDIDATO
311430,MG,CARMO DO PARANAIBA,FAIXA 3,4,4,1,8,10000,0.286,FAIXA 3,10000,True,True,-0.11400000000000005,-0.21400000000000002,False,IVS_IPEA_2010_PUBLICO_CANDIDATO
311800,MG,CONGONHAS,FAIXA 3,1,1,1,1,10000,0.252,FAIXA 3,10000,True,True,-0.14800000000000002,-0.248,False,IVS_IPEA_2010_PUBLICO_CANDIDATO
311830,MG,CONSELHEIRO LAFAIETE,FAIXA 3,4,4,1,6,10000,0.278,FAIXA 3,10000,True,True,-0.122,-0.22199999999999998,False,IVS_IPEA_2010_PUBLICO_CANDIDATO
311940,MG,CORONEL FABRICIANO,FAIXA 3,5,5,1,12,10000,0.267,FAIXA 3,10000,True,True,-0.133,-0.23299999999999998,False,IVS_IPEA_2010_PUBLICO_CANDIDATO
312160,MG,DIAMANTINA,FAIXA 2,9,5,2,13,15000,0.281,FAIXA 3,10000,False,False,-0.119,-0.21899999999999997,False,IVS_IPEA_2010_PUBLICO_CANDIDATO
312200,MG,DIVINO,FAIXA 1,2,2,1,4,20000,0.439,FAIXA 2,15000,False,False,0.03899999999999998,-0.061,False,IVS_IPEA_2010_PUBLICO_CANDIDATO
312430,MG,ESPINOSA,FAIXA 1,4,4,1,4,20000,0.448,FAIXA 2,15000,False,False,0.04799999999999999,-0.05199999999999999,False,IVS_IPEA_2010_PUBLICO_CANDIDATO
312670,MG,FRANCISCO SA,FAIXA 1,8,8,1,26,20000,0.38,FAIXA 3,10000,False,False,-0.020000000000000018,-0.12,False,IVS_IPEA_2010_PUBLICO_CANDIDATO
312800,MG,GUANHAES,FAIXA 2,4,4,1,8,15000,0.32,FAIXA 3,10000,False,False,-0.08000000000000002,-0.18,False,IVS_IPEA_2010_PUBLICO_CANDIDATO
312870,MG,GUAXUPE,FAIXA 3,3,3,1,6,10000,0.273,FAIXA 3,10000,True,True,-0.127,-0.22699999999999998,False,IVS_IPEA_2010_PUBLICO_CANDIDATO
312950,MG,IBIA,FAIXA 3,1,1,1,1,10000,0.196,FAIXA 3,10000,True,True,-0.20400000000000001,-0.304,False,IVS_IPEA_2010_PUBLICO_CANDIDATO
313120,MG,IPANEMA,FAIXA 3,2,2,1,2,10000,0.356,FAIXA 3,10000,True,True,-0.04400000000000004,-0.14400000000000002,False,IVS_IPEA_2010_PUBLICO_CANDIDATO
313250,MG,ITAMARANDIBA,FAIXA 1,1,1,1,1,20000,0.355,FAIXA 3,10000,False,False,-0.04500000000000004,-0.14500000000000002,False,IVS_IPEA_2010_PUBLICO_CANDIDATO
313270,MG,ITAMBACURI,FAIXA 1,3,3,1,3,20000,0.361,FAIXA 3,10000,False,False,-0.039000000000000035,-0.139,False,IVS_IPEA_2010_PUBLICO_CANDIDATO
313380,MG,ITAUNA,FAIXA 3,3,3,1,5,10000,0.195,FAIXA 3,10000,True,True,-0.20500000000000002,-0.305,False,IVS_IPEA_2010_PUBLICO_CANDIDATO
313520,MG,JANUARIA,FAIXA 1,7,7,1,12,20000,0.375,FAIXA 3,10000,False,False,-0.025000000000000022,-0.125,False,IVS_IPEA_2010_PUBLICO_CANDIDATO
313600,MG,JOAIMA,FAIXA 1,4,4,1,4,20000,0.431,FAIXA 2,15000,False,False,0.030999999999999972,-0.069,False,IVS_IPEA_2010_PUBLICO_CANDIDATO
313620,MG,JOAO MONLEVADE,FAIXA 3,3,3,1,9,10000,0.216,FAIXA 3,10000,True,True,-0.18400000000000002,-0.28400000000000003,False,IVS_IPEA_2010_PUBLICO_CANDIDATO
313630,MG,JOAO PINHEIRO,FAIXA 2,6,6,1,15,15000,0.347,FAIXA 3,10000,False,False,-0.05300000000000005,-0.15300000000000002,False,IVS_IPEA_2010_PUBLICO_CANDIDATO
313700,MG,LADAINHA,FAIXA 1,4,4,1,4,20000,0.432,FAIXA 2,15000,False,False,0.03199999999999997,-0.068,False,IVS_IPEA_2010_PUBLICO_CANDIDATO
313820,MG,LAVRAS,FAIXA 3,3,3,1,3,10000,0.241,FAIXA 3,10000,True,True,-0.15900000000000003,-0.259,False,IVS_IPEA_2010_PUBLICO_CANDIDATO
313868,MG,LUISLANDIA,FAIXA 1,2,2,1,2,20000,0.405,FAIXA 2,15000,False,False,0.0050000000000000044,-0.09499999999999997,False,IVS_IPEA_2010_PUBLICO_CANDIDATO
313980,MG,MAR DE ESPANHA,FAIXA 3,2,2,1,2,10000,0.213,FAIXA 3,10000,True,True,-0.18700000000000003,-0.28700000000000003,False,IVS_IPEA_2010_PUBLICO_CANDIDATO
314220,MG,MIRAI,FAIXA 3,1,1,1,1,10000,0.257,FAIXA 3,10000,True,True,-0.14300000000000002,-0.243,False,IVS_IPEA_2010_PUBLICO_CANDIDATO
314270,MG,MONTALVANIA,FAIXA 1,1,1,1,1,20000,0.378,FAIXA 3,10000,False,False,-0.02200000000000002,-0.122,False,IVS_IPEA_2010_PUBLICO_CANDIDATO
314400,MG,MUTUM,FAIXA 2,1,1,1,1,15000,0.316,FAIXA 3,10000,False,False,-0.08400000000000002,-0.184,False,IVS_IPEA_2010_PUBLICO_CANDIDATO
314560,MG,OLIVEIRA,FAIXA 3,3,3,1,6,10000,0.27,FAIXA 3,10000,True,True,-0.13,-0.22999999999999998,False,IVS_IPEA_2010_PUBLICO_CANDIDATO
314700,MG,PARACATU,FAIXA 3,5,5,1,20,10000,0.288,FAIXA 3,10000,True,True,-0.11200000000000004,-0.21200000000000002,False,IVS_IPEA_2010_PUBLICO_CANDIDATO
314710,MG,PARA DE MINAS,FAIXA 3,3,3,2,5,10000,0.272,FAIXA 3,10000,True,True,-0.128,-0.22799999999999998,False,IVS_IPEA_2010_PUBLICO_CANDIDATO
314760,MG,PASSA QUATRO,FAIXA 3,1,1,1,1,10000,0.306,FAIXA 3,10000,True,True,-0.09400000000000003,-0.194,False,IVS_IPEA_2010_PUBLICO_CANDIDATO
314800,MG,PATOS DE MINAS,FAIXA 3,3,3,1,7,10000,0.198,FAIXA 3,10000,True,True,-0.202,-0.302,False,IVS_IPEA_2010_PUBLICO_CANDIDATO
314810,MG,PATROCINIO,FAIXA 3,9,9,1,13,10000,0.284,FAIXA 3,10000,True,True,-0.11600000000000005,-0.21600000000000003,False,IVS_IPEA_2010_PUBLICO_CANDIDATO
314870,MG,PEDRA AZUL,FAIXA 1,9,9,1,18,20000,0.396,FAIXA 3,10000,False,False,-0.0040000000000000036,-0.10399999999999998,False,IVS_IPEA_2010_PUBLICO_CANDIDATO
315220,MG,PORTEIRINHA,FAIXA 2,2,2,1,2,15000,0.342,FAIXA 3,10000,False,False,-0.057999999999999996,-0.15799999999999997,False,IVS_IPEA_2010_PUBLICO_CANDIDATO
315240,MG,POTE,FAIXA 1,2,2,1,2,20000,0.455,FAIXA 2,15000,False,False,0.05499999999999999,-0.044999999999999984,False,IVS_IPEA_2010_PUBLICO_CANDIDATO
315400,MG,RAUL SOARES,FAIXA 3,4,4,1,9,10000,0.282,FAIXA 3,10000,True,True,-0.11800000000000005,-0.21800000000000003,False,IVS_IPEA_2010_PUBLICO_CANDIDATO
315765,MG,SANTA HELENA DE MINAS,FAIXA 1,2,2,1,2,20000,0.422,FAIXA 2,15000,False,False,0.021999999999999964,-0.07800000000000001,False,IVS_IPEA_2010_PUBLICO_CANDIDATO
315790,MG,SANTA MARGARIDA,FAIXA 2,2,2,1,2,15000,0.365,FAIXA 3,10000,False,False,-0.03500000000000003,-0.135,False,IVS_IPEA_2010_PUBLICO_CANDIDATO
316070,MG,SANTOS DUMONT,FAIXA 3,3,3,1,3,10000,0.319,FAIXA 3,10000,True,True,-0.08100000000000002,-0.181,False,IVS_IPEA_2010_PUBLICO_CANDIDATO
316110,MG,SAO FRANCISCO,FAIXA 2,8,8,1,21,15000,0.374,FAIXA 3,10000,False,False,-0.026000000000000023,-0.126,False,IVS_IPEA_2010_PUBLICO_CANDIDATO
316210,MG,SAO GOTARDO,FAIXA 3,9,9,1,12,10000,0.321,FAIXA 3,10000,True,True,-0.07900000000000001,-0.179,False,IVS_IPEA_2010_PUBLICO_CANDIDATO
316470,MG,SAO SEBASTIAO DO PARAISO,FAIXA 3,4,4,1,8,10000,0.356,FAIXA 3,10000,True,True,-0.04400000000000004,-0.14400000000000002,False,IVS_IPEA_2010_PUBLICO_CANDIDATO
316710,MG,SERRO,FAIXA 1,1,1,1,1,20000,0.365,FAIXA 3,10000,False,False,-0.03500000000000003,-0.135,False,IVS_IPEA_2010_PUBLICO_CANDIDATO
316860,MG,TEOFILO OTONI,FAIXA 2,17,10,3,25,15000,0.324,FAIXA 3,10000,False,False,-0.07600000000000001,-0.176,False,IVS_IPEA_2010_PUBLICO_CANDIDATO
316870,MG,TIMOTEO,FAIXA 3,1,1,1,2,10000,0.248,FAIXA 3,10000,True,True,-0.15200000000000002,-0.252,False,IVS_IPEA_2010_PUBLICO_CANDIDATO
316970,MG,TURMALINA,FAIXA 2,4,4,1,6,15000,0.278,FAIXA 3,10000,False,False,-0.122,-0.22199999999999998,False,IVS_IPEA_2010_PUBLICO_CANDIDATO
317010,MG,UBERABA,FAIXA 3,3,2,2,3,10000,0.238,FAIXA 3,10000,True,True,-0.16200000000000003,-0.262,False,IVS_IPEA_2010_PUBLICO_CANDIDATO
317040,MG,UNAI,FAIXA 3,1,1,1,4,10000,0.264,FAIXA 3,10000,True,True,-0.136,-0.236,False,IVS_IPEA_2010_PUBLICO_CANDIDATO
317052,MG,URUCUIA,FAIXA 1,2,2,1,4,20000,0.34,FAIXA 3,10000,False,False,-0.06,-0.15999999999999998,False,IVS_IPEA_2010_PUBLICO_CANDIDATO
317080,MG,VARZEA DA PALMA,FAIXA 2,1,1,1,1,15000,0.4,FAIXA 3,10000,False,False,0.0,-0.09999999999999998,False,IVS_IPEA_2010_PUBLICO_CANDIDATO
320120,ES,CACHOEIRO DE ITAPEMIRIM,FAIXA 3,3,3,1,4,10000,0.254,FAIXA 3,10000,True,True,-0.14600000000000002,-0.246,False,IVS_IPEA_2010_PUBLICO_CANDIDATO
320320,ES,LINHARES,FAIXA 3,1,1,1,2,10000,0.267,FAIXA 3,10000,True,True,-0.133,-0.23299999999999998,False,IVS_IPEA_2010_PUBLICO_CANDIDATO
320530,ES,VITORIA,FAIXA 3,1,1,1,2,10000,0.221,FAIXA 3,10000,True,True,-0.17900000000000002,-0.279,False,IVS_IPEA_2010_PUBLICO_CANDIDATO
330010,RJ,ANGRA DOS REIS,FAIXA 3,7,4,2,8,10000,0.29,FAIXA 3,10000,True,True,-0.11000000000000004,-0.21000000000000002,False,IVS_IPEA_2010_PUBLICO_CANDIDATO
330040,RJ,BARRA MANSA,FAIXA 3,2,2,1,2,10000,0.266,FAIXA 3,10000,True,True,-0.134,-0.23399999999999999,False,IVS_IPEA_2010_PUBLICO_CANDIDATO
330045,RJ,BELFORD ROXO,FAIXA 2,1,1,1,2,15000,0.42,FAIXA 2,15000,True,True,0.019999999999999962,-0.08000000000000002,False,IVS_IPEA_2010_PUBLICO_CANDIDATO
330070,RJ,CABO FRIO,FAIXA 3,9,9,3,21,10000,0.259,FAIXA 3,10000,True,True,-0.14100000000000001,-0.241,False,IVS_IPEA_2010_PUBLICO_CANDIDATO
330190,RJ,ITABORAI,FAIXA 2,1,1,1,1,15000,0.437,FAIXA 2,15000,True,True,0.03699999999999998,-0.063,False,IVS_IPEA_2010_PUBLICO_CANDIDATO
330200,RJ,ITAGUAI,FAIXA 3,1,1,1,3,10000,0.288,FAIXA 3,10000,True,True,-0.11200000000000004,-0.21200000000000002,False,IVS_IPEA_2010_PUBLICO_CANDIDATO
330220,RJ,ITAPERUNA,FAIXA 3,2,2,1,2,10000,0.255,FAIXA 3,10000,True,True,-0.14500000000000002,-0.245,False,IVS_IPEA_2010_PUBLICO_CANDIDATO
330240,RJ,MACAE,FAIXA 3,1,1,1,1,10000,0.335,FAIXA 3,10000,True,True,-0.065,-0.16499999999999998,False,IVS_IPEA_2010_PUBLICO_CANDIDATO
330250,RJ,MAGE,FAIXA 2,1,1,1,1,15000,0.427,FAIXA 2,15000,True,True,0.02699999999999997,-0.07300000000000001,False,IVS_IPEA_2010_PUBLICO_CANDIDATO
330330,RJ,NITEROI,FAIXA 3,2,2,2,2,10000,0.291,FAIXA 3,10000,True,True,-0.10900000000000004,-0.20900000000000002,False,IVS_IPEA_2010_PUBLICO_CANDIDATO
330340,RJ,NOVA FRIBURGO,FAIXA 3,1,1,1,2,10000,0.225,FAIXA 3,10000,True,True,-0.17500000000000002,-0.275,False,IVS_IPEA_2010_PUBLICO_CANDIDATO
330350,RJ,NOVA IGUACU,FAIXA 2,1,1,1,2,15000,0.408,FAIXA 2,15000,True,True,0.007999999999999952,-0.09200000000000003,False,IVS_IPEA_2010_PUBLICO_CANDIDATO
330370,RJ,PARAIBA DO SUL,FAIXA 3,1,1,1,1,10000,0.305,FAIXA 3,10000,True,True,-0.09500000000000003,-0.195,False,IVS_IPEA_2010_PUBLICO_CANDIDATO
330452,RJ,RIO DAS OSTRAS,FAIXA 3,1,1,1,2,10000,0.244,FAIXA 3,10000,True,True,-0.15600000000000003,-0.256,False,IVS_IPEA_2010_PUBLICO_CANDIDATO
330455,RJ,RIO DE JANEIRO,FAIXA 3,1,1,1,1,10000,0.334,FAIXA 3,10000,True,True,-0.066,-0.16599999999999998,False,IVS_IPEA_2010_PUBLICO_CANDIDATO
330490,RJ,SAO GONCALO,FAIXA 2,1,1,1,1,15000,0.379,FAIXA 3,10000,False,False,-0.02100000000000002,-0.121,False,IVS_IPEA_2010_PUBLICO_CANDIDATO
330510,RJ,SAO JOAO DE MERITI,FAIXA 2,1,1,1,1,15000,0.37,FAIXA 3,10000,False,False,-0.030000000000000027,-0.13,False,IVS_IPEA_2010_PUBLICO_CANDIDATO
330620,RJ,VASSOURAS,FAIXA 3,1,1,1,1,10000,0.186,FAIXA 3,10000,True,True,-0.21400000000000002,-0.314,False,IVS_IPEA_2010_PUBLICO_CANDIDATO
330630,RJ,VOLTA REDONDA,FAIXA 3,2,1,2,2,10000,0.236,FAIXA 3,10000,True,True,-0.16400000000000003,-0.264,False,IVS_IPEA_2010_PUBLICO_CANDIDATO
350190,SP,AMPARO,FAIXA 3,1,1,1,1,10000,0.182,FAIXA 3,10000,True,True,-0.21800000000000003,-0.318,False,IVS_IPEA_2010_PUBLICO_CANDIDATO
350210,SP,ANDRADINA,FAIXA 3,6,6,1,6,10000,0.223,FAIXA 3,10000,True,True,-0.17700000000000002,-0.277,False,IVS_IPEA_2010_PUBLICO_CANDIDATO
350600,SP,BAURU,FAIXA 3,2,2,1,2,10000,0.257,FAIXA 3,10000,True,True,-0.14300000000000002,-0.243,False,IVS_IPEA_2010_PUBLICO_CANDIDATO
350750,SP,BOTUCATU,FAIXA 3,5,5,1,5,10000,0.288,FAIXA 3,10000,True,True,-0.11200000000000004,-0.21200000000000002,False,IVS_IPEA_2010_PUBLICO_CANDIDATO
350760,SP,BRAGANCA PAULISTA,FAIXA 3,2,2,1,2,10000,0.221,FAIXA 3,10000,True,True,-0.17900000000000002,-0.279,False,IVS_IPEA_2010_PUBLICO_CANDIDATO
350950,SP,CAMPINAS,FAIXA 3,2,1,2,2,10000,0.332,FAIXA 3,10000,True,True,-0.068,-0.16799999999999998,False,IVS_IPEA_2010_PUBLICO_CANDIDATO
351050,SP,CARAGUATATUBA,FAIXA 3,6,6,1,6,10000,0.238,FAIXA 3,10000,True,True,-0.16200000000000003,-0.262,False,IVS_IPEA_2010_PUBLICO_CANDIDATO
351300,SP,COTIA,FAIXA 2,1,1,1,1,15000,0.342,FAIXA 3,10000,False,False,-0.057999999999999996,-0.15799999999999997,False,IVS_IPEA_2010_PUBLICO_CANDIDATO
351390,SP,DIVINOLANDIA,FAIXA 3,1,1,1,1,10000,0.303,FAIXA 3,10000,True,True,-0.09700000000000003,-0.197,False,IVS_IPEA_2010_PUBLICO_CANDIDATO
351880,SP,GUARULHOS,FAIXA 2,12,6,3,12,15000,0.365,FAIXA 3,10000,False,False,-0.03500000000000003,-0.135,False,IVS_IPEA_2010_PUBLICO_CANDIDATO
352010,SP,IGARAPAVA,FAIXA 2,3,3,1,3,15000,0.372,FAIXA 3,10000,False,False,-0.028000000000000025,-0.128,False,IVS_IPEA_2010_PUBLICO_CANDIDATO
352590,SP,JUNDIAI,FAIXA 3,3,3,2,3,10000,0.219,FAIXA 3,10000,True,True,-0.18100000000000002,-0.281,False,IVS_IPEA_2010_PUBLICO_CANDIDATO
352900,SP,MARILIA,FAIXA 3,2,2,2,2,10000,0.268,FAIXA 3,10000,True,True,-0.132,-0.23199999999999998,False,IVS_IPEA_2010_PUBLICO_CANDIDATO
353440,SP,OSASCO,FAIXA 2,3,3,1,3,15000,0.354,FAIXA 3,10000,False,False,-0.04600000000000004,-0.14600000000000002,False,IVS_IPEA_2010_PUBLICO_CANDIDATO
354140,SP,PRESIDENTE PRUDENTE,FAIXA 3,1,1,1,1,10000,0.228,FAIXA 3,10000,True,True,-0.17200000000000001,-0.272,False,IVS_IPEA_2010_PUBLICO_CANDIDATO
354150,SP,PRESIDENTE VENCESLAU,FAIXA 3,2,2,1,2,10000,0.22,FAIXA 3,10000,True,True,-0.18000000000000002,-0.28,False,IVS_IPEA_2010_PUBLICO_CANDIDATO
354340,SP,RIBEIRAO PRETO,FAIXA 3,1,1,1,1,10000,0.319,FAIXA 3,10000,True,True,-0.08100000000000002,-0.181,False,IVS_IPEA_2010_PUBLICO_CANDIDATO
354940,SP,SAO JOAQUIM DA BARRA,FAIXA 3,2,2,1,2,10000,0.216,FAIXA 3,10000,True,True,-0.18400000000000002,-0.28400000000000003,False,IVS_IPEA_2010_PUBLICO_CANDIDATO
355010,SP,SAO MANUEL,FAIXA 3,1,1,1,1,10000,0.336,FAIXA 3,10000,True,True,-0.064,-0.16399999999999998,False,IVS_IPEA_2010_PUBLICO_CANDIDATO
355370,SP,TAQUARITINGA,FAIXA 3,2,2,1,2,10000,0.372,FAIXA 3,10000,True,True,-0.028000000000000025,-0.128,False,IVS_IPEA_2010_PUBLICO_CANDIDATO
355500,SP,TUPA,FAIXA 3,8,8,1,8,10000,0.326,FAIXA 3,10000,True,True,-0.07400000000000001,-0.174,False,IVS_IPEA_2010_PUBLICO_CANDIDATO
355710,SP,VOTUPORANGA,FAIXA 3,2,2,1,2,10000,0.195,FAIXA 3,10000,True,True,-0.20500000000000002,-0.305,False,IVS_IPEA_2010_PUBLICO_CANDIDATO
410480,PR,CASCAVEL,FAIXA 3,1,1,1,1,10000,0.318,FAIXA 3,10000,True,True,-0.08200000000000002,-0.182,False,IVS_IPEA_2010_PUBLICO_CANDIDATO
410690,PR,CURITIBA,FAIXA 3,2,1,2,3,10000,0.297,FAIXA 3,10000,True,True,-0.10300000000000004,-0.203,False,IVS_IPEA_2010_PUBLICO_CANDIDATO
411370,PR,LONDRINA,FAIXA 3,4,3,2,4,10000,0.335,FAIXA 3,10000,True,True,-0.065,-0.16499999999999998,False,IVS_IPEA_2010_PUBLICO_CANDIDATO
411820,PR,PARANAGUA,FAIXA 3,3,3,1,3,10000,0.244,FAIXA 3,10000,True,True,-0.15600000000000003,-0.256,False,IVS_IPEA_2010_PUBLICO_CANDIDATO
411990,PR,PONTA GROSSA,FAIXA 3,3,3,1,3,10000,0.358,FAIXA 3,10000,True,True,-0.04200000000000004,-0.14200000000000002,False,IVS_IPEA_2010_PUBLICO_CANDIDATO
420240,SC,BLUMENAU,FAIXA 3,1,1,1,1,10000,0.212,FAIXA 3,10000,True,True,-0.18800000000000003,-0.28800000000000003,False,IVS_IPEA_2010_PUBLICO_CANDIDATO
420420,SC,CHAPECO,FAIXA 3,3,3,1,4,10000,0.257,FAIXA 3,10000,True,True,-0.14300000000000002,-0.243,False,IVS_IPEA_2010_PUBLICO_CANDIDATO
420460,SC,CRICIUMA,FAIXA 3,3,3,1,4,10000,0.197,FAIXA 3,10000,True,True,-0.203,-0.303,False,IVS_IPEA_2010_PUBLICO_CANDIDATO
420540,SC,FLORIANOPOLIS,FAIXA 3,1,1,1,2,10000,0.237,FAIXA 3,10000,True,True,-0.16300000000000003,-0.263,False,IVS_IPEA_2010_PUBLICO_CANDIDATO
420820,SC,ITAJAI,FAIXA 3,1,1,1,1,10000,0.188,FAIXA 3,10000,True,True,-0.21200000000000002,-0.312,False,IVS_IPEA_2010_PUBLICO_CANDIDATO
420890,SC,JARAGUA DO SUL,FAIXA 3,3,3,1,4,10000,0.202,FAIXA 3,10000,True,True,-0.198,-0.298,False,IVS_IPEA_2010_PUBLICO_CANDIDATO
420900,SC,JOACABA,FAIXA 3,1,1,1,1,10000,0.189,FAIXA 3,10000,True,True,-0.21100000000000002,-0.311,False,IVS_IPEA_2010_PUBLICO_CANDIDATO
420930,SC,LAGES,FAIXA 3,2,2,1,3,10000,0.365,FAIXA 3,10000,True,True,-0.03500000000000003,-0.135,False,IVS_IPEA_2010_PUBLICO_CANDIDATO
421480,SC,RIO DO SUL,FAIXA 3,2,2,1,4,10000,0.15,FAIXA 3,10000,True,True,-0.25,-0.35,False,IVS_IPEA_2010_PUBLICO_CANDIDATO
421580,SC,SAO BENTO DO SUL,FAIXA 3,1,1,1,1,10000,0.194,FAIXA 3,10000,True,True,-0.20600000000000002,-0.306,False,IVS_IPEA_2010_PUBLICO_CANDIDATO
421720,SC,SAO MIGUEL DO OESTE,FAIXA 3,1,1,1,1,10000,0.243,FAIXA 3,10000,True,True,-0.15700000000000003,-0.257,False,IVS_IPEA_2010_PUBLICO_CANDIDATO
421870,SC,TUBARAO,FAIXA 3,1,1,1,1,10000,0.153,FAIXA 3,10000,True,True,-0.24700000000000003,-0.347,False,IVS_IPEA_2010_PUBLICO_CANDIDATO
430530,RS,CHAPADA,FAIXA 3,1,1,1,2,10000,0.141,FAIXA 3,10000,True,True,-0.259,-0.359,False,IVS_IPEA_2010_PUBLICO_CANDIDATO
430535,RS,CHARQUEADAS,FAIXA 3,1,1,1,1,10000,0.201,FAIXA 3,10000,True,True,-0.199,-0.299,False,IVS_IPEA_2010_PUBLICO_CANDIDATO
430610,RS,CRUZ ALTA,FAIXA 3,1,1,1,1,10000,0.252,FAIXA 3,10000,True,True,-0.14800000000000002,-0.248,False,IVS_IPEA_2010_PUBLICO_CANDIDATO
430700,RS,ERECHIM,FAIXA 3,3,2,2,4,10000,0.275,FAIXA 3,10000,True,True,-0.125,-0.22499999999999998,False,IVS_IPEA_2010_PUBLICO_CANDIDATO
430850,RS,FREDERICO WESTPHALEN,FAIXA 3,4,4,1,4,10000,0.153,FAIXA 3,10000,True,True,-0.24700000000000003,-0.347,False,IVS_IPEA_2010_PUBLICO_CANDIDATO
430900,RS,GIRUA,FAIXA 3,1,1,1,1,10000,0.253,FAIXA 3,10000,True,True,-0.14700000000000002,-0.247,False,IVS_IPEA_2010_PUBLICO_CANDIDATO
430930,RS,GUAIBA,FAIXA 2,2,2,1,2,15000,0.36,FAIXA 3,10000,False,False,-0.040000000000000036,-0.14,False,IVS_IPEA_2010_PUBLICO_CANDIDATO
431010,RS,IGREJINHA,FAIXA 3,1,1,1,1,10000,0.154,FAIXA 3,10000,True,True,-0.24600000000000002,-0.346,False,IVS_IPEA_2010_PUBLICO_CANDIDATO
431020,RS,IJUI,FAIXA 3,5,5,1,6,10000,0.298,FAIXA 3,10000,True,True,-0.10200000000000004,-0.202,False,IVS_IPEA_2010_PUBLICO_CANDIDATO
431270,RS,NONOAI,FAIXA 2,2,2,1,2,15000,0.296,FAIXA 3,10000,False,False,-0.10400000000000004,-0.20400000000000001,False,IVS_IPEA_2010_PUBLICO_CANDIDATO
431340,RS,NOVO HAMBURGO,FAIXA 3,3,3,1,6,10000,0.228,FAIXA 3,10000,True,True,-0.17200000000000001,-0.272,False,IVS_IPEA_2010_PUBLICO_CANDIDATO
431405,RS,PAROBE,FAIXA 3,4,4,1,4,10000,0.21,FAIXA 3,10000,True,True,-0.19000000000000003,-0.29000000000000004,False,IVS_IPEA_2010_PUBLICO_CANDIDATO
431440,RS,PELOTAS,FAIXA 3,1,1,1,1,10000,0.31,FAIXA 3,10000,True,True,-0.09000000000000002,-0.19,False,IVS_IPEA_2010_PUBLICO_CANDIDATO
431490,RS,PORTO ALEGRE,FAIXA 3,1,1,1,1,10000,0.319,FAIXA 3,10000,True,True,-0.08100000000000002,-0.181,False,IVS_IPEA_2010_PUBLICO_CANDIDATO
431560,RS,RIO GRANDE,FAIXA 3,4,4,1,4,10000,0.334,FAIXA 3,10000,True,True,-0.066,-0.16599999999999998,False,IVS_IPEA_2010_PUBLICO_CANDIDATO
431690,RS,SANTA MARIA,FAIXA 3,3,3,1,3,10000,0.281,FAIXA 3,10000,True,True,-0.119,-0.21899999999999997,False,IVS_IPEA_2010_PUBLICO_CANDIDATO
431720,RS,SANTA ROSA,FAIXA 3,7,7,1,8,10000,0.247,FAIXA 3,10000,True,True,-0.15300000000000002,-0.253,False,IVS_IPEA_2010_PUBLICO_CANDIDATO
431800,RS,SAO BORJA,FAIXA 3,2,2,1,2,10000,0.298,FAIXA 3,10000,True,True,-0.10200000000000004,-0.202,False,IVS_IPEA_2010_PUBLICO_CANDIDATO
432240,RS,URUGUAIANA,FAIXA 3,1,1,1,1,10000,0.3,FAIXA 3,10000,True,True,-0.10000000000000003,-0.2,False,IVS_IPEA_2010_PUBLICO_CANDIDATO
500110,MS,AQUIDAUANA,FAIXA 2,1,1,1,1,15000,0.341,FAIXA 3,10000,False,False,-0.059,-0.15899999999999997,False,IVS_IPEA_2010_PUBLICO_CANDIDATO
500270,MS,CAMPO GRANDE,FAIXA 3,2,1,2,2,10000,0.318,FAIXA 3,10000,True,True,-0.08200000000000002,-0.182,False,IVS_IPEA_2010_PUBLICO_CANDIDATO
500320,MS,CORUMBA,FAIXA 2,3,3,1,3,15000,0.338,FAIXA 3,10000,False,False,-0.062,-0.16199999999999998,False,IVS_IPEA_2010_PUBLICO_CANDIDATO
500330,MS,COXIM,FAIXA 3,1,1,1,1,10000,0.273,FAIXA 3,10000,True,True,-0.127,-0.22699999999999998,False,IVS_IPEA_2010_PUBLICO_CANDIDATO
500370,MS,DOURADOS,FAIXA 3,3,3,1,3,10000,0.253,FAIXA 3,10000,True,True,-0.14700000000000002,-0.247,False,IVS_IPEA_2010_PUBLICO_CANDIDATO
500830,MS,TRES LAGOAS,FAIXA 3,5,5,1,5,10000,0.24,FAIXA 3,10000,True,True,-0.16000000000000003,-0.26,False,IVS_IPEA_2010_PUBLICO_CANDIDATO
510025,MT,ALTA FLORESTA,FAIXA 3,1,1,1,2,10000,0.253,FAIXA 3,10000,True,True,-0.14700000000000002,-0.247,False,IVS_IPEA_2010_PUBLICO_CANDIDATO
510250,MT,CACERES,FAIXA 3,15,8,2,21,10000,0.306,FAIXA 3,10000,True,True,-0.09400000000000003,-0.194,False,IVS_IPEA_2010_PUBLICO_CANDIDATO
510260,MT,CAMPINAPOLIS,FAIXA 1,1,1,1,1,20000,0.303,FAIXA 3,10000,False,False,-0.09700000000000003,-0.197,False,IVS_IPEA_2010_PUBLICO_CANDIDATO
510270,MT,CANARANA,FAIXA 3,2,2,1,2,10000,0.277,FAIXA 3,10000,True,True,-0.123,-0.22299999999999998,False,IVS_IPEA_2010_PUBLICO_CANDIDATO
510320,MT,COLIDER,FAIXA 3,4,4,1,8,10000,0.278,FAIXA 3,10000,True,True,-0.122,-0.22199999999999998,False,IVS_IPEA_2010_PUBLICO_CANDIDATO
510350,MT,DIAMANTINO,FAIXA 3,3,3,2,3,10000,0.255,FAIXA 3,10000,True,True,-0.14500000000000002,-0.245,False,IVS_IPEA_2010_PUBLICO_CANDIDATO
510410,MT,GUARANTA DO NORTE,FAIXA 3,1,1,1,1,10000,0.302,FAIXA 3,10000,True,True,-0.09800000000000003,-0.198,False,IVS_IPEA_2010_PUBLICO_CANDIDATO
510510,MT,JUARA,FAIXA 3,1,1,1,1,10000,0.265,FAIXA 3,10000,True,True,-0.135,-0.235,False,IVS_IPEA_2010_PUBLICO_CANDIDATO
510562,MT,MIRASSOL D'OESTE,FAIXA 3,1,1,1,1,10000,0.237,FAIXA 3,10000,True,True,-0.16300000000000003,-0.263,False,IVS_IPEA_2010_PUBLICO_CANDIDATO
510625,MT,NOVA XAVANTINA,FAIXA 3,1,1,1,1,10000,0.249,FAIXA 3,10000,True,True,-0.15100000000000002,-0.251,False,IVS_IPEA_2010_PUBLICO_CANDIDATO
510629,MT,PARANAITA,FAIXA 2,3,3,1,3,15000,0.292,FAIXA 3,10000,False,False,-0.10800000000000004,-0.20800000000000002,False,IVS_IPEA_2010_PUBLICO_CANDIDATO
510642,MT,PEIXOTO DE AZEVEDO,FAIXA 2,1,1,1,2,15000,0.345,FAIXA 3,10000,False,False,-0.05500000000000005,-0.15500000000000003,False,IVS_IPEA_2010_PUBLICO_CANDIDATO
510706,MT,QUERENCIA,FAIXA 2,1,1,1,1,15000,0.316,FAIXA 3,10000,False,False,-0.08400000000000002,-0.184,False,IVS_IPEA_2010_PUBLICO_CANDIDATO
510718,MT,RIBEIRAO CASCALHEIRA,FAIXA 1,1,1,1,1,20000,0.326,FAIXA 3,10000,False,False,-0.07400000000000001,-0.174,False,IVS_IPEA_2010_PUBLICO_CANDIDATO
510760,MT,RONDONOPOLIS,FAIXA 3,1,1,1,1,10000,0.224,FAIXA 3,10000,True,True,-0.17600000000000002,-0.276,False,IVS_IPEA_2010_PUBLICO_CANDIDATO
510785,MT,SAO FELIX DO ARAGUAIA,FAIXA 2,1,1,1,1,15000,0.297,FAIXA 3,10000,False,False,-0.10300000000000004,-0.203,False,IVS_IPEA_2010_PUBLICO_CANDIDATO
510792,MT,SORRISO,FAIXA 3,3,3,1,3,10000,0.267,FAIXA 3,10000,True,True,-0.133,-0.23299999999999998,False,IVS_IPEA_2010_PUBLICO_CANDIDATO
510795,MT,TANGARA DA SERRA,FAIXA 3,1,1,1,1,10000,0.231,FAIXA 3,10000,True,True,-0.169,-0.269,False,IVS_IPEA_2010_PUBLICO_CANDIDATO
520025,GO,AGUAS LINDAS DE GOIAS,FAIXA 2,1,1,1,1,15000,0.404,FAIXA 2,15000,True,True,0.0040000000000000036,-0.09599999999999997,False,IVS_IPEA_2010_PUBLICO_CANDIDATO
520140,GO,APARECIDA DE GOIANIA,FAIXA 2,3,3,1,9,15000,0.369,FAIXA 3,10000,False,False,-0.031000000000000028,-0.131,False,IVS_IPEA_2010_PUBLICO_CANDIDATO
520170,GO,ARAGARCAS,FAIXA 3,1,1,1,1,10000,0.287,FAIXA 3,10000,True,True,-0.11300000000000004,-0.21300000000000002,False,IVS_IPEA_2010_PUBLICO_CANDIDATO
520490,GO,CAMPOS BELOS,FAIXA 2,2,2,1,2,15000,0.315,FAIXA 3,10000,False,False,-0.08500000000000002,-0.185,False,IVS_IPEA_2010_PUBLICO_CANDIDATO
520510,GO,CATALAO,FAIXA 3,1,1,1,1,10000,0.211,FAIXA 3,10000,True,True,-0.18900000000000003,-0.28900000000000003,False,IVS_IPEA_2010_PUBLICO_CANDIDATO
520640,GO,CRIXAS,FAIXA 3,1,1,1,1,10000,0.262,FAIXA 3,10000,True,True,-0.138,-0.238,False,IVS_IPEA_2010_PUBLICO_CANDIDATO
520970,GO,HIDROLANDIA,FAIXA 3,1,1,1,2,10000,0.343,FAIXA 3,10000,True,True,-0.056999999999999995,-0.15699999999999997,False,IVS_IPEA_2010_PUBLICO_CANDIDATO
521020,GO,IPORA,FAIXA 3,1,1,1,2,10000,0.204,FAIXA 3,10000,True,True,-0.19600000000000004,-0.29600000000000004,False,IVS_IPEA_2010_PUBLICO_CANDIDATO
521040,GO,ITABERAI,FAIXA 3,1,1,1,1,10000,0.326,FAIXA 3,10000,True,True,-0.07400000000000001,-0.174,False,IVS_IPEA_2010_PUBLICO_CANDIDATO
521150,GO,ITUMBIARA,FAIXA 3,3,3,1,6,10000,0.252,FAIXA 3,10000,True,True,-0.14800000000000002,-0.248,False,IVS_IPEA_2010_PUBLICO_CANDIDATO
521250,GO,LUZIANIA,FAIXA 2,2,2,1,6,15000,0.436,FAIXA 2,15000,True,True,0.035999999999999976,-0.064,False,IVS_IPEA_2010_PUBLICO_CANDIDATO
521280,GO,MARA ROSA,FAIXA 2,1,1,1,1,15000,0.324,FAIXA 3,10000,False,False,-0.07600000000000001,-0.176,False,IVS_IPEA_2010_PUBLICO_CANDIDATO
521308,GO,MINACU,FAIXA 3,1,1,1,1,10000,0.286,FAIXA 3,10000,True,True,-0.11400000000000005,-0.21400000000000002,False,IVS_IPEA_2010_PUBLICO_CANDIDATO
521380,GO,MORRINHOS,FAIXA 3,1,1,1,2,10000,0.265,FAIXA 3,10000,True,True,-0.135,-0.235,False,IVS_IPEA_2010_PUBLICO_CANDIDATO
521720,GO,PIRANHAS,FAIXA 3,4,4,1,4,10000,0.278,FAIXA 3,10000,True,True,-0.122,-0.22199999999999998,False,IVS_IPEA_2010_PUBLICO_CANDIDATO
521800,GO,PORANGATU,FAIXA 3,9,9,1,18,10000,0.248,FAIXA 3,10000,True,True,-0.15200000000000002,-0.252,False,IVS_IPEA_2010_PUBLICO_CANDIDATO
521880,GO,RIO VERDE,FAIXA 3,1,1,1,2,10000,0.243,FAIXA 3,10000,True,True,-0.15700000000000003,-0.257,False,IVS_IPEA_2010_PUBLICO_CANDIDATO
522020,GO,SAO MIGUEL DO ARAGUAIA,FAIXA 2,2,2,1,4,15000,0.324,FAIXA 3,10000,False,False,-0.07600000000000001,-0.176,False,IVS_IPEA_2010_PUBLICO_CANDIDATO
522045,GO,SENADOR CANEDO,FAIXA 2,1,1,1,2,15000,0.389,FAIXA 3,10000,False,False,-0.01100000000000001,-0.11099999999999999,False,IVS_IPEA_2010_PUBLICO_CANDIDATO
522060,GO,SILVANIA,FAIXA 2,3,3,1,3,15000,0.3,FAIXA 3,10000,False,False,-0.10000000000000003,-0.2,False,IVS_IPEA_2010_PUBLICO_CANDIDATO
522160,GO,URUACU,FAIXA 3,3,3,1,3,10000,0.222,FAIXA 3,10000,True,True,-0.17800000000000002,-0.278,False,IVS_IPEA_2010_PUBLICO_CANDIDATO
530010,DF,BRASILIA,FAIXA 3,2,1,2,2,10000,0.315,FAIXA 3,10000,True,True,-0.08500000000000002,-0.185,False,IVS_IPEA_2010_PUBLICO_CANDIDATO
