id,autores,ano,titulo,periodico,volume_edicao,doi,paginas_total,paginas_foco,tipo,resumo_analitico,aderencia_pmme,t1_modelo_formal,t2_mecanismo_pmme,t3_microfundamentacao,t4_digestibilidade,e1_identificacao,e2_dados_contexto,e3_worker_flows,e4_robustez_spillovers,score_teorico_total,score_empirico_total,score_geral_ponderado
PAPER_03,"Roback, Jennifer",1982,"Wages, Rents, and the Quality of Life: A General Equilibrium Model of Geographic Differences",Journal of Political Economy,"Vol. 90, No. 6, pp. 1257–1278",10.1086/261120,22,Artigo completo (22 págs),Modelo Teórico Canônico de Equilíbrio Geral Espacial,"Modelo canônico que determina simultaneamente salários e aluguéis em equilíbrio espacial. Mostra que regiões com desamenidades (isolamento, baixa infraestrutura) exigem diferenciais salariais compensatórios (\Delta w).",Base teórica fundamental para justificar a running variable do IVS e as faixas de bolsa diferenciadas no PMM-E.,25,25,23,24,18,18,15,20,97,71,85.3
PAPER_04,"Sivey, Peter; Scott, Anthony; Witt, Julia; Joyce, Catherine; Humphreys, John",2012,Junior Doctors' Preferences for Specialty Choice,Journal of Health Economics,"Vol. 31, No. 6, pp. 813–826",10.1016/j.jhealeco.2012.07.001,14,Artigo completo (14 págs - super conciso),Modelo de Utilidade Aleatória + Discrete Choice Experiment,"Modela as escolhas de médicos em início de carreira através de Random Utility Models, mensurando elasticidades e Willingness to Accept (WTA) para postos no interior versus capitais.",Microfundamentação direta da curva de oferta de médicos especialistas frente a incentivos monetários e condições de carga horária hospitalar.,24,24,24,25,23,22,21,19,97,85,91.6
PAPER_01,"Acemoglu, Daron; Finkelstein, Amy",2008,Input and Technology Choices in Regulated Industries: Evidence from the Health Care Sector,Journal of Political Economy,"Vol. 116, No. 5, pp. 837–880",10.1086/595015,44,pp. 839-858 (Seções I a III: 20 págs),Teoria + Quase-Experimento Hospitalar,Desenvolve modelo formal de otimização de custo hospitalar sob regulação de preços onde a firma escolhe capital (K) e trabalho (L) com tecnologia (T). Mostra que choques no custo relativo do trabalho alteram a intensidade de capital e adoção tecnológica nos hospitais.,"Excelente microfundamentação teórica para modelar como a introdução do médico especialista do PMM-E interage com o capital físico instalado (leitos cirúrgicos, tomógrafos).",25,24,25,22,24,21,18,22,96,85,91.05
PAPER_05,"Baicker, Katherine; Staiger, Douglas",2005,"Fiscal Shenanigans, Targeted Federal Health Care Funds, and Patient Mortality",Quarterly Journal of Economics,"Vol. 120, No. 1, pp. 345–386",10.1162/0033553053317416,42,"pp. 348-360 (Seção II: Teoria, 12 págs)",Teoria Microeconômica Fiscal + Quase-Experimento em Saúde,"Modela o comportamento de governos locais que recebem recursos federais vinculados à saúde e remanejam recursos próprios, gerando crowding-out fiscal e efeitos heterogêneos na mortalidade.",Base teórica essencial para o teste de substituição do PMM-E: o município substitui contratações próprias por bolsas federais?,24,25,25,22,24,21,19,22,96,86,91.5
PAPER_02,"Agarwal, Nikhil",2015,An Empirical Model of the Medical Match,American Economic Review,"Vol. 105, No. 7, pp. 1939–1978",10.1257/aer.20130663,40,pp. 1940-1958 (Seções I a III: 18 págs),Design de Mercados + Estimação Estrutural de Preferências,"Modela o mercado de residência e alocação médica sob matching centralizado com restrições de capacidade. Estima estruturalmente o trade-off entre prestígio hospitalar, localização urbana e diferenciais salariais/bolsas.",Modela teoricamente o papel do edital público centralizado do PMM-E em resolver falhas de coordenação e estima as preferências locacionais dos especialistas.,25,25,24,21,25,22,20,21,95,88,91.85
PAPER_07,"Chandra, Amitabh; Skinner, Jonathan S.",2012,Technology Growth and Expenditure Growth in Health Care,Journal of Economic Literature,"Vol. 50, No. 3, pp. 645–680",10.1257/jel.50.3.645,36,pp. 646-664 (Seções 1 a 3: 18 págs),Modelagem de Produtividade Médica e Teoria da Tecnologia,Classifica tecnologias médicas em três categorias de custo-efetividade e modela a estrita complementaridade entre habilidades médicas especializadas e capital hospitalar de ponta.,Demonstra que a produtividade médica do especialista depende de infraestrutura física complementar nos hospitais do SUS.,23,25,22,23,20,21,16,19,93,76,85.35
PAPER_22,"Olden, Andreas; Møen, Jarle",2022,The Triple Difference Estimator,The Econometrics Journal,"Vol. 25, No. 3, pp. 606–622",10.1093/ectj/utac010,17,Artigo completo (17 págs),Econometria Teórica e Identificação Causal,"Formaliza as hipóteses de identificação do estimador DDD em relação ao DiD tradicional, provando como o terceiro contraste elimina choques contemporâneos não observados.",Justificativa metodológica canônica da nossa especificação primária município-curso-mês.,23,22,24,24,25,20,18,24,93,87,90.3
PAPER_06,"Holmstrom, Bengt; Milgrom, Paul",1991,"Multitask Principal-Agent Analyses: Incentive Contracts, Asset Ownership, and Job Design","Journal of Law, Economics, & Organization","Vol. 7, Special Issue, pp. 24–52",10.1093/jleo/7.special_issue.24,29,pp. 24-38 (Seções 1 a 3: 15 págs),Teoria de Contratos e Desenho de Mecanismos,Modelo seminal de agência com múltiplos objetivos. Prova que incentivos fortes em tarefas de fácil medição distorcem o esforço e reduzem o desempenho em tarefas qualitativas.,Modela a estrutura híbrida do PMM-E (carga assistencial hospitalar versus formação acadêmica/residência).,25,23,22,23,15,14,12,14,93,55,75.9
PAPER_16,"Gravelle, Hugh; Scott, Anthony; Yong, Jongsay; McGrail, Matthew",2018,Do Rural Incentives Payments Affect Entries and Exits of General Practitioners?,Social Science & Medicine,"Vol. 216, pp. 88–96",10.1016/j.socscimed.2018.09.041,9,Artigo completo (9 págs - cirúrgico),Modelos de Contagem em Painel com Efeitos Fixos,Decompõe econometricamente o impacto de bônus financeiros sobre taxas brutas de entrada versus taxas brutas de saída de médicos no interior.,"Inspiração econométrica direta para a nossa decomposição em níveis de novos entrantes, saídas e saldo líquido (Tabela 3).",21,23,23,25,24,23,25,23,92,95,93.35
PAPER_10,"Gordon, Nora",2004,Do Federal Grants Boost School Spending? Evidence from Title I,Journal of Public Economics,"Vol. 88, No. 9-10, pp. 1771–1792",10.1016/j.jpubeco.2003.09.002,22,Artigo completo (22 págs),Modelo Teórico de Federalismo Fiscal + Quase-Experimento,Modela o comportamento intertemporal de governos locais que recebem subsídios federais e reduzem gastos próprios no médio prazo (crowding-out dinâmico).,Base teórica para demonstrar a resposta dinâmica dos municípios ao longo dos meses pós-anúncio do PMM-E.,23,22,23,23,23,18,16,20,91,77,84.7
PAPER_12,"Roth, Alvin E.",1984,The Evolution of the Labor Market for Medical Interns and Residents: A Case Study in Game Theory,Journal of Political Economy,"Vol. 92, No. 6, pp. 991–1016",10.1086/261272,26,pp. 992-1010 (Seções I a IV: 18 págs),Teoria dos Jogos e Design de Mercados Médicos,"Demonstra como mercados médicos descentralizados sofrem unraveling e assimetrias de informação, e como mecanismos de matching centralizado produzem alocações estáveis.",Explica o papel de coordenação do edital público do Ministério da Saúde na mitigação de custos de busca.,24,23,21,23,18,18,16,17,91,69,81.1
PAPER_09,"Currie, Janet; MacLeod, W. Bentley",2017,"Diagnosing Expertise: Human Capital, Decision Making, and Performance among Physicians",Journal of Labor Economics,"Vol. 35, No. 1, pp. 1–43",10.1086/687848,43,pp. 4-20 (Modelo Teórico de Diagnóstico: 16 págs),Teoria da Decisão Médica + Quase-Experimento em Saúde,Modela teoricamente a tomada de decisão do especialista médico sob incerteza diagnóstica e testa empiricamente o impacto da expertise e treinamento nos desfechos do paciente.,Excelente para modelar o canal da qualidade da atenção especializada e resolutividade clínica proporcionada pela formação do PMM-E.,24,21,23,20,24,21,17,21,88,83,85.75
PAPER_11,"Kline, Patrick; Moretti, Enrico",2014,"People, Places, and Public Policy: Some Simple Analytics of Local Economic Development Programs",Annual Review of Economics,"Vol. 6, No. 1, pp. 629–662",10.1146/annurev-economics-080213-040845,34,pp. 631-648 (Seções 1 a 3: 17 págs),Modelagem Analítica de Políticas Baseadas no Lugar (Place-Based),"Desenvolve um framework analítico transparente de equilíbrio espacial para avaliar políticas de subsídios regionais, spillovers de aglomeração e ganhos de bem-estar.",Permite formular o PMM-E como uma política de desenvolvimento regional de saúde (place-based healthcare policy).,24,21,22,21,21,19,18,23,88,81,84.85
PAPER_13,"Carrillo, Paul; Feres, Pedro",2019,"Provider Supply, Utilization, and Infant Health: Evidence from a Physician Distribution Policy",American Economic Journal: Economic Policy,"Vol. 11, No. 3, pp. 156–196",10.1257/pol.20170500,41,"Seções II, IV e Figuras (~20 págs)",Quase-Experimento + Estudo de Evento Dinâmico (SUS),"Avaliação de impacto quase-experimental utilizando regras de pontuação do edital do PMM e estudo de evento dinâmico de alta precisão sobre o CNES, SIM e SINASC.",Padrão de excelência de gráficos de estudo de evento e verificação de pré-tendências no SUS.,21,23,23,21,25,25,23,24,88,97,92.05
PAPER_14,"Sliwa Ruiz, Julia; Becker, Sascha O.; Hone, Thomas; Rocha, Rudi",2024,The Supply of Primary Care Physicians and Population Health: Evidence from the Sudden Departure of Cuban Doctors in Brazil,Journal of Health Economics,"Vol. 93, Artigo 102833",10.1016/j.jhealeco.2023.102833,18,Artigo completo (18 págs),Painel Mensal Longitudinal do CNES + Estudo de Evento,Uso de painel longitudinal mensal do CNES para captar um choque exógeno abrupto na oferta médica e mensurar a capacidade de recomposição e perdas assistenciais.,"Validação direta do uso do CNES mensal como painel de alta frequência para rastrear entradas, saídas e substituição.",20,22,22,24,25,25,25,24,88,99,92.95
PAPER_21,"Finkelstein, Amy; Gentzkow, Matthew; Williams, Heidi",2016,Sources of Geographic Variation in Health Care: Evidence From Patient Migration,Quarterly Journal of Economics,"Vol. 131, No. 4, pp. 1681–1726",10.1093/qje/qjw023,46,pp. 1684-1700 (Seções I a III: 16 págs),Modelo de Prática Médica + Painel com Migração,Separa estruturalmente se a variação geográfica nos gastos e procedimentos de saúde decorre de características do paciente (demanda) ou do estilo de prática médica local (oferta).,Fundamenta por que fixar especialistas altera a função de produção médica local e os padrões de utilização do SUS.,23,22,23,20,25,22,21,23,88,91,89.35
PAPER_08,"Arrow, Kenneth J.",1963,Uncertainty and the Welfare Economics of Medical Care,American Economic Review,"Vol. 53, No. 5, pp. 941–973",10.1016/B978-0-12-214850-7.50028-0,33,Seções B e C (pp. 948-965: 17 págs),Economia do Bem-Estar e Teoria Microeconômica Fundamental,Artigo fundador da Economia da Saúde. Demonstra a falha dos teoremas do bem-estar no mercado de cuidados médicos devido a assimetrias de informação e incerteza.,Justificativa normativa canônica da intervenção pública federal para regular e prover especialistas onde o mercado privado falha.,23,21,20,22,12,14,10,12,86,48,68.9
PAPER_15,"Fontes, Luiz Felipe Campos; Conceição, Otavio Canozzi; Jacinto, Paulo de Andrade",2018,Evaluating the Impact of Physicians' Provision on Primary Healthcare: Evidence from Brazil's More Doctors Program,Health Economics,"Vol. 27, No. 8, pp. 1284–1299",10.1002/hec.3768,16,Artigo completo (16 págs),Diferença em Diferenças com Pareamento (PSM-DiD),"Avaliação quase-experimental do Mais Médicos usando bases administrativas do DATASUS (CNES, SIA, SIH) para medir impacto sobre consultas e internações sensíveis (ICSAP).",Referência direta para pipeline de dados do DATASUS e variáveis de controle municipal de baseline.,19,22,21,24,24,25,22,23,86,94,89.6
PAPER_20,"Diamond, Rebecca",2016,The Determinants and Welfare Implications of US Workers' Diverging Location Choices by Skill: 1980–2000,American Economic Review,"Vol. 106, No. 3, pp. 479–524",10.1257/aer.20131706,46,pp. 482-498 (Modelo Teórico: 16 págs),Equilíbrio Espacial com Amenidades Endógenas,"Modela como a concentração de trabalhadores qualificados altera as amenidades locais endógenas, ampliando a divergência geográfica de bem-estar.",Explica por que médicos especialistas tendem a se auto-reforçar nas grandes cidades sem políticas públicas ativas de indução.,24,21,21,20,23,19,18,21,86,81,83.75
PAPER_17,"Pathman, Donald E.; Konrad, Thomas R.; King, Tonya S.; Taylor, Donald H.; Koch, Gary G.",2004,"Outcomes of States' Scholarship, Loan Repayment, and Related Programs for Physicians",Medical Care,"Vol. 42, No. 6, pp. 560–568",10.1097/01.mlr.0000128004.26577.8b,9,Artigo completo (9 págs),Estudo de Coorte Longitudinal de Retenção,"Acompanha coortes de médicos em programas estaduais dos EUA, demonstrando que a permanência é alta durante a bolsa mas cai rapidamente após o fim da obrigação.",Fundamenta a separação entre coorte madura aos 6 meses e censura aos 12 meses.,18,21,20,25,23,23,24,22,84,92,87.6
PAPER_18,"Russell, Deborah J.; McGrail, Matthew R.; Humphreys, John S.",2021,Determinants of Rural Australian General Practitioner Retention: A Longitudinal Analysis,Human Resources for Health,"Vol. 19, Artigo 7",10.1186/s12960-020-00549-3,10,Artigo completo (10 págs),Análise de Sobrevida (Kaplan-Meier + Modelo de Cox),"Estima os determinantes do tempo até a evasão médica em municípios rurais em função do porte populacional, isolamento e suporte hospitalar.",Orienta testes de heterogeneidade da retenção por porte e vulnerabilidade (IVS).,18,21,20,25,23,23,25,22,84,93,88.05
PAPER_19,"Bärnighausen, Till; Bloom, David E.",2009,Financial Incentives for Return of Service in Underserved Areas: A Systematic Review,BMC Health Services Research,"Vol. 9, Artigo 86",10.1186/1472-6963-9-86,17,Artigo completo (17 págs),Revisão Sistemática Global de 43 Programas Internacionais,Taxonomia comparativa e síntese de evidências sobre 43 programas de incentivos financeiros condicionados a serviço médico obrigatório em 10 países.,Fornece a régua de benchmark internacional para situar as taxas de cumprimento e custos do PMM-E.,19,21,19,24,22,23,22,21,83,88,85.25
