cnes,ibge,cod_curso,modulo,cbo,papel,bracos_cnes_curso,braco_cnes,tratado,elegivel,n_cnes_propostos,n_vagas_imediatas,n_propostas_nao_priorizadas,cointervencao_cirurgica_muni,uf,regiao
0026964,310620,1,anestesiologia,225151,principal,reserva_pura,excluido_regra_cnes,,False,1,0,0,False,MG,SUDESTE
0027022,310620,1,anestesiologia,225151,principal,reserva_pura,excluido_regra_cnes,,False,1,0,0,False,MG,SUDESTE
2020076,160027,1,anestesiologia,225151,principal,reserva_pura,excluido_regra_cnes,,False,1,0,0,False,AP,NORTE
2079437,352880,1,anestesiologia,225151,principal,reserva_pura,excluido_regra_cnes,,False,1,0,0,False,SP,SUDESTE
2079976,352640,1,anestesiologia,225151,principal,reserva_pura,excluido_regra_cnes,,False,1,0,0,False,SP,SUDESTE
2080443,355010,1,anestesiologia,225151,principal,reserva_pura,excluido_regra_cnes,,False,1,0,0,False,SP,SUDESTE
2080842,351000,1,anestesiologia,225151,principal,reserva_pura,excluido_regra_cnes,,False,1,0,0,False,SP,SUDESTE
2082519,353550,1,anestesiologia,225151,principal,reserva_pura,excluido_regra_cnes,,False,1,0,0,False,SP,SUDESTE
2082527,350320,1,anestesiologia,225151,principal,reserva_pura,excluido_regra_cnes,,False,1,0,0,False,SP,SUDESTE
2098407,311320,1,anestesiologia,225151,principal,reserva_pura,excluido_regra_cnes,,False,1,0,0,False,MG,SUDESTE
2101777,313630,1,anestesiologia,225151,principal,reserva_pura,excluido_regra_cnes,,False,1,0,0,False,MG,SUDESTE
2105365,312430,1,anestesiologia,225151,principal,reserva_pura,excluido_regra_cnes,,False,1,0,0,False,MG,SUDESTE
2111624,313670,1,anestesiologia,225151,principal,reserva_pura,excluido_regra_cnes,,False,1,0,0,False,MG,SUDESTE
2115662,315670,1,anestesiologia,225151,principal,reserva_pura,excluido_regra_cnes,,False,1,0,0,False,MG,SUDESTE
2117282,315670,1,anestesiologia,225151,principal,reserva_pura,excluido_regra_cnes,,False,1,0,0,False,MG,SUDESTE
2119420,310860,1,anestesiologia,225151,principal,reserva_pura,excluido_regra_cnes,,False,1,0,0,False,MG,SUDESTE
2127911,314600,1,anestesiologia,225151,principal,reserva_pura,excluido_regra_cnes,,False,1,0,0,False,MG,SUDESTE
2139626,315420,1,anestesiologia,225151,principal,reserva_pura,excluido_regra_cnes,,False,1,0,0,False,MG,SUDESTE
2142376,312610,1,anestesiologia,225151,principal,reserva_pura,excluido_regra_cnes,,False,1,0,0,False,MG,SUDESTE
2153025,313670,1,anestesiologia,225151,principal,reserva_pura,excluido_regra_cnes,,False,1,0,0,False,MG,SUDESTE
2164620,310400,1,anestesiologia,225151,principal,reserva_pura,excluido_regra_cnes,,False,1,0,0,False,MG,SUDESTE
2181770,310620,1,anestesiologia,225151,principal,reserva_pura,excluido_regra_cnes,,False,1,0,0,False,MG,SUDESTE
2192896,310620,1,anestesiologia,225151,principal,reserva_pura,excluido_regra_cnes,,False,1,0,0,False,MG,SUDESTE
2200457,310620,1,anestesiologia,225151,principal,reserva_pura,excluido_regra_cnes,,False,1,0,0,False,MG,SUDESTE
2208172,316860,1,anestesiologia,225151,principal,reserva_pura,excluido_regra_cnes,,False,1,0,0,True,MG,SUDESTE
2211254,316860,1,anestesiologia,225151,principal,reserva_pura,excluido_regra_cnes,,False,1,0,0,True,MG,SUDESTE
2218798,313670,1,anestesiologia,225151,principal,reserva_pura,excluido_regra_cnes,,False,1,0,0,False,MG,SUDESTE
2232081,430060,1,anestesiologia,225151,principal,reserva_pura,excluido_regra_cnes,,False,1,0,0,False,RS,SUL
2244306,431690,1,anestesiologia,225151,principal,reserva_pura,excluido_regra_cnes,,False,1,0,0,True,RS,SUL
2248298,431800,1,anestesiologia,225151,principal,reserva_pura,excluido_regra_cnes,,False,1,0,0,False,RS,SUL
2301318,293135,1,anestesiologia,225151,principal,reserva_pura,excluido_regra_cnes,,False,1,0,0,False,BA,NORDESTE
2301687,290270,1,anestesiologia,225151,principal,reserva_pura,excluido_regra_cnes,,False,1,0,0,False,BA,NORDESTE
2302969,421660,1,anestesiologia,225151,principal,reserva_pura,excluido_regra_cnes,,False,1,0,0,False,SC,SUL
2306697,210340,1,anestesiologia,225151,principal,reserva_pura,excluido_regra_cnes,,False,1,0,0,False,MA,NORDESTE
2328046,231330,1,anestesiologia,225151,principal,reserva_pura,excluido_regra_cnes,,False,1,0,0,False,CE,NORDESTE
2328380,231140,1,anestesiologia,225151,principal,reserva_pura,excluido_regra_cnes,,False,1,0,0,False,CE,NORDESTE
2329905,150680,1,anestesiologia,225151,principal,reserva_pura,excluido_regra_cnes,,False,1,0,0,False,PA,NORTE
2332671,150140,1,anestesiologia,225151,principal,reserva_pura,excluido_regra_cnes,,False,1,0,0,True,PA,NORTE
2332981,150140,1,anestesiologia,225151,principal,reserva_pura,excluido_regra_cnes,,False,1,0,0,True,PA,NORTE
2334321,150140,1,anestesiologia,225151,principal,reserva_pura,excluido_regra_cnes,,False,1,0,0,True,PA,NORTE
2334801,110005,1,anestesiologia,225151,principal,reserva_pura,excluido_regra_cnes,,False,1,0,0,False,RO,NORTE
2336812,250970,1,anestesiologia,225151,principal,reserva_pura,excluido_regra_cnes,,False,1,0,0,False,PB,NORDESTE
2340690,521880,1,anestesiologia,225151,principal,reserva_pura,excluido_regra_cnes,,False,1,0,0,True,GO,CENTRO-OESTE
2340992,150140,1,anestesiologia,225151,principal,reserva_pura,excluido_regra_cnes,,False,1,0,0,True,PA,NORTE
2344246,260190,1,anestesiologia,225151,principal,reserva_pura,excluido_regra_cnes,,False,1,0,0,False,PE,NORDESTE
2344254,260190,1,anestesiologia,225151,principal,reserva_pura,excluido_regra_cnes,,False,1,0,0,False,PE,NORDESTE
2348489,261390,1,anestesiologia,225151,principal,reserva_pura,excluido_regra_cnes,,False,1,0,0,False,PE,NORDESTE
2351633,261390,1,anestesiologia,225151,principal,reserva_pura,excluido_regra_cnes,,False,1,0,0,False,PE,NORDESTE
2361787,520110,1,anestesiologia,225151,principal,reserva_pura,excluido_regra_cnes,,False,1,0,0,False,GO,CENTRO-OESTE
2364816,220190,1,anestesiologia,225151,principal,reserva_pura,excluido_regra_cnes,,False,1,0,0,False,PI,NORDESTE
2365154,220770,1,anestesiologia,225151,principal,reserva_pura,excluido_regra_cnes,,False,1,0,0,False,PI,NORDESTE
2365383,221000,1,anestesiologia,225151,principal,reserva_pura,excluido_regra_cnes,,False,1,0,0,False,PI,NORDESTE
2372150,230765,1,anestesiologia,225151,principal,reserva_pura,excluido_regra_cnes,,False,1,0,0,False,CE,NORDESTE
2372479,230430,1,anestesiologia,225151,principal,reserva_pura,excluido_regra_cnes,,False,1,0,0,False,CE,NORDESTE
2375680,500290,1,anestesiologia,225151,principal,reserva_pura,excluido_regra_cnes,,False,1,0,0,False,MS,CENTRO-OESTE
2375826,500325,1,anestesiologia,225151,principal,reserva_pura,excluido_regra_cnes,,False,1,0,0,False,MS,CENTRO-OESTE
2382490,521710,1,anestesiologia,225151,principal,reserva_pura,excluido_regra_cnes,,False,1,0,0,False,GO,CENTRO-OESTE
2385171,291480,1,anestesiologia,225151,principal,reserva_pura,excluido_regra_cnes,,False,1,0,0,False,BA,NORDESTE
2389584,290810,1,anestesiologia,225151,principal,reserva_pura,excluido_regra_cnes,,False,1,0,0,False,BA,NORDESTE
2399555,250750,1,anestesiologia,225151,principal,reserva_pura,excluido_regra_cnes,,False,1,0,0,True,PB,NORDESTE
2399628,250750,1,anestesiologia,225151,principal,reserva_pura,excluido_regra_cnes,,False,1,0,0,True,PB,NORDESTE
2399644,250750,1,anestesiologia,225151,principal,reserva_pura,excluido_regra_cnes,,False,1,0,0,True,PB,NORDESTE
2399776,250750,1,anestesiologia,225151,principal,reserva_pura,excluido_regra_cnes,,False,1,0,0,True,PB,NORDESTE
2407574,240050,1,anestesiologia,225151,principal,reserva_pura,excluido_regra_cnes,,False,1,0,0,True,RN,NORDESTE
2408139,240930,1,anestesiologia,225151,principal,reserva_pura,excluido_regra_cnes,,False,1,0,0,False,RN,NORDESTE
2409275,240940,1,anestesiologia,225151,principal,reserva_pura,excluido_regra_cnes,,False,1,0,0,False,RN,NORDESTE
2410281,240800,1,anestesiologia,225151,principal,reserva_pura,excluido_regra_cnes,,False,1,0,0,False,RN,NORDESTE
2413469,291350,1,anestesiologia,225151,principal,reserva_pura,excluido_regra_cnes,,False,1,0,0,False,BA,NORDESTE
2418967,421630,1,anestesiologia,225151,principal,reserva_pura,excluido_regra_cnes,,False,1,0,0,False,SC,SUL
2427419,260410,1,anestesiologia,225151,principal,reserva_pura,excluido_regra_cnes,,False,1,0,0,False,PE,NORDESTE
2428385,260010,1,anestesiologia,225151,principal,reserva_pura,excluido_regra_cnes,,False,1,0,0,False,PE,NORDESTE
2441675,520110,1,anestesiologia,225151,principal,reserva_pura,excluido_regra_cnes,,False,1,0,0,False,GO,CENTRO-OESTE
2448521,320150,1,anestesiologia,225151,principal,reserva_pura,excluido_regra_cnes,,False,1,0,0,True,ES,SUDESTE
2462583,210160,1,anestesiologia,225151,principal,reserva_pura,excluido_regra_cnes,,False,1,0,0,False,MA,NORDESTE
2470748,291750,1,anestesiologia,225151,principal,reserva_pura,excluido_regra_cnes,,False,1,0,0,False,BA,NORDESTE
2473380,240325,1,anestesiologia,225151,principal,reserva_pura,excluido_regra_cnes,,False,1,0,0,False,RN,NORDESTE
2479028,230240,1,anestesiologia,225151,principal,reserva_pura,excluido_regra_cnes,,False,1,0,0,False,CE,NORDESTE
2480646,230250,1,anestesiologia,225151,principal,reserva_pura,excluido_regra_cnes,,False,1,0,0,True,CE,NORDESTE
2494299,110002,1,anestesiologia,225151,principal,reserva_pura,excluido_regra_cnes,,False,1,0,0,False,RO,NORTE
2495279,110012,1,anestesiologia,225151,principal,reserva_pura,excluido_regra_cnes,,False,1,0,0,True,RO,NORTE
2496879,110015,1,anestesiologia,225151,principal,reserva_pura,excluido_regra_cnes,,False,1,0,0,False,RO,NORTE
2497654,230440,1,anestesiologia,225151,principal,reserva_pura,excluido_regra_cnes,,False,1,0,0,True,CE,NORDESTE
2498421,292120,1,anestesiologia,225151,principal,reserva_pura,excluido_regra_cnes,,False,1,0,0,False,BA,NORDESTE
2499029,230380,1,anestesiologia,225151,principal,reserva_pura,excluido_regra_cnes,,False,1,0,0,False,CE,NORDESTE
2506254,292300,1,anestesiologia,225151,principal,reserva_pura,excluido_regra_cnes,,False,1,0,0,False,BA,NORDESTE
2514710,230350,1,anestesiologia,225151,principal,reserva_pura,excluido_regra_cnes,,False,1,0,0,False,CE,NORDESTE
2514729,230170,1,anestesiologia,225151,principal,reserva_pura,excluido_regra_cnes,,False,1,0,0,False,CE,NORDESTE
2516667,230440,1,anestesiologia,225151,principal,reserva_pura,excluido_regra_cnes,,False,1,0,0,True,CE,NORDESTE
2525569,291480,1,anestesiologia,225151,principal,reserva_pura,excluido_regra_cnes,,False,1,0,0,False,BA,NORDESTE
2529068,230440,1,anestesiologia,225151,principal,reserva_pura,excluido_regra_cnes,,False,1,0,0,True,CE,NORDESTE
2529149,230440,1,anestesiologia,225151,principal,reserva_pura,excluido_regra_cnes,,False,1,0,0,True,CE,NORDESTE
2549182,292640,1,anestesiologia,225151,principal,reserva_pura,excluido_regra_cnes,,False,1,0,0,False,BA,NORDESTE
2551764,260120,1,anestesiologia,225151,principal,reserva_pura,excluido_regra_cnes,,False,1,0,0,False,PE,NORDESTE
2552086,230640,1,anestesiologia,225151,principal,reserva_pura,excluido_regra_cnes,,False,1,0,0,False,CE,NORDESTE
2554518,230750,1,anestesiologia,225151,principal,reserva_pura,excluido_regra_cnes,,False,1,0,0,False,CE,NORDESTE
2554798,230770,1,anestesiologia,225151,principal,reserva_pura,excluido_regra_cnes,,False,1,0,0,False,CE,NORDESTE
2555646,421660,1,anestesiologia,225151,principal,reserva_pura,excluido_regra_cnes,,False,1,0,0,False,SC,SUL
2556847,291560,1,anestesiologia,225151,principal,reserva_pura,excluido_regra_cnes,,False,1,0,0,False,BA,NORDESTE
2560828,230810,1,anestesiologia,225151,principal,reserva_pura,excluido_regra_cnes,,False,1,0,0,True,CE,NORDESTE
2561026,231030,1,anestesiologia,225151,principal,reserva_pura,excluido_regra_cnes,,False,1,0,0,False,CE,NORDESTE
2561395,230100,1,anestesiologia,225151,principal,reserva_pura,excluido_regra_cnes,,False,1,0,0,False,CE,NORDESTE
2561433,230523,1,anestesiologia,225151,principal,reserva_pura,excluido_regra_cnes,,False,1,0,0,False,CE,NORDESTE
2562154,230630,1,anestesiologia,225151,principal,reserva_pura,excluido_regra_cnes,,False,1,0,0,False,CE,NORDESTE
2562316,230370,1,anestesiologia,225151,principal,reserva_pura,excluido_regra_cnes,,False,1,0,0,False,CE,NORDESTE
2562499,230730,1,anestesiologia,225151,principal,reserva_pura,excluido_regra_cnes,,False,1,0,0,False,CE,NORDESTE
2562871,231400,1,anestesiologia,225151,principal,reserva_pura,excluido_regra_cnes,,False,1,0,0,False,CE,NORDESTE
2563681,230440,1,anestesiologia,225151,principal,reserva_pura,excluido_regra_cnes,,False,1,0,0,True,CE,NORDESTE
2564211,230190,1,anestesiologia,225151,principal,reserva_pura,excluido_regra_cnes,,False,1,0,0,False,CE,NORDESTE
2564238,230190,1,anestesiologia,225151,principal,reserva_pura,excluido_regra_cnes,,False,1,0,0,False,CE,NORDESTE
2602121,291320,1,anestesiologia,225151,principal,reserva_pura,excluido_regra_cnes,,False,1,0,0,False,BA,NORDESTE
2603055,291390,1,anestesiologia,225151,principal,reserva_pura,excluido_regra_cnes,,False,1,0,0,False,BA,NORDESTE
2604434,510760,1,anestesiologia,225151,principal,reserva_pura,excluido_regra_cnes,,False,1,0,0,False,MT,CENTRO-OESTE
2605414,251080,1,anestesiologia,225151,principal,reserva_pura,excluido_regra_cnes,,False,1,0,0,True,PB,NORDESTE
2605473,251080,1,anestesiologia,225151,principal,reserva_pura,excluido_regra_cnes,,False,1,0,0,True,PB,NORDESTE
2611309,230540,1,anestesiologia,225151,principal,reserva_pura,excluido_regra_cnes,,False,1,0,0,False,CE,NORDESTE
2611686,230440,1,anestesiologia,225151,principal,reserva_pura,excluido_regra_cnes,,False,1,0,0,True,CE,NORDESTE
2615746,150553,1,anestesiologia,225151,principal,reserva_pura,excluido_regra_cnes,,False,1,0,0,False,PA,NORTE
2619717,150442,1,anestesiologia,225151,principal,reserva_pura,excluido_regra_cnes,,False,1,0,0,False,PA,NORTE
2621649,150810,1,anestesiologia,225151,principal,reserva_pura,excluido_regra_cnes,,False,1,0,0,False,PA,NORTE
2645157,530010,1,anestesiologia,225151,principal,reserva_pura,excluido_regra_cnes,,False,1,0,0,True,DF,CENTRO-OESTE
2651351,230440,1,anestesiologia,225151,principal,reserva_pura,excluido_regra_cnes,,False,1,0,0,True,CE,NORDESTE
2651394,230440,1,anestesiologia,225151,principal,reserva_pura,excluido_regra_cnes,,False,1,0,0,True,CE,NORDESTE
2653923,240810,1,anestesiologia,225151,principal,reserva_pura,excluido_regra_cnes,,False,1,0,0,False,RN,NORDESTE
2653931,240810,1,anestesiologia,225151,principal,reserva_pura,excluido_regra_cnes,,False,1,0,0,False,RN,NORDESTE
2653982,240810,1,anestesiologia,225151,principal,reserva_pura,excluido_regra_cnes,,False,1,0,0,False,RN,NORDESTE
2664666,231160,1,anestesiologia,225151,principal,reserva_pura,excluido_regra_cnes,,False,1,0,0,False,CE,NORDESTE
2664879,420540,1,anestesiologia,225151,principal,reserva_pura,excluido_regra_cnes,,False,1,0,0,True,SC,SUL
2672197,530010,1,anestesiologia,225151,principal,reserva_pura,excluido_regra_cnes,,False,1,0,0,True,DF,CENTRO-OESTE
2675560,230550,1,anestesiologia,225151,principal,reserva_pura,excluido_regra_cnes,,False,1,0,0,False,CE,NORDESTE
2679469,240810,1,anestesiologia,225151,principal,reserva_pura,excluido_regra_cnes,,False,1,0,0,False,RN,NORDESTE
2691868,420540,1,anestesiologia,225151,principal,reserva_pura,excluido_regra_cnes,,False,1,0,0,True,SC,SUL
2707527,250750,1,anestesiologia,225151,principal,reserva_pura,excluido_regra_cnes,,False,1,0,0,True,PB,NORDESTE
2711850,261100,1,anestesiologia,225151,principal,reserva_pura,excluido_regra_cnes,,False,1,0,0,False,PE,NORDESTE
2723212,230440,1,anestesiologia,225151,principal,reserva_pura,excluido_regra_cnes,,False,1,0,0,True,CE,NORDESTE
2723220,230440,1,anestesiologia,225151,principal,reserva_pura,excluido_regra_cnes,,False,1,0,0,True,CE,NORDESTE
2726726,314800,1,anestesiologia,225151,principal,reserva_pura,excluido_regra_cnes,,False,1,0,0,True,MG,SUDESTE
2730650,410370,1,anestesiologia,225151,principal,reserva_pura,excluido_regra_cnes,,False,1,0,0,False,PR,SUL
2755149,171610,1,anestesiologia,225151,principal,reserva_pura,excluido_regra_cnes,,False,1,0,0,False,TO,NORTE
2761114,310190,1,anestesiologia,225151,principal,reserva_pura,excluido_regra_cnes,,False,1,0,0,False,MG,SUDESTE
2769875,520970,1,anestesiologia,225151,principal,reserva_pura,excluido_regra_cnes,,False,1,0,0,False,GO,CENTRO-OESTE
2772280,291480,1,anestesiologia,225151,principal,reserva_pura,excluido_regra_cnes,,False,1,0,0,False,BA,NORDESTE
2775999,314790,1,anestesiologia,225151,principal,reserva_pura,excluido_regra_cnes,,False,1,0,0,True,MG,SUDESTE
2777649,221060,1,anestesiologia,225151,principal,reserva_pura,excluido_regra_cnes,,False,1,0,0,False,PI,NORDESTE
2777711,220270,1,anestesiologia,225151,principal,reserva_pura,excluido_regra_cnes,,False,1,0,0,False,PI,NORDESTE
2777754,220220,1,anestesiologia,225151,principal,reserva_pura,excluido_regra_cnes,,False,1,0,0,False,PI,NORDESTE
2777762,220700,1,anestesiologia,225151,principal,reserva_pura,excluido_regra_cnes,,False,1,0,0,False,PI,NORDESTE
2777770,220290,1,anestesiologia,225151,principal,reserva_pura,excluido_regra_cnes,,False,1,0,0,False,PI,NORDESTE
2798484,110030,1,anestesiologia,225151,principal,reserva_pura,excluido_regra_cnes,,False,1,0,0,False,RO,NORTE
2799278,291080,1,anestesiologia,225151,principal,reserva_pura,excluido_regra_cnes,,False,1,0,0,False,BA,NORDESTE
2799790,292660,1,anestesiologia,225151,principal,reserva_pura,excluido_regra_cnes,,False,1,0,0,False,BA,NORDESTE
2801906,292170,1,anestesiologia,225151,principal,reserva_pura,excluido_regra_cnes,,False,1,0,0,False,BA,NORDESTE
2804034,291170,1,anestesiologia,225151,principal,reserva_pura,excluido_regra_cnes,,False,1,0,0,False,BA,NORDESTE
2806215,230765,1,anestesiologia,225151,principal,reserva_pura,excluido_regra_cnes,,False,1,0,0,False,CE,NORDESTE
2807076,110045,1,anestesiologia,225151,principal,reserva_pura,excluido_regra_cnes,,False,1,0,0,False,RO,NORTE
2808544,110006,1,anestesiologia,225151,principal,reserva_pura,excluido_regra_cnes,,False,1,0,0,False,RO,NORTE
2808609,110011,1,anestesiologia,225151,principal,reserva_pura,excluido_regra_cnes,,False,1,0,0,True,RO,NORTE
2814218,521880,1,anestesiologia,225151,principal,reserva_pura,excluido_regra_cnes,,False,1,0,0,True,GO,CENTRO-OESTE
3157245,420540,1,anestesiologia,225151,principal,reserva_pura,excluido_regra_cnes,,False,1,0,0,True,SC,SUL
3515168,240325,1,anestesiologia,225151,principal,reserva_pura,excluido_regra_cnes,,False,1,0,0,False,RN,NORDESTE
3654796,150565,1,anestesiologia,225151,principal,reserva_pura,excluido_regra_cnes,,False,1,0,0,False,PA,NORTE
3698548,310560,1,anestesiologia,225151,principal,reserva_pura,excluido_regra_cnes,,False,1,0,0,False,MG,SUDESTE
3774554,354520,1,anestesiologia,225151,principal,reserva_pura,excluido_regra_cnes,,False,1,0,0,False,SP,SUDESTE
4005775,150140,1,anestesiologia,225151,principal,reserva_pura,excluido_regra_cnes,,False,1,0,0,True,PA,NORTE
4009444,220770,1,anestesiologia,225151,principal,reserva_pura,excluido_regra_cnes,,False,1,0,0,False,PI,NORDESTE
4009622,220800,1,anestesiologia,225151,principal,reserva_pura,excluido_regra_cnes,,False,1,0,0,False,PI,NORDESTE
4010779,230120,1,anestesiologia,225151,principal,reserva_pura,excluido_regra_cnes,,False,1,0,0,False,CE,NORDESTE
4010868,230190,1,anestesiologia,225151,principal,reserva_pura,excluido_regra_cnes,,False,1,0,0,False,CE,NORDESTE
4026896,291460,1,anestesiologia,225151,principal,reserva_pura,excluido_regra_cnes,,False,1,0,0,True,BA,NORDESTE
4028740,292110,1,anestesiologia,225151,principal,reserva_pura,excluido_regra_cnes,,False,1,0,0,False,BA,NORDESTE
4032497,293015,1,anestesiologia,225151,principal,reserva_pura,excluido_regra_cnes,,False,1,0,0,False,BA,NORDESTE
4032594,293030,1,anestesiologia,225151,principal,reserva_pura,excluido_regra_cnes,,False,1,0,0,False,BA,NORDESTE
4033418,293260,1,anestesiologia,225151,principal,reserva_pura,excluido_regra_cnes,,False,1,0,0,False,BA,NORDESTE
4034236,310620,1,anestesiologia,225151,principal,reserva_pura,excluido_regra_cnes,,False,1,0,0,False,MG,SUDESTE
4093577,240800,1,anestesiologia,225151,principal,reserva_pura,excluido_regra_cnes,,False,1,0,0,False,RN,NORDESTE
4261682,521880,1,anestesiologia,225151,principal,reserva_pura,excluido_regra_cnes,,False,1,0,0,True,GO,CENTRO-OESTE
4306945,260410,1,anestesiologia,225151,principal,reserva_pura,excluido_regra_cnes,,False,1,0,0,False,PE,NORDESTE
5717515,530010,1,anestesiologia,225151,principal,reserva_pura,excluido_regra_cnes,,False,1,0,0,True,DF,CENTRO-OESTE
6108547,240810,1,anestesiologia,225151,principal,reserva_pura,excluido_regra_cnes,,False,1,0,0,False,RN,NORDESTE
7047428,230440,1,anestesiologia,225151,principal,reserva_pura,excluido_regra_cnes,,False,1,0,0,True,CE,NORDESTE
7061021,231140,1,anestesiologia,225151,principal,reserva_pura,excluido_regra_cnes,,False,1,0,0,False,CE,NORDESTE
7218656,110149,1,anestesiologia,225151,principal,reserva_pura,excluido_regra_cnes,,False,1,0,0,False,RO,NORTE
7470371,140047,1,anestesiologia,225151,principal,reserva_pura,excluido_regra_cnes,,False,1,0,0,False,RR,NORTE
7486596,420230,1,anestesiologia,225151,principal,reserva_pura,excluido_regra_cnes,,False,1,0,0,False,SC,SUL
7498810,260410,1,anestesiologia,225151,principal,reserva_pura,excluido_regra_cnes,,False,1,0,0,False,PE,NORDESTE
7866801,310620,1,anestesiologia,225151,principal,reserva_pura,excluido_regra_cnes,,False,1,0,0,False,MG,SUDESTE
8015899,220770,1,anestesiologia,225151,principal,reserva_pura,excluido_regra_cnes,,False,1,0,0,False,PI,NORDESTE
9275134,230030,1,anestesiologia,225151,principal,reserva_pura,excluido_regra_cnes,,False,1,0,0,False,CE,NORDESTE
9650105,314800,1,anestesiologia,225151,principal,reserva_pura,excluido_regra_cnes,,False,1,0,0,True,MG,SUDESTE
0003859,292740,2,cirurgia_geral_cbo_exclusivo,225225,sensibilidade,reserva_pura,excluido_regra_cnes,,False,1,0,0,False,BA,NORDESTE
0220337,250400,2,cirurgia_geral_cbo_exclusivo,225225,sensibilidade,reserva_pura,excluido_regra_cnes,,False,1,0,0,False,PB,NORDESTE
2006359,270430,2,cirurgia_geral_cbo_exclusivo,225225,sensibilidade,reserva_pura,excluido_regra_cnes,,False,1,0,0,False,AL,NORDESTE
2006448,270430,2,cirurgia_geral_cbo_exclusivo,225225,sensibilidade,reserva_pura,excluido_regra_cnes,,False,1,0,0,False,AL,NORDESTE
2006510,270430,2,cirurgia_geral_cbo_exclusivo,225225,sensibilidade,reserva_pura,excluido_regra_cnes,,False,1,0,0,False,AL,NORDESTE
2007037,270430,2,cirurgia_geral_cbo_exclusivo,225225,sensibilidade,reserva_pura,excluido_regra_cnes,,False,1,0,0,False,AL,NORDESTE
2011166,270690,2,cirurgia_geral_cbo_exclusivo,225225,sensibilidade,reserva_pura,excluido_regra_cnes,,False,1,0,0,False,AL,NORDESTE
2017768,130002,2,cirurgia_geral_cbo_exclusivo,225225,sensibilidade,reserva_pura,excluido_regra_cnes,,False,1,0,0,False,AM,NORTE
2019736,160053,2,cirurgia_geral_cbo_exclusivo,225225,sensibilidade,reserva_pura,excluido_regra_cnes,,False,1,0,0,False,AP,NORTE
2096412,352440,2,cirurgia_geral_cbo_exclusivo,225225,sensibilidade,reserva_pura,excluido_regra_cnes,,False,1,0,0,False,SP,SUDESTE
2100754,314700,2,cirurgia_geral_cbo_exclusivo,225225,sensibilidade,reserva_pura,excluido_regra_cnes,,False,1,0,0,False,MG,SUDESTE
2101777,313630,2,cirurgia_geral_cbo_exclusivo,225225,sensibilidade,reserva_pura,excluido_regra_cnes,,False,1,0,0,False,MG,SUDESTE
2101874,313750,2,cirurgia_geral_cbo_exclusivo,225225,sensibilidade,reserva_pura,excluido_regra_cnes,,False,1,0,0,False,MG,SUDESTE
2109034,315690,2,cirurgia_geral_cbo_exclusivo,225225,sensibilidade,reserva_pura,excluido_regra_cnes,,False,1,0,0,False,MG,SUDESTE
2119439,314270,2,cirurgia_geral_cbo_exclusivo,225225,sensibilidade,reserva_pura,excluido_regra_cnes,,False,1,0,0,False,MG,SUDESTE
2119471,310730,2,cirurgia_geral_cbo_exclusivo,225225,sensibilidade,reserva_pura,excluido_regra_cnes,,False,1,0,0,False,MG,SUDESTE
2119528,315120,2,cirurgia_geral_cbo_exclusivo,225225,sensibilidade,reserva_pura,excluido_regra_cnes,,False,1,0,0,False,MG,SUDESTE
2134268,314180,2,cirurgia_geral_cbo_exclusivo,225225,sensibilidade,reserva_pura,excluido_regra_cnes,,False,1,0,0,False,MG,SUDESTE
2135930,313250,2,cirurgia_geral_cbo_exclusivo,225225,sensibilidade,reserva_pura,excluido_regra_cnes,,False,1,0,0,False,MG,SUDESTE
2140063,314200,2,cirurgia_geral_cbo_exclusivo,225225,sensibilidade,reserva_pura,excluido_regra_cnes,,False,1,0,0,False,MG,SUDESTE
2142376,312610,2,cirurgia_geral_cbo_exclusivo,225225,sensibilidade,reserva_pura,excluido_regra_cnes,,False,1,0,0,False,MG,SUDESTE
2145960,310350,2,cirurgia_geral_cbo_exclusivo,225225,sensibilidade,reserva_pura,excluido_regra_cnes,,False,1,0,0,False,MG,SUDESTE
2167727,315170,2,cirurgia_geral_cbo_exclusivo,225225,sensibilidade,reserva_pura,excluido_regra_cnes,,False,1,0,0,False,MG,SUDESTE
2178559,312090,2,cirurgia_geral_cbo_exclusivo,225225,sensibilidade,reserva_pura,excluido_regra_cnes,,False,1,0,0,False,MG,SUDESTE
2192896,310620,2,cirurgia_geral_cbo_exclusivo,225225,sensibilidade,reserva_pura,excluido_regra_cnes,,False,1,0,0,False,MG,SUDESTE
2200457,310620,2,cirurgia_geral_cbo_exclusivo,225225,sensibilidade,reserva_pura,excluido_regra_cnes,,False,1,0,0,False,MG,SUDESTE
2205866,312780,2,cirurgia_geral_cbo_exclusivo,225225,sensibilidade,reserva_pura,excluido_regra_cnes,,False,1,0,0,False,MG,SUDESTE
2205904,311880,2,cirurgia_geral_cbo_exclusivo,225225,sensibilidade,reserva_pura,excluido_regra_cnes,,False,1,0,0,False,MG,SUDESTE
2205998,313930,2,cirurgia_geral_cbo_exclusivo,225225,sensibilidade,reserva_pura,excluido_regra_cnes,,False,1,0,0,False,MG,SUDESTE
2208172,316860,2,cirurgia_geral_cbo_exclusivo,225225,sensibilidade,reserva_pura,excluido_regra_cnes,,False,1,0,0,False,MG,SUDESTE
2210924,316860,2,cirurgia_geral_cbo_exclusivo,225225,sensibilidade,reserva_pura,excluido_regra_cnes,,False,1,0,0,False,MG,SUDESTE
2211254,316860,2,cirurgia_geral_cbo_exclusivo,225225,sensibilidade,reserva_pura,excluido_regra_cnes,,False,1,0,0,False,MG,SUDESTE
2235609,430440,2,cirurgia_geral_cbo_exclusivo,225225,sensibilidade,reserva_pura,excluido_regra_cnes,,False,1,0,0,False,RS,SUL
2248220,431710,2,cirurgia_geral_cbo_exclusivo,225225,sensibilidade,reserva_pura,excluido_regra_cnes,,False,1,0,0,False,RS,SUL
2268922,330190,2,cirurgia_geral_cbo_exclusivo,225225,sensibilidade,reserva_pura,excluido_regra_cnes,,False,1,0,0,False,RJ,SUDESTE
2292084,330490,2,cirurgia_geral_cbo_exclusivo,225225,sensibilidade,reserva_pura,excluido_regra_cnes,,False,1,0,0,False,RJ,SUDESTE
2296241,330430,2,cirurgia_geral_cbo_exclusivo,225225,sensibilidade,reserva_pura,excluido_regra_cnes,,False,1,0,0,False,RJ,SUDESTE
2301318,293135,2,cirurgia_geral_cbo_exclusivo,225225,sensibilidade,reserva_pura,excluido_regra_cnes,,False,1,0,0,False,BA,NORDESTE
2301601,292250,2,cirurgia_geral_cbo_exclusivo,225225,sensibilidade,reserva_pura,excluido_regra_cnes,,False,1,0,0,False,BA,NORDESTE
2301687,290270,2,cirurgia_geral_cbo_exclusivo,225225,sensibilidade,reserva_pura,excluido_regra_cnes,,False,1,0,0,False,BA,NORDESTE
2301830,420300,2,cirurgia_geral_cbo_exclusivo,225225,sensibilidade,reserva_pura,excluido_regra_cnes,,False,1,0,0,False,SC,SUL
2302101,420480,2,cirurgia_geral_cbo_exclusivo,225225,sensibilidade,reserva_pura,excluido_regra_cnes,,False,1,0,0,False,SC,SUL
2302500,421930,2,cirurgia_geral_cbo_exclusivo,225225,sensibilidade,reserva_pura,excluido_regra_cnes,,False,1,0,0,False,SC,SUL
2306697,210340,2,cirurgia_geral_cbo_exclusivo,225225,sensibilidade,reserva_pura,excluido_regra_cnes,,False,1,0,0,False,MA,NORDESTE
2312050,150380,2,cirurgia_geral_cbo_exclusivo,225225,sensibilidade,reserva_pura,excluido_regra_cnes,,False,1,0,0,False,PA,NORTE
2312123,150506,2,cirurgia_geral_cbo_exclusivo,225225,sensibilidade,reserva_pura,excluido_regra_cnes,,False,1,0,0,False,PA,NORTE
2316757,150390,2,cirurgia_geral_cbo_exclusivo,225225,sensibilidade,reserva_pura,excluido_regra_cnes,,False,1,0,0,False,PA,NORTE
2319454,260790,2,cirurgia_geral_cbo_exclusivo,225225,sensibilidade,reserva_pura,excluido_regra_cnes,,False,1,0,0,False,PE,NORDESTE
2319659,140010,2,cirurgia_geral_cbo_exclusivo,225225,sensibilidade,reserva_pura,excluido_regra_cnes,,False,1,0,0,False,RR,NORTE
2323249,221100,2,cirurgia_geral_cbo_exclusivo,225225,sensibilidade,reserva_pura,excluido_regra_cnes,,False,1,0,0,False,PI,NORDESTE
2323451,221100,2,cirurgia_geral_cbo_exclusivo,225225,sensibilidade,reserva_pura,excluido_regra_cnes,,False,1,0,0,False,PI,NORDESTE
2323923,220020,2,cirurgia_geral_cbo_exclusivo,225225,sensibilidade,reserva_pura,excluido_regra_cnes,,False,1,0,0,False,PI,NORDESTE
2324334,220330,2,cirurgia_geral_cbo_exclusivo,225225,sensibilidade,reserva_pura,excluido_regra_cnes,,False,1,0,0,False,PI,NORDESTE
2328992,150270,2,cirurgia_geral_cbo_exclusivo,225225,sensibilidade,reserva_pura,excluido_regra_cnes,,False,1,0,0,False,PA,NORTE
2329905,150680,2,cirurgia_geral_cbo_exclusivo,225225,sensibilidade,reserva_pura,excluido_regra_cnes,,False,1,0,0,False,PA,NORTE
2330830,150060,2,cirurgia_geral_cbo_exclusivo,225225,sensibilidade,reserva_pura,excluido_regra_cnes,,False,1,0,0,False,PA,NORTE
2332671,150140,2,cirurgia_geral_cbo_exclusivo,225225,sensibilidade,reserva_pura,excluido_regra_cnes,,False,1,0,0,False,PA,NORTE
2332981,150140,2,cirurgia_geral_cbo_exclusivo,225225,sensibilidade,reserva_pura,excluido_regra_cnes,,False,1,0,0,False,PA,NORTE
2333031,150140,2,cirurgia_geral_cbo_exclusivo,225225,sensibilidade,reserva_pura,excluido_regra_cnes,,False,1,0,0,False,PA,NORTE
2334801,110005,2,cirurgia_geral_cbo_exclusivo,225225,sensibilidade,reserva_pura,excluido_regra_cnes,,False,1,0,0,False,RO,NORTE
2337576,520540,2,cirurgia_geral_cbo_exclusivo,225225,sensibilidade,reserva_pura,excluido_regra_cnes,,False,1,0,0,False,GO,CENTRO-OESTE
2338351,520870,2,cirurgia_geral_cbo_exclusivo,225225,sensibilidade,reserva_pura,excluido_regra_cnes,,False,1,0,0,False,GO,CENTRO-OESTE
2340690,521880,2,cirurgia_geral_cbo_exclusivo,225225,sensibilidade,reserva_pura,excluido_regra_cnes,,False,1,0,0,False,GO,CENTRO-OESTE
2343185,520995,2,cirurgia_geral_cbo_exclusivo,225225,sensibilidade,reserva_pura,excluido_regra_cnes,,False,1,0,0,False,GO,CENTRO-OESTE
2344254,260190,2,cirurgia_geral_cbo_exclusivo,225225,sensibilidade,reserva_pura,excluido_regra_cnes,,False,1,0,0,False,PE,NORDESTE
2344882,260960,2,cirurgia_geral_cbo_exclusivo,225225,sensibilidade,reserva_pura,excluido_regra_cnes,,False,1,0,0,False,PE,NORDESTE
2348489,261390,2,cirurgia_geral_cbo_exclusivo,225225,sensibilidade,reserva_pura,excluido_regra_cnes,,False,1,0,0,False,PE,NORDESTE
2361787,520110,2,cirurgia_geral_cbo_exclusivo,225225,sensibilidade,reserva_pura,excluido_regra_cnes,,False,1,0,0,False,GO,CENTRO-OESTE
2362856,250400,2,cirurgia_geral_cbo_exclusivo,225225,sensibilidade,reserva_pura,excluido_regra_cnes,,False,1,0,0,False,PB,NORDESTE
2364816,220190,2,cirurgia_geral_cbo_exclusivo,225225,sensibilidade,reserva_pura,excluido_regra_cnes,,False,1,0,0,False,PI,NORDESTE
2365146,220390,2,cirurgia_geral_cbo_exclusivo,225225,sensibilidade,reserva_pura,excluido_regra_cnes,,False,1,0,0,False,PI,NORDESTE
2371375,500370,2,cirurgia_geral_cbo_exclusivo,225225,sensibilidade,reserva_pura,excluido_regra_cnes,,False,1,0,0,False,MS,CENTRO-OESTE
2372819,230220,2,cirurgia_geral_cbo_exclusivo,225225,sensibilidade,reserva_pura,excluido_regra_cnes,,False,1,0,0,False,CE,NORDESTE
2372967,230110,2,cirurgia_geral_cbo_exclusivo,225225,sensibilidade,reserva_pura,excluido_regra_cnes,,False,1,0,0,False,CE,NORDESTE
2375680,500290,2,cirurgia_geral_cbo_exclusivo,225225,sensibilidade,reserva_pura,excluido_regra_cnes,,False,1,0,0,False,MS,CENTRO-OESTE
2375826,500325,2,cirurgia_geral_cbo_exclusivo,225225,sensibilidade,reserva_pura,excluido_regra_cnes,,False,1,0,0,False,MS,CENTRO-OESTE
2376091,500240,2,cirurgia_geral_cbo_exclusivo,225225,sensibilidade,reserva_pura,excluido_regra_cnes,,False,1,0,0,False,MS,CENTRO-OESTE
2380129,421790,2,cirurgia_geral_cbo_exclusivo,225225,sensibilidade,reserva_pura,excluido_regra_cnes,,False,1,0,0,False,SC,SUL
2385171,291480,2,cirurgia_geral_cbo_exclusivo,225225,sensibilidade,reserva_pura,excluido_regra_cnes,,False,1,0,0,False,BA,NORDESTE
2385880,420730,2,cirurgia_geral_cbo_exclusivo,225225,sensibilidade,reserva_pura,excluido_regra_cnes,,False,1,0,0,False,SC,SUL
2386038,421490,2,cirurgia_geral_cbo_exclusivo,225225,sensibilidade,reserva_pura,excluido_regra_cnes,,False,1,0,0,False,SC,SUL
2387581,290650,2,cirurgia_geral_cbo_exclusivo,225225,sensibilidade,reserva_pura,excluido_regra_cnes,,False,1,0,0,False,BA,NORDESTE
2388057,290570,2,cirurgia_geral_cbo_exclusivo,225225,sensibilidade,reserva_pura,excluido_regra_cnes,,False,1,0,0,False,BA,NORDESTE
2389584,290810,2,cirurgia_geral_cbo_exclusivo,225225,sensibilidade,reserva_pura,excluido_regra_cnes,,False,1,0,0,False,BA,NORDESTE
2392410,510320,2,cirurgia_geral_cbo_exclusivo,225225,sensibilidade,reserva_pura,excluido_regra_cnes,,False,1,0,0,False,MT,CENTRO-OESTE
2395037,510250,2,cirurgia_geral_cbo_exclusivo,225225,sensibilidade,reserva_pura,excluido_regra_cnes,,False,1,0,0,False,MT,CENTRO-OESTE
2399555,250750,2,cirurgia_geral_cbo_exclusivo,225225,sensibilidade,reserva_pura,excluido_regra_cnes,,False,1,0,0,False,PB,NORDESTE
2399628,250750,2,cirurgia_geral_cbo_exclusivo,225225,sensibilidade,reserva_pura,excluido_regra_cnes,,False,1,0,0,False,PB,NORDESTE
2399741,250750,2,cirurgia_geral_cbo_exclusivo,225225,sensibilidade,reserva_pura,excluido_regra_cnes,,False,1,0,0,False,PB,NORDESTE
2400693,291800,2,cirurgia_geral_cbo_exclusivo,225225,sensibilidade,reserva_pura,excluido_regra_cnes,,False,1,0,0,False,BA,NORDESTE
2402076,293330,2,cirurgia_geral_cbo_exclusivo,225225,sensibilidade,reserva_pura,excluido_regra_cnes,,False,1,0,0,False,BA,NORDESTE
2409208,240810,2,cirurgia_geral_cbo_exclusivo,225225,sensibilidade,reserva_pura,excluido_regra_cnes,,False,1,0,0,False,RN,NORDESTE
2410281,240800,2,cirurgia_geral_cbo_exclusivo,225225,sensibilidade,reserva_pura,excluido_regra_cnes,,False,1,0,0,False,RN,NORDESTE
2414244,290100,2,cirurgia_geral_cbo_exclusivo,225225,sensibilidade,reserva_pura,excluido_regra_cnes,,False,1,0,0,False,BA,NORDESTE
2427419,260410,2,cirurgia_geral_cbo_exclusivo,225225,sensibilidade,reserva_pura,excluido_regra_cnes,,False,1,0,0,False,PE,NORDESTE
2427427,261160,2,cirurgia_geral_cbo_exclusivo,225225,sensibilidade,reserva_pura,excluido_regra_cnes,,False,1,0,0,False,PE,NORDESTE
2432307,261640,2,cirurgia_geral_cbo_exclusivo,225225,sensibilidade,reserva_pura,excluido_regra_cnes,,False,1,0,0,False,PE,NORDESTE
2436930,521130,2,cirurgia_geral_cbo_exclusivo,225225,sensibilidade,reserva_pura,excluido_regra_cnes,,False,1,0,0,False,GO,CENTRO-OESTE
2437139,520450,2,cirurgia_geral_cbo_exclusivo,225225,sensibilidade,reserva_pura,excluido_regra_cnes,,False,1,0,0,False,GO,CENTRO-OESTE
2442019,521450,2,cirurgia_geral_cbo_exclusivo,225225,sensibilidade,reserva_pura,excluido_regra_cnes,,False,1,0,0,False,GO,CENTRO-OESTE
2461765,210440,2,cirurgia_geral_cbo_exclusivo,225225,sensibilidade,reserva_pura,excluido_regra_cnes,,False,1,0,0,False,MA,NORDESTE
2463016,210005,2,cirurgia_geral_cbo_exclusivo,225225,sensibilidade,reserva_pura,excluido_regra_cnes,,False,1,0,0,False,MA,NORDESTE
2470098,291470,2,cirurgia_geral_cbo_exclusivo,225225,sensibilidade,reserva_pura,excluido_regra_cnes,,False,1,0,0,False,BA,NORDESTE
2470748,291750,2,cirurgia_geral_cbo_exclusivo,225225,sensibilidade,reserva_pura,excluido_regra_cnes,,False,1,0,0,False,BA,NORDESTE
2471663,510629,2,cirurgia_geral_cbo_exclusivo,225225,sensibilidade,reserva_pura,excluido_regra_cnes,,False,1,0,0,False,MT,CENTRO-OESTE
2476487,240310,2,cirurgia_geral_cbo_exclusivo,225225,sensibilidade,reserva_pura,excluido_regra_cnes,,False,1,0,0,False,RN,NORDESTE
2491710,421870,2,cirurgia_geral_cbo_exclusivo,225225,sensibilidade,reserva_pura,excluido_regra_cnes,,False,1,0,0,False,SC,SUL
2496534,110018,2,cirurgia_geral_cbo_exclusivo,225225,sensibilidade,reserva_pura,excluido_regra_cnes,,False,1,0,0,False,RO,NORTE
2497654,230440,2,cirurgia_geral_cbo_exclusivo,225225,sensibilidade,reserva_pura,excluido_regra_cnes,,False,1,0,0,False,CE,NORDESTE
2498421,292120,2,cirurgia_geral_cbo_exclusivo,225225,sensibilidade,reserva_pura,excluido_regra_cnes,,False,1,0,0,False,BA,NORDESTE
2503689,240800,2,cirurgia_geral_cbo_exclusivo,225225,sensibilidade,reserva_pura,excluido_regra_cnes,,False,1,0,0,False,RN,NORDESTE
2514710,230350,2,cirurgia_geral_cbo_exclusivo,225225,sensibilidade,reserva_pura,excluido_regra_cnes,,False,1,0,0,False,CE,NORDESTE
2516640,230440,2,cirurgia_geral_cbo_exclusivo,225225,sensibilidade,reserva_pura,excluido_regra_cnes,,False,1,0,0,False,CE,NORDESTE
2516667,230440,2,cirurgia_geral_cbo_exclusivo,225225,sensibilidade,reserva_pura,excluido_regra_cnes,,False,1,0,0,False,CE,NORDESTE
2516683,230440,2,cirurgia_geral_cbo_exclusivo,225225,sensibilidade,reserva_pura,excluido_regra_cnes,,False,1,0,0,False,CE,NORDESTE
2520524,291840,2,cirurgia_geral_cbo_exclusivo,225225,sensibilidade,reserva_pura,excluido_regra_cnes,,False,1,0,0,False,BA,NORDESTE
2527693,231310,2,cirurgia_geral_cbo_exclusivo,225225,sensibilidade,reserva_pura,excluido_regra_cnes,,False,1,0,0,False,CE,NORDESTE
2527707,230760,2,cirurgia_geral_cbo_exclusivo,225225,sensibilidade,reserva_pura,excluido_regra_cnes,,False,1,0,0,False,CE,NORDESTE
2534460,510250,2,cirurgia_geral_cbo_exclusivo,225225,sensibilidade,reserva_pura,excluido_regra_cnes,,False,1,0,0,False,MT,CENTRO-OESTE
2534789,521460,2,cirurgia_geral_cbo_exclusivo,225225,sensibilidade,reserva_pura,excluido_regra_cnes,,False,1,0,0,False,GO,CENTRO-OESTE
2537028,150815,2,cirurgia_geral_cbo_exclusivo,225225,sensibilidade,reserva_pura,excluido_regra_cnes,,False,1,0,0,False,PA,NORTE
2549182,292640,2,cirurgia_geral_cbo_exclusivo,225225,sensibilidade,reserva_pura,excluido_regra_cnes,,False,1,0,0,False,BA,NORDESTE
2550938,420150,2,cirurgia_geral_cbo_exclusivo,225225,sensibilidade,reserva_pura,excluido_regra_cnes,,False,1,0,0,False,SC,SUL
2550962,420880,2,cirurgia_geral_cbo_exclusivo,225225,sensibilidade,reserva_pura,excluido_regra_cnes,,False,1,0,0,False,SC,SUL
2551764,260120,2,cirurgia_geral_cbo_exclusivo,225225,sensibilidade,reserva_pura,excluido_regra_cnes,,False,1,0,0,False,PE,NORDESTE
2552086,230640,2,cirurgia_geral_cbo_exclusivo,225225,sensibilidade,reserva_pura,excluido_regra_cnes,,False,1,0,0,False,CE,NORDESTE
2552930,110004,2,cirurgia_geral_cbo_exclusivo,225225,sensibilidade,reserva_pura,excluido_regra_cnes,,False,1,0,0,False,RO,NORTE
2554798,230770,2,cirurgia_geral_cbo_exclusivo,225225,sensibilidade,reserva_pura,excluido_regra_cnes,,False,1,0,0,False,CE,NORDESTE
2556847,291560,2,cirurgia_geral_cbo_exclusivo,225225,sensibilidade,reserva_pura,excluido_regra_cnes,,False,1,0,0,False,BA,NORDESTE
2557509,291840,2,cirurgia_geral_cbo_exclusivo,225225,sensibilidade,reserva_pura,excluido_regra_cnes,,False,1,0,0,False,BA,NORDESTE
2558017,420940,2,cirurgia_geral_cbo_exclusivo,225225,sensibilidade,reserva_pura,excluido_regra_cnes,,False,1,0,0,False,SC,SUL
2558610,500380,2,cirurgia_geral_cbo_exclusivo,225225,sensibilidade,reserva_pura,excluido_regra_cnes,,False,1,0,0,False,MS,CENTRO-OESTE
2561395,230100,2,cirurgia_geral_cbo_exclusivo,225225,sensibilidade,reserva_pura,excluido_regra_cnes,,False,1,0,0,False,CE,NORDESTE
2561433,230523,2,cirurgia_geral_cbo_exclusivo,225225,sensibilidade,reserva_pura,excluido_regra_cnes,,False,1,0,0,False,CE,NORDESTE
2562154,230630,2,cirurgia_geral_cbo_exclusivo,225225,sensibilidade,reserva_pura,excluido_regra_cnes,,False,1,0,0,False,CE,NORDESTE
2592746,251370,2,cirurgia_geral_cbo_exclusivo,225225,sensibilidade,reserva_pura,excluido_regra_cnes,,False,1,0,0,False,PB,NORDESTE
2600536,170210,2,cirurgia_geral_cbo_exclusivo,225225,sensibilidade,reserva_pura,excluido_regra_cnes,,False,1,0,0,False,TO,NORTE
2601583,292510,2,cirurgia_geral_cbo_exclusivo,225225,sensibilidade,reserva_pura,excluido_regra_cnes,,False,1,0,0,False,BA,NORDESTE
2601680,291080,2,cirurgia_geral_cbo_exclusivo,225225,sensibilidade,reserva_pura,excluido_regra_cnes,,False,1,0,0,False,BA,NORDESTE
2602083,291610,2,cirurgia_geral_cbo_exclusivo,225225,sensibilidade,mista,excluido_regra_cnes,,False,1,2,0,False,BA,NORDESTE
2602121,291320,2,cirurgia_geral_cbo_exclusivo,225225,sensibilidade,reserva_pura,excluido_regra_cnes,,False,1,0,0,False,BA,NORDESTE
2603055,291390,2,cirurgia_geral_cbo_exclusivo,225225,sensibilidade,reserva_pura,excluido_regra_cnes,,False,1,0,0,False,BA,NORDESTE
2615711,150370,2,cirurgia_geral_cbo_exclusivo,225225,sensibilidade,reserva_pura,excluido_regra_cnes,,False,1,0,0,False,PA,NORTE
2615797,150420,2,cirurgia_geral_cbo_exclusivo,225225,sensibilidade,reserva_pura,excluido_regra_cnes,,False,1,0,0,False,PA,NORTE
2616211,150548,2,cirurgia_geral_cbo_exclusivo,225225,sensibilidade,reserva_pura,excluido_regra_cnes,,False,1,0,0,False,PA,NORTE
2619717,150442,2,cirurgia_geral_cbo_exclusivo,225225,sensibilidade,reserva_pura,excluido_regra_cnes,,False,1,0,0,False,PA,NORTE
2619946,150797,2,cirurgia_geral_cbo_exclusivo,225225,sensibilidade,reserva_pura,excluido_regra_cnes,,False,1,0,0,False,PA,NORTE
2621614,150810,2,cirurgia_geral_cbo_exclusivo,225225,sensibilidade,reserva_pura,excluido_regra_cnes,,False,1,0,0,False,PA,NORTE
2622475,150445,2,cirurgia_geral_cbo_exclusivo,225225,sensibilidade,reserva_pura,excluido_regra_cnes,,False,1,0,0,False,PA,NORTE
2639211,260875,2,cirurgia_geral_cbo_exclusivo,225225,sensibilidade,reserva_pura,excluido_regra_cnes,,False,1,0,0,False,PE,NORDESTE
2651394,230440,2,cirurgia_geral_cbo_exclusivo,225225,sensibilidade,reserva_pura,excluido_regra_cnes,,False,1,0,0,False,CE,NORDESTE
2651610,500660,2,cirurgia_geral_cbo_exclusivo,225225,sensibilidade,reserva_pura,excluido_regra_cnes,,False,1,0,0,False,MS,CENTRO-OESTE
2658801,171575,2,cirurgia_geral_cbo_exclusivo,225225,sensibilidade,reserva_pura,excluido_regra_cnes,,False,1,0,0,False,TO,NORTE
2664666,231160,2,cirurgia_geral_cbo_exclusivo,225225,sensibilidade,reserva_pura,excluido_regra_cnes,,False,1,0,0,False,CE,NORDESTE
2665778,240200,2,cirurgia_geral_cbo_exclusivo,225225,sensibilidade,reserva_pura,excluido_regra_cnes,,False,1,0,0,False,RN,NORDESTE
2665883,420280,2,cirurgia_geral_cbo_exclusivo,225225,sensibilidade,reserva_pura,excluido_regra_cnes,,False,1,0,0,False,SC,SUL
2672197,530010,2,cirurgia_geral_cbo_exclusivo,225225,sensibilidade,reserva_pura,excluido_regra_cnes,,False,1,0,0,False,DF,CENTRO-OESTE
2676192,150760,2,cirurgia_geral_cbo_exclusivo,225225,sensibilidade,reserva_pura,excluido_regra_cnes,,False,1,0,0,False,PA,NORTE
2677407,150405,2,cirurgia_geral_cbo_exclusivo,225225,sensibilidade,reserva_pura,excluido_regra_cnes,,False,1,0,0,False,PA,NORTE
2678500,150178,2,cirurgia_geral_cbo_exclusivo,225225,sensibilidade,reserva_pura,excluido_regra_cnes,,False,1,0,0,False,PA,NORTE
2694778,150140,2,cirurgia_geral_cbo_exclusivo,225225,sensibilidade,reserva_pura,excluido_regra_cnes,,False,1,0,0,False,PA,NORTE
2694891,150730,2,cirurgia_geral_cbo_exclusivo,225225,sensibilidade,reserva_pura,excluido_regra_cnes,,False,1,0,0,False,PA,NORTE
2695324,310620,2,cirurgia_geral_cbo_exclusivo,225225,sensibilidade,reserva_pura,excluido_regra_cnes,,False,1,0,0,False,MG,SUDESTE
2710498,500570,2,cirurgia_geral_cbo_exclusivo,225225,sensibilidade,reserva_pura,excluido_regra_cnes,,False,1,0,0,False,MS,CENTRO-OESTE
2710935,500370,2,cirurgia_geral_cbo_exclusivo,225225,sensibilidade,reserva_pura,excluido_regra_cnes,,False,1,0,0,False,MS,CENTRO-OESTE
2711990,260790,2,cirurgia_geral_cbo_exclusivo,225225,sensibilidade,reserva_pura,excluido_regra_cnes,,False,1,0,0,False,PE,NORDESTE
2712008,261640,2,cirurgia_geral_cbo_exclusivo,225225,sensibilidade,reserva_pura,excluido_regra_cnes,,False,1,0,0,False,PE,NORDESTE
2712016,261410,2,cirurgia_geral_cbo_exclusivo,225225,sensibilidade,reserva_pura,excluido_regra_cnes,,False,1,0,0,False,PE,NORDESTE
2726726,314800,2,cirurgia_geral_cbo_exclusivo,225225,sensibilidade,reserva_pura,excluido_regra_cnes,,False,1,0,0,False,MG,SUDESTE
2726971,221100,2,cirurgia_geral_cbo_exclusivo,225225,sensibilidade,reserva_pura,excluido_regra_cnes,,False,1,0,0,False,PI,NORDESTE
2726998,221100,2,cirurgia_geral_cbo_exclusivo,225225,sensibilidade,reserva_pura,excluido_regra_cnes,,False,1,0,0,False,PI,NORDESTE
2756951,500830,2,cirurgia_geral_cbo_exclusivo,225225,sensibilidade,reserva_pura,excluido_regra_cnes,,False,1,0,0,False,MS,CENTRO-OESTE
2760924,317040,2,cirurgia_geral_cbo_exclusivo,225225,sensibilidade,reserva_pura,excluido_regra_cnes,,False,1,0,0,False,MG,SUDESTE
2760940,312670,2,cirurgia_geral_cbo_exclusivo,225225,sensibilidade,reserva_pura,excluido_regra_cnes,,False,1,0,0,False,MG,SUDESTE
2761203,312160,2,cirurgia_geral_cbo_exclusivo,225225,sensibilidade,reserva_pura,excluido_regra_cnes,,False,1,0,0,False,MG,SUDESTE
2765632,170190,2,cirurgia_geral_cbo_exclusivo,225225,sensibilidade,reserva_pura,excluido_regra_cnes,,False,1,0,0,False,TO,NORTE
2772280,291480,2,cirurgia_geral_cbo_exclusivo,225225,sensibilidade,reserva_pura,excluido_regra_cnes,,False,1,0,0,False,BA,NORDESTE
2777460,261160,2,cirurgia_geral_cbo_exclusivo,225225,sensibilidade,reserva_pura,excluido_regra_cnes,,False,1,0,0,False,PE,NORDESTE
2778858,421840,2,cirurgia_geral_cbo_exclusivo,225225,sensibilidade,reserva_pura,excluido_regra_cnes,,False,1,0,0,False,SC,SUL
2785900,230440,2,cirurgia_geral_cbo_exclusivo,225225,sensibilidade,reserva_pura,excluido_regra_cnes,,False,1,0,0,False,CE,NORDESTE
2786109,170950,2,cirurgia_geral_cbo_exclusivo,225225,sensibilidade,reserva_pura,excluido_regra_cnes,,False,1,0,0,False,TO,NORTE
2789647,521150,2,cirurgia_geral_cbo_exclusivo,225225,sensibilidade,reserva_pura,excluido_regra_cnes,,False,1,0,0,False,GO,CENTRO-OESTE
2796112,316935,2,cirurgia_geral_cbo_exclusivo,225225,sensibilidade,reserva_pura,excluido_regra_cnes,,False,1,0,0,False,MG,SUDESTE
2798484,110030,2,cirurgia_geral_cbo_exclusivo,225225,sensibilidade,reserva_pura,excluido_regra_cnes,,False,1,0,0,False,RO,NORTE
2799731,290890,2,cirurgia_geral_cbo_exclusivo,225225,sensibilidade,reserva_pura,excluido_regra_cnes,,False,1,0,0,False,BA,NORDESTE
2799758,291080,2,cirurgia_geral_cbo_exclusivo,225225,sensibilidade,reserva_pura,excluido_regra_cnes,,False,1,0,0,False,BA,NORDESTE
2799790,292660,2,cirurgia_geral_cbo_exclusivo,225225,sensibilidade,reserva_pura,excluido_regra_cnes,,False,1,0,0,False,BA,NORDESTE
2801558,290910,2,cirurgia_geral_cbo_exclusivo,225225,sensibilidade,reserva_pura,excluido_regra_cnes,,False,1,0,0,False,BA,NORDESTE
2801906,292170,2,cirurgia_geral_cbo_exclusivo,225225,sensibilidade,reserva_pura,excluido_regra_cnes,,False,1,0,0,False,BA,NORDESTE
2802023,291920,2,cirurgia_geral_cbo_exclusivo,225225,sensibilidade,reserva_pura,excluido_regra_cnes,,False,1,0,0,False,BA,NORDESTE
2802783,261160,2,cirurgia_geral_cbo_exclusivo,225225,sensibilidade,reserva_pura,excluido_regra_cnes,,False,1,0,0,False,PE,NORDESTE
2804034,291170,2,cirurgia_geral_cbo_exclusivo,225225,sensibilidade,reserva_pura,excluido_regra_cnes,,False,1,0,0,False,BA,NORDESTE
2807076,110045,2,cirurgia_geral_cbo_exclusivo,225225,sensibilidade,reserva_pura,excluido_regra_cnes,,False,1,0,0,False,RO,NORTE
2814218,521880,2,cirurgia_geral_cbo_exclusivo,225225,sensibilidade,reserva_pura,excluido_regra_cnes,,False,1,0,0,False,GO,CENTRO-OESTE
2945622,500830,2,cirurgia_geral_cbo_exclusivo,225225,sensibilidade,reserva_pura,excluido_regra_cnes,,False,1,0,0,False,MS,CENTRO-OESTE
3003469,150295,2,cirurgia_geral_cbo_exclusivo,225225,sensibilidade,reserva_pura,excluido_regra_cnes,,False,1,0,0,False,PA,NORTE
3285391,221100,2,cirurgia_geral_cbo_exclusivo,225225,sensibilidade,reserva_pura,excluido_regra_cnes,,False,1,0,0,False,PI,NORDESTE
3388301,210300,2,cirurgia_geral_cbo_exclusivo,225225,sensibilidade,reserva_pura,excluido_regra_cnes,,False,1,0,0,False,MA,NORDESTE
3432076,160030,2,cirurgia_geral_cbo_exclusivo,225225,sensibilidade,reserva_pura,excluido_regra_cnes,,False,1,0,0,False,AP,NORTE
3654796,150565,2,cirurgia_geral_cbo_exclusivo,225225,sensibilidade,reserva_pura,excluido_regra_cnes,,False,1,0,0,False,PA,NORTE
3654826,170210,2,cirurgia_geral_cbo_exclusivo,225225,sensibilidade,reserva_pura,excluido_regra_cnes,,False,1,0,0,False,TO,NORTE
4005775,150140,2,cirurgia_geral_cbo_exclusivo,225225,sensibilidade,reserva_pura,excluido_regra_cnes,,False,1,0,0,False,PA,NORTE
4022718,290390,2,cirurgia_geral_cbo_exclusivo,225225,sensibilidade,reserva_pura,excluido_regra_cnes,,False,1,0,0,False,BA,NORDESTE
4028155,291840,2,cirurgia_geral_cbo_exclusivo,225225,sensibilidade,reserva_pura,excluido_regra_cnes,,False,1,0,0,False,BA,NORDESTE
4029607,292360,2,cirurgia_geral_cbo_exclusivo,225225,sensibilidade,reserva_pura,excluido_regra_cnes,,False,1,0,0,False,BA,NORDESTE
4032497,293015,2,cirurgia_geral_cbo_exclusivo,225225,sensibilidade,reserva_pura,excluido_regra_cnes,,False,1,0,0,False,BA,NORDESTE
4032594,293030,2,cirurgia_geral_cbo_exclusivo,225225,sensibilidade,reserva_pura,excluido_regra_cnes,,False,1,0,0,False,BA,NORDESTE
4032837,293105,2,cirurgia_geral_cbo_exclusivo,225225,sensibilidade,reserva_pura,excluido_regra_cnes,,False,1,0,0,False,BA,NORDESTE
4033418,293260,2,cirurgia_geral_cbo_exclusivo,225225,sensibilidade,reserva_pura,excluido_regra_cnes,,False,1,0,0,False,BA,NORDESTE
4068823,500720,2,cirurgia_geral_cbo_exclusivo,225225,sensibilidade,reserva_pura,excluido_regra_cnes,,False,1,0,0,False,MS,CENTRO-OESTE
4222466,260410,2,cirurgia_geral_cbo_exclusivo,225225,sensibilidade,reserva_pura,excluido_regra_cnes,,False,1,0,0,False,PE,NORDESTE
4412710,270430,2,cirurgia_geral_cbo_exclusivo,225225,sensibilidade,reserva_pura,excluido_regra_cnes,,False,1,0,0,False,AL,NORDESTE
4578732,293135,2,cirurgia_geral_cbo_exclusivo,225225,sensibilidade,reserva_pura,excluido_regra_cnes,,False,1,0,0,False,BA,NORDESTE
4607767,291955,2,cirurgia_geral_cbo_exclusivo,225225,sensibilidade,reserva_pura,excluido_regra_cnes,,False,1,0,0,False,BA,NORDESTE
4635612,150140,2,cirurgia_geral_cbo_exclusivo,225225,sensibilidade,reserva_pura,excluido_regra_cnes,,False,1,0,0,False,PA,NORTE
4963938,230440,2,cirurgia_geral_cbo_exclusivo,225225,sensibilidade,reserva_pura,excluido_regra_cnes,,False,1,0,0,False,CE,NORDESTE
5004764,171750,2,cirurgia_geral_cbo_exclusivo,225225,sensibilidade,reserva_pura,excluido_regra_cnes,,False,1,0,0,False,TO,NORTE
5061989,410830,2,cirurgia_geral_cbo_exclusivo,225225,sensibilidade,reserva_pura,excluido_regra_cnes,,False,1,0,0,False,PR,SUL
5356067,260790,2,cirurgia_geral_cbo_exclusivo,225225,sensibilidade,reserva_pura,excluido_regra_cnes,,False,1,0,0,False,PE,NORDESTE
5498465,150613,2,cirurgia_geral_cbo_exclusivo,225225,sensibilidade,reserva_pura,excluido_regra_cnes,,False,1,0,0,False,PA,NORTE
5597501,150060,2,cirurgia_geral_cbo_exclusivo,225225,sensibilidade,reserva_pura,excluido_regra_cnes,,False,1,0,0,False,PA,NORTE
5610044,500370,2,cirurgia_geral_cbo_exclusivo,225225,sensibilidade,reserva_pura,excluido_regra_cnes,,False,1,0,0,False,MS,CENTRO-OESTE
5717515,530010,2,cirurgia_geral_cbo_exclusivo,225225,sensibilidade,reserva_pura,excluido_regra_cnes,,False,1,0,0,False,DF,CENTRO-OESTE
5844843,311730,2,cirurgia_geral_cbo_exclusivo,225225,sensibilidade,reserva_pura,excluido_regra_cnes,,False,1,0,0,False,MG,SUDESTE
5882451,521250,2,cirurgia_geral_cbo_exclusivo,225225,sensibilidade,reserva_pura,excluido_regra_cnes,,False,1,0,0,False,GO,CENTRO-OESTE
6414702,292870,2,cirurgia_geral_cbo_exclusivo,225225,sensibilidade,reserva_pura,excluido_regra_cnes,,False,1,0,0,False,BA,NORDESTE
6426190,500330,2,cirurgia_geral_cbo_exclusivo,225225,sensibilidade,reserva_pura,excluido_regra_cnes,,False,1,0,0,False,MS,CENTRO-OESTE
6431569,261070,2,cirurgia_geral_cbo_exclusivo,225225,sensibilidade,reserva_pura,excluido_regra_cnes,,False,1,0,0,False,PE,NORDESTE
6559379,260290,2,cirurgia_geral_cbo_exclusivo,225225,sensibilidade,reserva_pura,excluido_regra_cnes,,False,1,0,0,False,PE,NORDESTE
6599877,110004,2,cirurgia_geral_cbo_exclusivo,225225,sensibilidade,reserva_pura,excluido_regra_cnes,,False,1,0,0,False,RO,NORTE
7047428,230440,2,cirurgia_geral_cbo_exclusivo,225225,sensibilidade,reserva_pura,excluido_regra_cnes,,False,1,0,0,False,CE,NORDESTE
7187556,292520,2,cirurgia_geral_cbo_exclusivo,225225,sensibilidade,reserva_pura,excluido_regra_cnes,,False,1,0,0,False,BA,NORDESTE
7215746,211107,2,cirurgia_geral_cbo_exclusivo,225225,sensibilidade,reserva_pura,excluido_regra_cnes,,False,1,0,0,False,MA,NORDESTE
7274351,420550,2,cirurgia_geral_cbo_exclusivo,225225,sensibilidade,reserva_pura,excluido_regra_cnes,,False,1,0,0,False,SC,SUL
7297394,261110,2,cirurgia_geral_cbo_exclusivo,225225,sensibilidade,reserva_pura,excluido_regra_cnes,,False,1,0,0,False,PE,NORDESTE
7366108,314330,2,cirurgia_geral_cbo_exclusivo,225225,sensibilidade,reserva_pura,excluido_regra_cnes,,False,1,0,0,False,MG,SUDESTE
7381344,260410,2,cirurgia_geral_cbo_exclusivo,225225,sensibilidade,reserva_pura,excluido_regra_cnes,,False,1,0,0,False,PE,NORDESTE
7456530,500100,2,cirurgia_geral_cbo_exclusivo,225225,sensibilidade,reserva_pura,excluido_regra_cnes,,False,1,0,0,False,MS,CENTRO-OESTE
7498810,260410,2,cirurgia_geral_cbo_exclusivo,225225,sensibilidade,reserva_pura,excluido_regra_cnes,,False,1,0,0,False,PE,NORDESTE
7866801,310620,2,cirurgia_geral_cbo_exclusivo,225225,sensibilidade,reserva_pura,excluido_regra_cnes,,False,1,0,0,False,MG,SUDESTE
9031103,150172,2,cirurgia_geral_cbo_exclusivo,225225,sensibilidade,reserva_pura,excluido_regra_cnes,,False,1,0,0,False,PA,NORTE
9633758,150345,2,cirurgia_geral_cbo_exclusivo,225225,sensibilidade,reserva_pura,excluido_regra_cnes,,False,1,0,0,False,PA,NORTE
9923837,270430,2,cirurgia_geral_cbo_exclusivo,225225,sensibilidade,reserva_pura,excluido_regra_cnes,,False,1,0,0,False,AL,NORDESTE
0000477,261160,12,oncologia_clinica,225121,generalizacao,mista,excluido_regra_cnes,,False,1,1,0,False,PE,NORDESTE
0000582,261160,12,oncologia_clinica,225121,generalizacao,mista,excluido_regra_cnes,,False,1,1,0,False,PE,NORDESTE
0010456,530010,12,oncologia_clinica,225121,generalizacao,mista,excluido_regra_cnes,,False,1,1,0,False,DF,CENTRO-OESTE
0010499,530010,12,oncologia_clinica,225121,generalizacao,mista,excluido_regra_cnes,,False,1,1,0,False,DF,CENTRO-OESTE
0010510,530010,12,oncologia_clinica,225121,generalizacao,mista,excluido_regra_cnes,,False,1,1,0,False,DF,CENTRO-OESTE
0015245,410690,12,oncologia_clinica,225121,generalizacao,mista,excluido_regra_cnes,,False,1,1,0,False,PR,SUL
0015334,410690,12,oncologia_clinica,225121,generalizacao,mista,excluido_regra_cnes,,False,1,1,0,False,PR,SUL
0019445,420540,12,oncologia_clinica,225121,generalizacao,mista,excluido_regra_cnes,,False,1,1,0,False,SC,SUL
2007037,270430,12,oncologia_clinica,225121,generalizacao,reserva_pura,excluido_regra_cnes,,False,1,0,0,False,AL,NORDESTE
2025361,354870,12,oncologia_clinica,225121,generalizacao,reserva_pura,excluido_regra_cnes,,False,1,0,0,False,SP,SUDESTE
2084228,354910,12,oncologia_clinica,225121,generalizacao,mista,excluido_regra_cnes,,False,1,1,0,False,SP,SUDESTE
2206595,317010,12,oncologia_clinica,225121,generalizacao,mista,excluido_regra_cnes,,False,1,1,0,False,MG,SUDESTE
2215586,313170,12,oncologia_clinica,225121,generalizacao,mista,excluido_regra_cnes,,False,1,1,0,False,MG,SUDESTE
2232995,431560,12,oncologia_clinica,225121,generalizacao,mista,excluido_regra_cnes,,False,1,1,0,False,RS,SUL
2244306,431690,12,oncologia_clinica,225121,generalizacao,mista,excluido_regra_cnes,,False,1,1,0,False,RS,SUL
2252694,431440,12,oncologia_clinica,225121,generalizacao,mista,excluido_regra_cnes,,False,1,1,0,False,RS,SUL
2253054,431440,12,oncologia_clinica,225121,generalizacao,mista,excluido_regra_cnes,,False,1,1,0,False,RS,SUL
2269384,330455,12,oncologia_clinica,225121,generalizacao,reserva_pura,excluido_regra_cnes,,False,1,0,0,False,RJ,SUDESTE
2269783,330455,12,oncologia_clinica,225121,generalizacao,reserva_pura,excluido_regra_cnes,,False,1,0,0,False,RJ,SUDESTE
2275562,330390,12,oncologia_clinica,225121,generalizacao,mista,excluido_regra_cnes,,False,1,1,0,False,RJ,SUDESTE
2278855,330220,12,oncologia_clinica,225121,generalizacao,mista,excluido_regra_cnes,,False,1,1,0,False,RJ,SUDESTE
2287250,330100,12,oncologia_clinica,225121,generalizacao,mista,excluido_regra_cnes,,False,1,1,0,False,RJ,SUDESTE
2287447,330100,12,oncologia_clinica,225121,generalizacao,mista,excluido_regra_cnes,,False,1,1,0,False,RJ,SUDESTE
2295423,330455,12,oncologia_clinica,225121,generalizacao,reserva_pura,excluido_regra_cnes,,False,1,0,0,False,RJ,SUDESTE
2319659,140010,12,oncologia_clinica,225121,generalizacao,mista,excluido_regra_cnes,,False,1,1,0,False,RR,NORTE
2338351,520870,12,oncologia_clinica,225121,generalizacao,mista,excluido_regra_cnes,,False,1,1,0,False,GO,CENTRO-OESTE
2361787,520110,12,oncologia_clinica,225121,generalizacao,mista,excluido_regra_cnes,,False,1,1,0,False,GO,CENTRO-OESTE
2399741,250750,12,oncologia_clinica,225121,generalizacao,reserva_pura,excluido_regra_cnes,,False,1,0,0,False,PB,NORDESTE
2399776,250750,12,oncologia_clinica,225121,generalizacao,reserva_pura,excluido_regra_cnes,,False,1,0,0,False,PB,NORDESTE
2427427,261160,12,oncologia_clinica,225121,generalizacao,mista,excluido_regra_cnes,,False,1,1,0,False,PE,NORDESTE
2494442,320520,12,oncologia_clinica,225121,generalizacao,mista,excluido_regra_cnes,,False,1,1,0,False,ES,SUDESTE
2504332,420930,12,oncologia_clinica,225121,generalizacao,mista,excluido_regra_cnes,,False,1,1,0,False,SC,SUL
2506815,520870,12,oncologia_clinica,225121,generalizacao,mista,excluido_regra_cnes,,False,1,1,0,False,GO,CENTRO-OESTE
2522691,420820,12,oncologia_clinica,225121,generalizacao,mista,excluido_regra_cnes,,False,1,1,0,False,SC,SUL
2537788,420420,12,oncologia_clinica,225121,generalizacao,mista,excluido_regra_cnes,,False,1,1,0,False,SC,SUL
2543044,421360,12,oncologia_clinica,225121,generalizacao,mista,excluido_regra_cnes,,False,1,1,0,False,SC,SUL
2601680,291080,12,oncologia_clinica,225121,generalizacao,mista,excluido_regra_cnes,,False,1,1,0,False,BA,NORDESTE
2609061,251130,12,oncologia_clinica,225121,generalizacao,mista,excluido_regra_cnes,,False,1,1,0,False,PB,NORDESTE
2646536,211130,12,oncologia_clinica,225121,generalizacao,mista,excluido_regra_cnes,,False,1,1,0,False,MA,NORDESTE
2726998,221100,12,oncologia_clinica,225121,generalizacao,mista,excluido_regra_cnes,,False,1,1,0,False,PI,NORDESTE
2756951,500830,12,oncologia_clinica,225121,generalizacao,mista,excluido_regra_cnes,,False,1,1,0,False,MS,CENTRO-OESTE
2758164,420460,12,oncologia_clinica,225121,generalizacao,reserva_pura,excluido_regra_cnes,,False,1,0,0,False,SC,SUL
2784602,352050,12,oncologia_clinica,225121,generalizacao,mista,excluido_regra_cnes,,False,1,1,0,False,SP,SUDESTE
3021114,231290,12,oncologia_clinica,225121,generalizacao,mista,excluido_regra_cnes,,False,1,1,0,False,CE,NORDESTE
4578732,293135,12,oncologia_clinica,225121,generalizacao,mista,excluido_regra_cnes,,False,1,1,0,False,BA,NORDESTE
4586298,280350,12,oncologia_clinica,225121,generalizacao,reserva_pura,excluido_regra_cnes,,False,1,0,0,False,SE,NORDESTE
6683134,421720,12,oncologia_clinica,225121,generalizacao,mista,excluido_regra_cnes,,False,1,1,0,False,SC,SUL
7891067,210300,12,oncologia_clinica,225121,generalizacao,reserva_pura,excluido_regra_cnes,,False,1,0,0,False,MA,NORDESTE
0000477,261160,24,medicina_intensiva,225150,generalizacao,reserva_pura,excluido_regra_cnes,,False,1,0,0,False,PE,NORDESTE
0000566,261160,24,medicina_intensiva,225150,generalizacao,reserva_pura,excluido_regra_cnes,,False,1,0,0,False,PE,NORDESTE
0000582,261160,24,medicina_intensiva,225150,generalizacao,reserva_pura,excluido_regra_cnes,,False,1,0,0,False,PE,NORDESTE
0001120,261160,24,medicina_intensiva,225150,generalizacao,reserva_pura,excluido_regra_cnes,,False,1,0,0,False,PE,NORDESTE
0010456,530010,24,medicina_intensiva,225150,generalizacao,mista,excluido_regra_cnes,,False,1,1,0,False,DF,CENTRO-OESTE
0010472,530010,24,medicina_intensiva,225150,generalizacao,mista,excluido_regra_cnes,,False,1,1,0,False,DF,CENTRO-OESTE
0010510,530010,24,medicina_intensiva,225150,generalizacao,mista,excluido_regra_cnes,,False,1,1,0,False,DF,CENTRO-OESTE
0015245,410690,24,medicina_intensiva,225150,generalizacao,reserva_pura,excluido_regra_cnes,,False,1,0,0,False,PR,SUL
0015334,410690,24,medicina_intensiva,225150,generalizacao,reserva_pura,excluido_regra_cnes,,False,1,0,0,False,PR,SUL
0019305,420540,24,medicina_intensiva,225150,generalizacao,reserva_pura,excluido_regra_cnes,,False,1,0,0,False,SC,SUL
0086673,230440,24,medicina_intensiva,225150,generalizacao,reserva_pura,excluido_regra_cnes,,False,1,0,0,False,CE,NORDESTE
0106526,292740,24,medicina_intensiva,225150,generalizacao,mista,excluido_regra_cnes,,False,1,1,0,False,BA,NORDESTE
0226491,261390,24,medicina_intensiva,225150,generalizacao,mista,excluido_regra_cnes,,False,1,1,0,False,PE,NORDESTE
0616036,520110,24,medicina_intensiva,225150,generalizacao,reserva_pura,excluido_regra_cnes,,False,1,0,0,False,GO,CENTRO-OESTE
2006359,270430,24,medicina_intensiva,225150,generalizacao,reserva_pura,excluido_regra_cnes,,False,1,0,0,False,AL,NORDESTE
2006448,270430,24,medicina_intensiva,225150,generalizacao,reserva_pura,excluido_regra_cnes,,False,1,0,0,False,AL,NORDESTE
2006510,270430,24,medicina_intensiva,225150,generalizacao,reserva_pura,excluido_regra_cnes,,False,1,0,0,False,AL,NORDESTE
2009250,270430,24,medicina_intensiva,225150,generalizacao,reserva_pura,excluido_regra_cnes,,False,1,0,0,False,AL,NORDESTE
2020653,160030,24,medicina_intensiva,225150,generalizacao,reserva_pura,excluido_regra_cnes,,False,1,0,0,False,AP,NORTE
2101777,313630,24,medicina_intensiva,225150,generalizacao,reserva_pura,excluido_regra_cnes,,False,1,0,0,False,MG,SUDESTE
2192896,310620,24,medicina_intensiva,225150,generalizacao,reserva_pura,excluido_regra_cnes,,False,1,0,0,False,MG,SUDESTE
2195585,317010,24,medicina_intensiva,225150,generalizacao,reserva_pura,excluido_regra_cnes,,False,1,0,0,False,MG,SUDESTE
2307154,210900,24,medicina_intensiva,225150,generalizacao,reserva_pura,excluido_regra_cnes,,False,1,0,0,False,MA,NORDESTE
2323338,221100,24,medicina_intensiva,225150,generalizacao,mista,excluido_regra_cnes,,False,1,1,0,False,PI,NORDESTE
2333031,150140,24,medicina_intensiva,225150,generalizacao,mista,excluido_regra_cnes,,False,1,1,0,False,PA,NORTE
2343738,260940,24,medicina_intensiva,225150,generalizacao,mista,excluido_regra_cnes,,False,1,1,0,False,PE,NORDESTE
2356287,261220,24,medicina_intensiva,225150,generalizacao,reserva_pura,excluido_regra_cnes,,False,1,0,0,False,PE,NORDESTE
2379767,420360,24,medicina_intensiva,225150,generalizacao,reserva_pura,excluido_regra_cnes,,False,1,0,0,False,SC,SUL
2409275,240940,24,medicina_intensiva,225150,generalizacao,reserva_pura,excluido_regra_cnes,,False,1,0,0,False,RN,NORDESTE
2421518,280350,24,medicina_intensiva,225150,generalizacao,reserva_pura,excluido_regra_cnes,,False,1,0,0,False,SE,NORDESTE
2427419,260410,24,medicina_intensiva,225150,generalizacao,reserva_pura,excluido_regra_cnes,,False,1,0,0,False,PE,NORDESTE
2430711,261110,24,medicina_intensiva,225150,generalizacao,reserva_pura,excluido_regra_cnes,,False,1,0,0,False,PE,NORDESTE
2442019,521450,24,medicina_intensiva,225150,generalizacao,mista,excluido_regra_cnes,,False,1,1,0,False,GO,CENTRO-OESTE
2458292,211130,24,medicina_intensiva,225150,generalizacao,mista,excluido_regra_cnes,,False,1,1,0,False,MA,NORDESTE
2464594,211130,24,medicina_intensiva,225150,generalizacao,mista,excluido_regra_cnes,,False,1,1,0,False,MA,NORDESTE
2473380,240325,24,medicina_intensiva,225150,generalizacao,reserva_pura,excluido_regra_cnes,,False,1,0,0,False,RN,NORDESTE
2485729,320120,24,medicina_intensiva,225150,generalizacao,reserva_pura,excluido_regra_cnes,,False,1,0,0,False,ES,SUDESTE
2493853,110020,24,medicina_intensiva,225150,generalizacao,reserva_pura,excluido_regra_cnes,,False,1,0,0,False,RO,NORTE
2493888,110020,24,medicina_intensiva,225150,generalizacao,reserva_pura,excluido_regra_cnes,,False,1,0,0,False,RO,NORTE
2493896,110020,24,medicina_intensiva,225150,generalizacao,reserva_pura,excluido_regra_cnes,,False,1,0,0,False,RO,NORTE
2494442,320520,24,medicina_intensiva,225150,generalizacao,reserva_pura,excluido_regra_cnes,,False,1,0,0,False,ES,SUDESTE
2495015,510340,24,medicina_intensiva,225150,generalizacao,mista,excluido_regra_cnes,,False,1,1,0,False,MT,CENTRO-OESTE
2497654,230440,24,medicina_intensiva,225150,generalizacao,reserva_pura,excluido_regra_cnes,,False,1,0,0,False,CE,NORDESTE
2503689,240800,24,medicina_intensiva,225150,generalizacao,reserva_pura,excluido_regra_cnes,,False,1,0,0,False,RN,NORDESTE
2504332,420930,24,medicina_intensiva,225150,generalizacao,reserva_pura,excluido_regra_cnes,,False,1,0,0,False,SC,SUL
2516683,230440,24,medicina_intensiva,225150,generalizacao,reserva_pura,excluido_regra_cnes,,False,1,0,0,False,CE,NORDESTE
2525569,291480,24,medicina_intensiva,225150,generalizacao,reserva_pura,excluido_regra_cnes,,False,1,0,0,False,BA,NORDESTE
2551764,260120,24,medicina_intensiva,225150,generalizacao,reserva_pura,excluido_regra_cnes,,False,1,0,0,False,PE,NORDESTE
2555646,421660,24,medicina_intensiva,225150,generalizacao,reserva_pura,excluido_regra_cnes,,False,1,0,0,False,SC,SUL
2563681,230440,24,medicina_intensiva,225150,generalizacao,reserva_pura,excluido_regra_cnes,,False,1,0,0,False,CE,NORDESTE
2601680,291080,24,medicina_intensiva,225150,generalizacao,mista,excluido_regra_cnes,,False,1,1,0,False,BA,NORDESTE
2639262,260110,24,medicina_intensiva,225150,generalizacao,reserva_pura,excluido_regra_cnes,,False,1,0,0,False,PE,NORDESTE
2646536,211130,24,medicina_intensiva,225150,generalizacao,mista,excluido_regra_cnes,,False,1,1,0,False,MA,NORDESTE
2653923,240810,24,medicina_intensiva,225150,generalizacao,reserva_pura,excluido_regra_cnes,,False,1,0,0,False,RN,NORDESTE
2664879,420540,24,medicina_intensiva,225150,generalizacao,reserva_pura,excluido_regra_cnes,,False,1,0,0,False,SC,SUL
2672197,530010,24,medicina_intensiva,225150,generalizacao,mista,excluido_regra_cnes,,False,1,1,0,False,DF,CENTRO-OESTE
2679469,240810,24,medicina_intensiva,225150,generalizacao,reserva_pura,excluido_regra_cnes,,False,1,0,0,False,RN,NORDESTE
2691868,420540,24,medicina_intensiva,225150,generalizacao,reserva_pura,excluido_regra_cnes,,False,1,0,0,False,SC,SUL
2702886,211130,24,medicina_intensiva,225150,generalizacao,mista,excluido_regra_cnes,,False,1,1,0,False,MA,NORDESTE
2726726,314800,24,medicina_intensiva,225150,generalizacao,reserva_pura,excluido_regra_cnes,,False,1,0,0,False,MG,SUDESTE
2726971,221100,24,medicina_intensiva,225150,generalizacao,mista,excluido_regra_cnes,,False,1,1,0,False,PI,NORDESTE
2756951,500830,24,medicina_intensiva,225150,generalizacao,mista,excluido_regra_cnes,,False,1,1,0,False,MS,CENTRO-OESTE
2772280,291480,24,medicina_intensiva,225150,generalizacao,reserva_pura,excluido_regra_cnes,,False,1,0,0,False,BA,NORDESTE
2777754,220220,24,medicina_intensiva,225150,generalizacao,reserva_pura,excluido_regra_cnes,,False,1,0,0,False,PI,NORDESTE
2785900,230440,24,medicina_intensiva,225150,generalizacao,reserva_pura,excluido_regra_cnes,,False,1,0,0,False,CE,NORDESTE
2789647,521150,24,medicina_intensiva,225150,generalizacao,reserva_pura,excluido_regra_cnes,,False,1,0,0,False,GO,CENTRO-OESTE
2798484,110030,24,medicina_intensiva,225150,generalizacao,reserva_pura,excluido_regra_cnes,,False,1,0,0,False,RO,NORTE
2802783,261160,24,medicina_intensiva,225150,generalizacao,reserva_pura,excluido_regra_cnes,,False,1,0,0,False,PE,NORDESTE
3388301,210300,24,medicina_intensiva,225150,generalizacao,mista,excluido_regra_cnes,,False,1,1,0,False,MA,NORDESTE
3663051,170210,24,medicina_intensiva,225150,generalizacao,reserva_pura,excluido_regra_cnes,,False,1,0,0,False,TO,NORTE
3698548,310560,24,medicina_intensiva,225150,generalizacao,reserva_pura,excluido_regra_cnes,,False,1,0,0,False,MG,SUDESTE
4001303,110020,24,medicina_intensiva,225150,generalizacao,reserva_pura,excluido_regra_cnes,,False,1,0,0,False,RO,NORTE
4446321,292740,24,medicina_intensiva,225150,generalizacao,mista,excluido_regra_cnes,,False,1,1,0,False,BA,NORDESTE
5356067,260790,24,medicina_intensiva,225150,generalizacao,reserva_pura,excluido_regra_cnes,,False,1,0,0,False,PE,NORDESTE
5597501,150060,24,medicina_intensiva,225150,generalizacao,reserva_pura,excluido_regra_cnes,,False,1,0,0,False,PA,NORTE
5717515,530010,24,medicina_intensiva,225150,generalizacao,mista,excluido_regra_cnes,,False,1,1,0,False,DF,CENTRO-OESTE
5828856,221100,24,medicina_intensiva,225150,generalizacao,mista,excluido_regra_cnes,,False,1,1,0,False,PI,NORDESTE
6431569,261070,24,medicina_intensiva,225150,generalizacao,reserva_pura,excluido_regra_cnes,,False,1,0,0,False,PE,NORDESTE
6599877,110004,24,medicina_intensiva,225150,generalizacao,reserva_pura,excluido_regra_cnes,,False,1,0,0,False,RO,NORTE
7061021,231140,24,medicina_intensiva,225150,generalizacao,reserva_pura,excluido_regra_cnes,,False,1,0,0,False,CE,NORDESTE
7068336,110020,24,medicina_intensiva,225150,generalizacao,reserva_pura,excluido_regra_cnes,,False,1,0,0,False,RO,NORTE
7349270,510340,24,medicina_intensiva,225150,generalizacao,mista,excluido_regra_cnes,,False,1,1,0,False,MT,CENTRO-OESTE
7498810,260410,24,medicina_intensiva,225150,generalizacao,reserva_pura,excluido_regra_cnes,,False,1,0,0,False,PE,NORDESTE
7866801,310620,24,medicina_intensiva,225150,generalizacao,reserva_pura,excluido_regra_cnes,,False,1,0,0,False,MG,SUDESTE
9141839,317010,24,medicina_intensiva,225150,generalizacao,reserva_pura,excluido_regra_cnes,,False,1,0,0,False,MG,SUDESTE
9209352,510340,24,medicina_intensiva,225150,generalizacao,mista,excluido_regra_cnes,,False,1,1,0,False,MT,CENTRO-OESTE
