ibge,cod_curso,modulo,cbo,papel,bracos_cnes_curso,braco_municipal,tratado,elegivel,n_cnes_propostos,n_vagas_imediatas,n_propostas_nao_priorizadas,cointervencao_cirurgica_muni,uf,regiao
110001,1,anestesiologia,225151,principal,imediata_pura,imediata_pura,1,True,1,3,0,False,RO,NORTE
110004,1,anestesiologia,225151,principal,imediata_pura,imediata_pura,1,True,3,8,0,True,RO,NORTE
110018,1,anestesiologia,225151,principal,imediata_pura,imediata_pura,1,True,1,3,0,False,RO,NORTE
110020,1,anestesiologia,225151,principal,imediata_pura,imediata_pura,1,True,2,6,0,True,RO,NORTE
110028,1,anestesiologia,225151,principal,imediata_pura,imediata_pura,1,True,1,3,0,False,RO,NORTE
130002,1,anestesiologia,225151,principal,imediata_pura,imediata_pura,1,True,1,3,0,False,AM,NORTE
130120,1,anestesiologia,225151,principal,imediata_pura,imediata_pura,1,True,1,3,0,True,AM,NORTE
130140,1,anestesiologia,225151,principal,nao_priorizada_pura,nao_priorizada_pura,0,True,1,0,1,False,AM,NORTE
130170,1,anestesiologia,225151,principal,nao_priorizada_pura,nao_priorizada_pura,0,True,1,0,2,False,AM,NORTE
130190,1,anestesiologia,225151,principal,nao_priorizada_pura,nao_priorizada_pura,0,True,1,0,3,False,AM,NORTE
130250,1,anestesiologia,225151,principal,imediata_pura,imediata_pura,1,True,1,3,0,True,AM,NORTE
130260,1,anestesiologia,225151,principal,imediata_pura,imediata_pura,1,True,5,5,0,True,AM,NORTE
130330,1,anestesiologia,225151,principal,nao_priorizada_pura,nao_priorizada_pura,0,True,1,0,1,True,AM,NORTE
130340,1,anestesiologia,225151,principal,nao_priorizada_pura,nao_priorizada_pura,0,True,1,0,1,False,AM,NORTE
150060,1,anestesiologia,225151,principal,imediata_pura,imediata_pura,1,True,2,6,0,False,PA,NORTE
150130,1,anestesiologia,225151,principal,nao_priorizada_pura,nao_priorizada_pura,0,True,1,0,3,False,PA,NORTE
150172,1,anestesiologia,225151,principal,imediata_pura,imediata_pura,1,True,1,1,0,False,PA,NORTE
150270,1,anestesiologia,225151,principal,imediata_pura,imediata_pura,1,True,1,3,0,False,PA,NORTE
150360,1,anestesiologia,225151,principal,imediata_pura,imediata_pura,1,True,1,2,0,True,PA,NORTE
150613,1,anestesiologia,225151,principal,imediata_pura,imediata_pura,1,True,1,2,0,False,PA,NORTE
160030,1,anestesiologia,225151,principal,imediata_pura,imediata_pura,1,True,1,3,0,True,AP,NORTE
170210,1,anestesiologia,225151,principal,imediata_pura,imediata_pura,1,True,2,4,0,False,TO,NORTE
170220,1,anestesiologia,225151,principal,nao_priorizada_pura,nao_priorizada_pura,0,True,1,0,1,False,TO,NORTE
170240,1,anestesiologia,225151,principal,nao_priorizada_pura,nao_priorizada_pura,0,True,1,0,3,False,TO,NORTE
170255,1,anestesiologia,225151,principal,nao_priorizada_pura,nao_priorizada_pura,0,True,1,0,3,False,TO,NORTE
170550,1,anestesiologia,225151,principal,nao_priorizada_pura,nao_priorizada_pura,0,True,1,0,1,False,TO,NORTE
170930,1,anestesiologia,225151,principal,nao_priorizada_pura,nao_priorizada_pura,0,True,1,0,3,False,TO,NORTE
210005,1,anestesiologia,225151,principal,nao_priorizada_pura,nao_priorizada_pura,0,True,1,0,3,False,MA,NORDESTE
210120,1,anestesiologia,225151,principal,nao_priorizada_pura,nao_priorizada_pura,0,True,1,0,1,False,MA,NORDESTE
210530,1,anestesiologia,225151,principal,imediata_pura,imediata_pura,1,True,1,3,0,False,MA,NORDESTE
211400,1,anestesiologia,225151,principal,nao_priorizada_pura,nao_priorizada_pura,0,True,1,0,3,False,MA,NORDESTE
220120,1,anestesiologia,225151,principal,nao_priorizada_pura,nao_priorizada_pura,0,True,1,0,1,False,PI,NORDESTE
220350,1,anestesiologia,225151,principal,nao_priorizada_pura,nao_priorizada_pura,0,True,1,0,3,False,PI,NORDESTE
220370,1,anestesiologia,225151,principal,nao_priorizada_pura,nao_priorizada_pura,0,True,1,0,3,False,PI,NORDESTE
220390,1,anestesiologia,225151,principal,imediata_pura,imediata_pura,1,True,1,3,0,False,PI,NORDESTE
220580,1,anestesiologia,225151,principal,nao_priorizada_pura,nao_priorizada_pura,0,True,1,0,3,False,PI,NORDESTE
220830,1,anestesiologia,225151,principal,nao_priorizada_pura,nao_priorizada_pura,0,True,1,0,3,False,PI,NORDESTE
220840,1,anestesiologia,225151,principal,nao_priorizada_pura,nao_priorizada_pura,0,True,1,0,3,True,PI,NORDESTE
221100,1,anestesiologia,225151,principal,imediata_pura,imediata_pura,1,True,8,23,0,True,PI,NORDESTE
221130,1,anestesiologia,225151,principal,nao_priorizada_pura,nao_priorizada_pura,0,True,1,0,3,False,PI,NORDESTE
230110,1,anestesiologia,225151,principal,nao_priorizada_pura,nao_priorizada_pura,0,True,2,0,5,False,CE,NORDESTE
230410,1,anestesiologia,225151,principal,nao_priorizada_pura,nao_priorizada_pura,0,True,1,0,3,False,CE,NORDESTE
230530,1,anestesiologia,225151,principal,nao_priorizada_pura,nao_priorizada_pura,0,True,1,0,2,False,CE,NORDESTE
230580,1,anestesiologia,225151,principal,nao_priorizada_pura,nao_priorizada_pura,0,True,1,0,3,False,CE,NORDESTE
230690,1,anestesiologia,225151,principal,nao_priorizada_pura,nao_priorizada_pura,0,True,1,0,3,False,CE,NORDESTE
230760,1,anestesiologia,225151,principal,nao_priorizada_pura,nao_priorizada_pura,0,True,1,0,3,False,CE,NORDESTE
230930,1,anestesiologia,225151,principal,nao_priorizada_pura,nao_priorizada_pura,0,True,1,0,3,False,CE,NORDESTE
231290,1,anestesiologia,225151,principal,nao_priorizada_pura,nao_priorizada_pura,0,True,2,0,6,False,CE,NORDESTE
231310,1,anestesiologia,225151,principal,nao_priorizada_pura,nao_priorizada_pura,0,True,1,0,3,False,CE,NORDESTE
231340,1,anestesiologia,225151,principal,nao_priorizada_pura,nao_priorizada_pura,0,True,1,0,1,False,CE,NORDESTE
231360,1,anestesiologia,225151,principal,nao_priorizada_pura,nao_priorizada_pura,0,True,1,0,1,False,CE,NORDESTE
240260,1,anestesiologia,225151,principal,nao_priorizada_pura,nao_priorizada_pura,0,True,1,0,1,False,RN,NORDESTE
240310,1,anestesiologia,225151,principal,nao_priorizada_pura,nao_priorizada_pura,0,True,1,0,3,False,RN,NORDESTE
240710,1,anestesiologia,225151,principal,imediata_pura,imediata_pura,1,True,1,3,0,False,RN,NORDESTE
240830,1,anestesiologia,225151,principal,nao_priorizada_pura,nao_priorizada_pura,0,True,1,0,1,False,RN,NORDESTE
241120,1,anestesiologia,225151,principal,nao_priorizada_pura,nao_priorizada_pura,0,True,2,0,4,False,RN,NORDESTE
250370,1,anestesiologia,225151,principal,nao_priorizada_pura,nao_priorizada_pura,0,True,2,0,6,False,PB,NORDESTE
250400,1,anestesiologia,225151,principal,nao_priorizada_pura,nao_priorizada_pura,0,True,3,0,8,True,PB,NORDESTE
250890,1,anestesiologia,225151,principal,nao_priorizada_pura,nao_priorizada_pura,0,True,1,0,2,False,PB,NORDESTE
251130,1,anestesiologia,225151,principal,nao_priorizada_pura,nao_priorizada_pura,0,True,1,0,3,False,PB,NORDESTE
251140,1,anestesiologia,225151,principal,nao_priorizada_pura,nao_priorizada_pura,0,True,1,0,3,False,PB,NORDESTE
251600,1,anestesiologia,225151,principal,nao_priorizada_pura,nao_priorizada_pura,0,True,1,0,3,False,PB,NORDESTE
251620,1,anestesiologia,225151,principal,nao_priorizada_pura,nao_priorizada_pura,0,True,1,0,2,True,PB,NORDESTE
260110,1,anestesiologia,225151,principal,nao_priorizada_pura,nao_priorizada_pura,0,True,1,0,3,False,PE,NORDESTE
260290,1,anestesiologia,225151,principal,imediata_pura,imediata_pura,1,True,1,3,0,False,PE,NORDESTE
260600,1,anestesiologia,225151,principal,nao_priorizada_pura,nao_priorizada_pura,0,True,1,0,3,False,PE,NORDESTE
260620,1,anestesiologia,225151,principal,nao_priorizada_pura,nao_priorizada_pura,0,True,1,0,3,False,PE,NORDESTE
260790,1,anestesiologia,225151,principal,imediata_pura,imediata_pura,1,True,2,6,0,False,PE,NORDESTE
260890,1,anestesiologia,225151,principal,nao_priorizada_pura,nao_priorizada_pura,0,True,1,0,3,False,PE,NORDESTE
260950,1,anestesiologia,225151,principal,nao_priorizada_pura,nao_priorizada_pura,0,True,1,0,3,False,PE,NORDESTE
260960,1,anestesiologia,225151,principal,imediata_pura,imediata_pura,1,True,1,3,0,False,PE,NORDESTE
260990,1,anestesiologia,225151,principal,nao_priorizada_pura,nao_priorizada_pura,0,True,1,0,3,False,PE,NORDESTE
261000,1,anestesiologia,225151,principal,nao_priorizada_pura,nao_priorizada_pura,0,True,2,0,6,False,PE,NORDESTE
261070,1,anestesiologia,225151,principal,imediata_pura,imediata_pura,1,True,1,3,0,False,PE,NORDESTE
261110,1,anestesiologia,225151,principal,imediata_pura,imediata_pura,1,True,2,4,0,False,PE,NORDESTE
261160,1,anestesiologia,225151,principal,imediata_pura,imediata_pura,1,True,7,21,0,True,PE,NORDESTE
261220,1,anestesiologia,225151,principal,nao_priorizada_pura,nao_priorizada_pura,0,True,1,0,3,False,PE,NORDESTE
261370,1,anestesiologia,225151,principal,imediata_pura,imediata_pura,1,True,1,3,0,False,PE,NORDESTE
261640,1,anestesiologia,225151,principal,imediata_pura,imediata_pura,1,True,1,3,0,False,PE,NORDESTE
270030,1,anestesiologia,225151,principal,nao_priorizada_pura,nao_priorizada_pura,0,True,2,0,6,False,AL,NORDESTE
270430,1,anestesiologia,225151,principal,nao_priorizada_pura,nao_priorizada_pura,0,True,4,0,12,True,AL,NORDESTE
270630,1,anestesiologia,225151,principal,nao_priorizada_pura,nao_priorizada_pura,0,True,1,0,3,False,AL,NORDESTE
270690,1,anestesiologia,225151,principal,nao_priorizada_pura,nao_priorizada_pura,0,True,1,0,3,False,AL,NORDESTE
270730,1,anestesiologia,225151,principal,nao_priorizada_pura,nao_priorizada_pura,0,True,1,0,3,False,AL,NORDESTE
270800,1,anestesiologia,225151,principal,nao_priorizada_pura,nao_priorizada_pura,0,True,1,0,3,True,AL,NORDESTE
270930,1,anestesiologia,225151,principal,nao_priorizada_pura,nao_priorizada_pura,0,True,1,0,3,False,AL,NORDESTE
280210,1,anestesiologia,225151,principal,nao_priorizada_pura,nao_priorizada_pura,0,True,1,0,3,False,SE,NORDESTE
280350,1,anestesiologia,225151,principal,nao_priorizada_pura,nao_priorizada_pura,0,True,1,0,3,False,SE,NORDESTE
290070,1,anestesiologia,225151,principal,nao_priorizada_pura,nao_priorizada_pura,0,True,2,0,6,True,BA,NORDESTE
290320,1,anestesiologia,225151,principal,imediata_pura,imediata_pura,1,True,2,6,0,False,BA,NORDESTE
290570,1,anestesiologia,225151,principal,nao_priorizada_pura,nao_priorizada_pura,0,True,2,0,6,True,BA,NORDESTE
290630,1,anestesiologia,225151,principal,nao_priorizada_pura,nao_priorizada_pura,0,True,1,0,1,False,BA,NORDESTE
290650,1,anestesiologia,225151,principal,imediata_pura,imediata_pura,1,True,1,1,0,False,BA,NORDESTE
291120,1,anestesiologia,225151,principal,nao_priorizada_pura,nao_priorizada_pura,0,True,1,0,3,False,BA,NORDESTE
291610,1,anestesiologia,225151,principal,imediata_pura,imediata_pura,1,True,1,3,0,False,BA,NORDESTE
291700,1,anestesiologia,225151,principal,nao_priorizada_pura,nao_priorizada_pura,0,True,1,0,3,False,BA,NORDESTE
291840,1,anestesiologia,225151,principal,imediata_pura,imediata_pura,1,True,2,6,0,False,BA,NORDESTE
291920,1,anestesiologia,225151,principal,imediata_pura,imediata_pura,1,True,1,3,0,False,BA,NORDESTE
291950,1,anestesiologia,225151,principal,nao_priorizada_pura,nao_priorizada_pura,0,True,1,0,1,False,BA,NORDESTE
291955,1,anestesiologia,225151,principal,imediata_pura,imediata_pura,1,True,1,1,0,False,BA,NORDESTE
291980,1,anestesiologia,225151,principal,nao_priorizada_pura,nao_priorizada_pura,0,True,1,0,3,False,BA,NORDESTE
292100,1,anestesiologia,225151,principal,nao_priorizada_pura,nao_priorizada_pura,0,True,1,0,2,False,BA,NORDESTE
292150,1,anestesiologia,225151,principal,nao_priorizada_pura,nao_priorizada_pura,0,True,1,0,3,False,BA,NORDESTE
292250,1,anestesiologia,225151,principal,nao_priorizada_pura,nao_priorizada_pura,0,True,1,0,1,False,BA,NORDESTE
292360,1,anestesiologia,225151,principal,nao_priorizada_pura,nao_priorizada_pura,0,True,1,0,3,False,BA,NORDESTE
292530,1,anestesiologia,225151,principal,nao_priorizada_pura,nao_priorizada_pura,0,True,1,0,3,False,BA,NORDESTE
292740,1,anestesiologia,225151,principal,imediata_pura,imediata_pura,1,True,3,7,0,False,BA,NORDESTE
293050,1,anestesiologia,225151,principal,nao_priorizada_pura,nao_priorizada_pura,0,True,1,0,1,False,BA,NORDESTE
293290,1,anestesiologia,225151,principal,nao_priorizada_pura,nao_priorizada_pura,0,True,1,0,3,False,BA,NORDESTE
293330,1,anestesiologia,225151,principal,imediata_pura,imediata_pura,1,True,2,2,0,True,BA,NORDESTE
310340,1,anestesiologia,225151,principal,nao_priorizada_pura,nao_priorizada_pura,0,True,1,0,2,False,MG,SUDESTE
310350,1,anestesiologia,225151,principal,imediata_pura,imediata_pura,1,True,1,2,0,False,MG,SUDESTE
310730,1,anestesiologia,225151,principal,nao_priorizada_pura,nao_priorizada_pura,0,True,1,0,3,False,MG,SUDESTE
311340,1,anestesiologia,225151,principal,nao_priorizada_pura,nao_priorizada_pura,0,True,2,0,2,False,MG,SUDESTE
311730,1,anestesiologia,225151,principal,imediata_pura,imediata_pura,1,True,1,3,0,False,MG,SUDESTE
311860,1,anestesiologia,225151,principal,nao_priorizada_pura,nao_priorizada_pura,0,True,2,0,6,False,MG,SUDESTE
311880,1,anestesiologia,225151,principal,nao_priorizada_pura,nao_priorizada_pura,0,True,1,0,2,False,MG,SUDESTE
311940,1,anestesiologia,225151,principal,nao_priorizada_pura,nao_priorizada_pura,0,True,1,0,1,False,MG,SUDESTE
312090,1,anestesiologia,225151,principal,nao_priorizada_pura,nao_priorizada_pura,0,True,1,0,2,True,MG,SUDESTE
312160,1,anestesiologia,225151,principal,imediata_pura,imediata_pura,1,True,2,6,0,True,MG,SUDESTE
312560,1,anestesiologia,225151,principal,nao_priorizada_pura,nao_priorizada_pura,0,True,1,0,1,False,MG,SUDESTE
312670,1,anestesiologia,225151,principal,nao_priorizada_pura,nao_priorizada_pura,0,True,1,0,3,False,MG,SUDESTE
312710,1,anestesiologia,225151,principal,nao_priorizada_pura,nao_priorizada_pura,0,True,1,0,3,False,MG,SUDESTE
312780,1,anestesiologia,225151,principal,nao_priorizada_pura,nao_priorizada_pura,0,True,1,0,1,False,MG,SUDESTE
313170,1,anestesiologia,225151,principal,nao_priorizada_pura,nao_priorizada_pura,0,True,1,0,3,True,MG,SUDESTE
313250,1,anestesiologia,225151,principal,imediata_pura,imediata_pura,1,True,1,3,0,False,MG,SUDESTE
313350,1,anestesiologia,225151,principal,nao_priorizada_pura,nao_priorizada_pura,0,True,1,0,3,False,MG,SUDESTE
313440,1,anestesiologia,225151,principal,nao_priorizada_pura,nao_priorizada_pura,0,True,1,0,3,False,MG,SUDESTE
313840,1,anestesiologia,225151,principal,nao_priorizada_pura,nao_priorizada_pura,0,True,1,0,3,False,MG,SUDESTE
313930,1,anestesiologia,225151,principal,nao_priorizada_pura,nao_priorizada_pura,0,True,1,0,1,False,MG,SUDESTE
314140,1,anestesiologia,225151,principal,nao_priorizada_pura,nao_priorizada_pura,0,True,1,0,2,False,MG,SUDESTE
314180,1,anestesiologia,225151,principal,nao_priorizada_pura,nao_priorizada_pura,0,True,1,0,3,False,MG,SUDESTE
314200,1,anestesiologia,225151,principal,imediata_pura,imediata_pura,1,True,1,3,0,False,MG,SUDESTE
314330,1,anestesiologia,225151,principal,imediata_pura,imediata_pura,1,True,1,2,0,False,MG,SUDESTE
314430,1,anestesiologia,225151,principal,nao_priorizada_pura,nao_priorizada_pura,0,True,1,0,3,False,MG,SUDESTE
314700,1,anestesiologia,225151,principal,imediata_pura,imediata_pura,1,True,1,3,0,False,MG,SUDESTE
314710,1,anestesiologia,225151,principal,nao_priorizada_pura,nao_priorizada_pura,0,True,1,0,3,False,MG,SUDESTE
314870,1,anestesiologia,225151,principal,nao_priorizada_pura,nao_priorizada_pura,0,True,1,0,1,False,MG,SUDESTE
315120,1,anestesiologia,225151,principal,nao_priorizada_pura,nao_priorizada_pura,0,True,1,0,3,False,MG,SUDESTE
315150,1,anestesiologia,225151,principal,nao_priorizada_pura,nao_priorizada_pura,0,True,1,0,1,False,MG,SUDESTE
315170,1,anestesiologia,225151,principal,nao_priorizada_pura,nao_priorizada_pura,0,True,1,0,1,True,MG,SUDESTE
315560,1,anestesiologia,225151,principal,nao_priorizada_pura,nao_priorizada_pura,0,True,1,0,3,False,MG,SUDESTE
315580,1,anestesiologia,225151,principal,nao_priorizada_pura,nao_priorizada_pura,0,True,1,0,1,False,MG,SUDESTE
315690,1,anestesiologia,225151,principal,imediata_pura,imediata_pura,1,True,1,3,0,False,MG,SUDESTE
316070,1,anestesiologia,225151,principal,nao_priorizada_pura,nao_priorizada_pura,0,True,1,0,3,False,MG,SUDESTE
316210,1,anestesiologia,225151,principal,nao_priorizada_pura,nao_priorizada_pura,0,True,1,0,1,False,MG,SUDESTE
316270,1,anestesiologia,225151,principal,nao_priorizada_pura,nao_priorizada_pura,0,True,1,0,1,False,MG,SUDESTE
316290,1,anestesiologia,225151,principal,nao_priorizada_pura,nao_priorizada_pura,0,True,1,0,3,False,MG,SUDESTE
316720,1,anestesiologia,225151,principal,nao_priorizada_pura,nao_priorizada_pura,0,True,1,0,2,True,MG,SUDESTE
316800,1,anestesiologia,225151,principal,nao_priorizada_pura,nao_priorizada_pura,0,True,1,0,2,False,MG,SUDESTE
316870,1,anestesiologia,225151,principal,nao_priorizada_pura,nao_priorizada_pura,0,True,1,0,1,False,MG,SUDESTE
316935,1,anestesiologia,225151,principal,nao_priorizada_pura,nao_priorizada_pura,0,True,1,0,3,False,MG,SUDESTE
317010,1,anestesiologia,225151,principal,imediata_pura,imediata_pura,1,True,4,12,0,True,MG,SUDESTE
317040,1,anestesiologia,225151,principal,imediata_pura,imediata_pura,1,True,1,3,0,False,MG,SUDESTE
317070,1,anestesiologia,225151,principal,nao_priorizada_pura,nao_priorizada_pura,0,True,1,0,3,False,MG,SUDESTE
320010,1,anestesiologia,225151,principal,nao_priorizada_pura,nao_priorizada_pura,0,True,1,0,1,False,ES,SUDESTE
320120,1,anestesiologia,225151,principal,nao_priorizada_pura,nao_priorizada_pura,0,True,1,0,3,False,ES,SUDESTE
320140,1,anestesiologia,225151,principal,nao_priorizada_pura,nao_priorizada_pura,0,True,1,0,3,False,ES,SUDESTE
320240,1,anestesiologia,225151,principal,nao_priorizada_pura,nao_priorizada_pura,0,True,1,0,3,False,ES,SUDESTE
320500,1,anestesiologia,225151,principal,nao_priorizada_pura,nao_priorizada_pura,0,True,1,0,3,False,ES,SUDESTE
320520,1,anestesiologia,225151,principal,nao_priorizada_pura,nao_priorizada_pura,0,True,2,0,5,False,ES,SUDESTE
320530,1,anestesiologia,225151,principal,nao_priorizada_pura,nao_priorizada_pura,0,True,2,0,4,False,ES,SUDESTE
330010,1,anestesiologia,225151,principal,nao_priorizada_pura,nao_priorizada_pura,0,True,2,0,6,False,RJ,SUDESTE
330015,1,anestesiologia,225151,principal,imediata_pura,imediata_pura,1,True,1,3,0,False,RJ,SUDESTE
330023,1,anestesiologia,225151,principal,nao_priorizada_pura,nao_priorizada_pura,0,True,1,0,3,False,RJ,SUDESTE
330030,1,anestesiologia,225151,principal,nao_priorizada_pura,nao_priorizada_pura,0,True,2,0,2,False,RJ,SUDESTE
330040,1,anestesiologia,225151,principal,nao_priorizada_pura,nao_priorizada_pura,0,True,2,0,5,True,RJ,SUDESTE
330070,1,anestesiologia,225151,principal,nao_priorizada_pura,nao_priorizada_pura,0,True,1,0,3,False,RJ,SUDESTE
330090,1,anestesiologia,225151,principal,imediata_pura,imediata_pura,1,True,1,3,0,False,RJ,SUDESTE
330100,1,anestesiologia,225151,principal,nao_priorizada_pura,nao_priorizada_pura,0,True,5,0,15,True,RJ,SUDESTE
330130,1,anestesiologia,225151,principal,nao_priorizada_pura,nao_priorizada_pura,0,True,1,0,3,False,RJ,SUDESTE
330150,1,anestesiologia,225151,principal,nao_priorizada_pura,nao_priorizada_pura,0,True,1,0,1,False,RJ,SUDESTE
330170,1,anestesiologia,225151,principal,nao_priorizada_pura,nao_priorizada_pura,0,True,1,0,3,False,RJ,SUDESTE
330180,1,anestesiologia,225151,principal,nao_priorizada_pura,nao_priorizada_pura,0,True,1,0,1,False,RJ,SUDESTE
330190,1,anestesiologia,225151,principal,nao_priorizada_pura,nao_priorizada_pura,0,True,1,0,3,False,RJ,SUDESTE
330240,1,anestesiologia,225151,principal,nao_priorizada_pura,nao_priorizada_pura,0,True,1,0,3,False,RJ,SUDESTE
330260,1,anestesiologia,225151,principal,nao_priorizada_pura,nao_priorizada_pura,0,True,1,0,3,False,RJ,SUDESTE
330290,1,anestesiologia,225151,principal,nao_priorizada_pura,nao_priorizada_pura,0,True,1,0,3,False,RJ,SUDESTE
330300,1,anestesiologia,225151,principal,imediata_pura,imediata_pura,1,True,1,3,0,False,RJ,SUDESTE
330320,1,anestesiologia,225151,principal,nao_priorizada_pura,nao_priorizada_pura,0,True,1,0,3,False,RJ,SUDESTE
330330,1,anestesiologia,225151,principal,nao_priorizada_pura,nao_priorizada_pura,0,True,2,0,4,True,RJ,SUDESTE
330350,1,anestesiologia,225151,principal,nao_priorizada_pura,nao_priorizada_pura,0,True,1,0,3,False,RJ,SUDESTE
330380,1,anestesiologia,225151,principal,nao_priorizada_pura,nao_priorizada_pura,0,True,1,0,1,False,RJ,SUDESTE
330390,1,anestesiologia,225151,principal,nao_priorizada_pura,nao_priorizada_pura,0,True,1,0,3,False,RJ,SUDESTE
330415,1,anestesiologia,225151,principal,nao_priorizada_pura,nao_priorizada_pura,0,True,1,0,3,False,RJ,SUDESTE
330430,1,anestesiologia,225151,principal,nao_priorizada_pura,nao_priorizada_pura,0,True,1,0,3,False,RJ,SUDESTE
330452,1,anestesiologia,225151,principal,nao_priorizada_pura,nao_priorizada_pura,0,True,1,0,3,False,RJ,SUDESTE
330455,1,anestesiologia,225151,principal,nao_priorizada_pura,nao_priorizada_pura,0,True,17,0,51,False,RJ,SUDESTE
330490,1,anestesiologia,225151,principal,nao_priorizada_pura,nao_priorizada_pura,0,True,2,0,2,False,RJ,SUDESTE
330515,1,anestesiologia,225151,principal,nao_priorizada_pura,nao_priorizada_pura,0,True,1,0,3,False,RJ,SUDESTE
330550,1,anestesiologia,225151,principal,nao_priorizada_pura,nao_priorizada_pura,0,True,1,0,3,True,RJ,SUDESTE
330620,1,anestesiologia,225151,principal,nao_priorizada_pura,nao_priorizada_pura,0,True,1,0,3,True,RJ,SUDESTE
350210,1,anestesiologia,225151,principal,nao_priorizada_pura,nao_priorizada_pura,0,True,1,0,1,False,SP,SUDESTE
350270,1,anestesiologia,225151,principal,nao_priorizada_pura,nao_priorizada_pura,0,True,1,0,1,False,SP,SUDESTE
350330,1,anestesiologia,225151,principal,nao_priorizada_pura,nao_priorizada_pura,0,True,1,0,3,False,SP,SUDESTE
350410,1,anestesiologia,225151,principal,nao_priorizada_pura,nao_priorizada_pura,0,True,1,0,1,False,SP,SUDESTE
350520,1,anestesiologia,225151,principal,imediata_pura,imediata_pura,1,True,1,1,0,False,SP,SUDESTE
350530,1,anestesiologia,225151,principal,imediata_pura,imediata_pura,1,True,1,1,0,False,SP,SUDESTE
350570,1,anestesiologia,225151,principal,nao_priorizada_pura,nao_priorizada_pura,0,True,1,0,3,False,SP,SUDESTE
350635,1,anestesiologia,225151,principal,nao_priorizada_pura,nao_priorizada_pura,0,True,1,0,1,False,SP,SUDESTE
351380,1,anestesiologia,225151,principal,nao_priorizada_pura,nao_priorizada_pura,0,True,1,0,3,False,SP,SUDESTE
351740,1,anestesiologia,225151,principal,imediata_pura,imediata_pura,1,True,1,1,0,True,SP,SUDESTE
351860,1,anestesiologia,225151,principal,nao_priorizada_pura,nao_priorizada_pura,0,True,1,0,3,False,SP,SUDESTE
351880,1,anestesiologia,225151,principal,nao_priorizada_pura,nao_priorizada_pura,0,True,3,0,9,False,SP,SUDESTE
352050,1,anestesiologia,225151,principal,nao_priorizada_pura,nao_priorizada_pura,0,True,2,0,5,True,SP,SUDESTE
352270,1,anestesiologia,225151,principal,nao_priorizada_pura,nao_priorizada_pura,0,True,1,0,3,False,SP,SUDESTE
352400,1,anestesiologia,225151,principal,nao_priorizada_pura,nao_priorizada_pura,0,True,1,0,3,False,SP,SUDESTE
352440,1,anestesiologia,225151,principal,nao_priorizada_pura,nao_priorizada_pura,0,True,2,0,6,True,SP,SUDESTE
352470,1,anestesiologia,225151,principal,nao_priorizada_pura,nao_priorizada_pura,0,True,1,0,3,False,SP,SUDESTE
352690,1,anestesiologia,225151,principal,nao_priorizada_pura,nao_priorizada_pura,0,True,1,0,1,False,SP,SUDESTE
352900,1,anestesiologia,225151,principal,nao_priorizada_pura,nao_priorizada_pura,0,True,2,0,4,False,SP,SUDESTE
352920,1,anestesiologia,225151,principal,nao_priorizada_pura,nao_priorizada_pura,0,True,1,0,3,False,SP,SUDESTE
352940,1,anestesiologia,225151,principal,nao_priorizada_pura,nao_priorizada_pura,0,True,1,0,1,False,SP,SUDESTE
352970,1,anestesiologia,225151,principal,nao_priorizada_pura,nao_priorizada_pura,0,True,1,0,3,False,SP,SUDESTE
353340,1,anestesiologia,225151,principal,nao_priorizada_pura,nao_priorizada_pura,0,True,1,0,1,False,SP,SUDESTE
353460,1,anestesiologia,225151,principal,nao_priorizada_pura,nao_priorizada_pura,0,True,1,0,2,False,SP,SUDESTE
353700,1,anestesiologia,225151,principal,nao_priorizada_pura,nao_priorizada_pura,0,True,1,0,3,False,SP,SUDESTE
353870,1,anestesiologia,225151,principal,nao_priorizada_pura,nao_priorizada_pura,0,True,1,0,3,False,SP,SUDESTE
354150,1,anestesiologia,225151,principal,nao_priorizada_pura,nao_priorizada_pura,0,True,1,0,3,False,SP,SUDESTE
354870,1,anestesiologia,225151,principal,nao_priorizada_pura,nao_priorizada_pura,0,True,2,0,6,True,SP,SUDESTE
354910,1,anestesiologia,225151,principal,nao_priorizada_pura,nao_priorizada_pura,0,True,1,0,3,False,SP,SUDESTE
355040,1,anestesiologia,225151,principal,nao_priorizada_pura,nao_priorizada_pura,0,True,1,0,3,False,SP,SUDESTE
355100,1,anestesiologia,225151,principal,nao_priorizada_pura,nao_priorizada_pura,0,True,1,0,3,False,SP,SUDESTE
355170,1,anestesiologia,225151,principal,nao_priorizada_pura,nao_priorizada_pura,0,True,1,0,3,False,SP,SUDESTE
355330,1,anestesiologia,225151,principal,nao_priorizada_pura,nao_priorizada_pura,0,True,1,0,1,False,SP,SUDESTE
355410,1,anestesiologia,225151,principal,nao_priorizada_pura,nao_priorizada_pura,0,True,1,0,1,False,SP,SUDESTE
410050,1,anestesiologia,225151,principal,nao_priorizada_pura,nao_priorizada_pura,0,True,1,0,1,False,PR,SUL
410550,1,anestesiologia,225151,principal,nao_priorizada_pura,nao_priorizada_pura,0,True,2,0,6,False,PR,SUL
410830,1,anestesiologia,225151,principal,nao_priorizada_pura,nao_priorizada_pura,0,True,1,0,3,False,PR,SUL
411440,1,anestesiologia,225151,principal,nao_priorizada_pura,nao_priorizada_pura,0,True,1,0,1,False,PR,SUL
411520,1,anestesiologia,225151,principal,nao_priorizada_pura,nao_priorizada_pura,0,True,3,0,5,True,PR,SUL
420010,1,anestesiologia,225151,principal,nao_priorizada_pura,nao_priorizada_pura,0,True,1,0,3,False,SC,SUL
420140,1,anestesiologia,225151,principal,nao_priorizada_pura,nao_priorizada_pura,0,True,1,0,3,False,SC,SUL
420200,1,anestesiologia,225151,principal,nao_priorizada_pura,nao_priorizada_pura,0,True,1,0,3,False,SC,SUL
420280,1,anestesiologia,225151,principal,nao_priorizada_pura,nao_priorizada_pura,0,True,1,0,3,False,SC,SUL
420290,1,anestesiologia,225151,principal,nao_priorizada_pura,nao_priorizada_pura,0,True,2,0,6,False,SC,SUL
420300,1,anestesiologia,225151,principal,nao_priorizada_pura,nao_priorizada_pura,0,True,1,0,3,False,SC,SUL
420360,1,anestesiologia,225151,principal,nao_priorizada_pura,nao_priorizada_pura,0,True,1,0,3,False,SC,SUL
420380,1,anestesiologia,225151,principal,nao_priorizada_pura,nao_priorizada_pura,0,True,1,0,1,False,SC,SUL
420390,1,anestesiologia,225151,principal,nao_priorizada_pura,nao_priorizada_pura,0,True,1,0,3,False,SC,SUL
420420,1,anestesiologia,225151,principal,nao_priorizada_pura,nao_priorizada_pura,0,True,2,0,6,True,SC,SUL
420460,1,anestesiologia,225151,principal,nao_priorizada_pura,nao_priorizada_pura,0,True,2,0,6,True,SC,SUL
420480,1,anestesiologia,225151,principal,nao_priorizada_pura,nao_priorizada_pura,0,True,1,0,3,False,SC,SUL
420500,1,anestesiologia,225151,principal,nao_priorizada_pura,nao_priorizada_pura,0,True,1,0,1,False,SC,SUL
420530,1,anestesiologia,225151,principal,nao_priorizada_pura,nao_priorizada_pura,0,True,1,0,3,False,SC,SUL
420550,1,anestesiologia,225151,principal,nao_priorizada_pura,nao_priorizada_pura,0,True,1,0,3,False,SC,SUL
420690,1,anestesiologia,225151,principal,nao_priorizada_pura,nao_priorizada_pura,0,True,1,0,3,False,SC,SUL
420700,1,anestesiologia,225151,principal,nao_priorizada_pura,nao_priorizada_pura,0,True,1,0,3,False,SC,SUL
420730,1,anestesiologia,225151,principal,nao_priorizada_pura,nao_priorizada_pura,0,True,1,0,3,False,SC,SUL
420820,1,anestesiologia,225151,principal,nao_priorizada_pura,nao_priorizada_pura,0,True,1,0,3,False,SC,SUL
420840,1,anestesiologia,225151,principal,nao_priorizada_pura,nao_priorizada_pura,0,True,1,0,3,False,SC,SUL
420850,1,anestesiologia,225151,principal,nao_priorizada_pura,nao_priorizada_pura,0,True,1,0,3,False,SC,SUL
420900,1,anestesiologia,225151,principal,nao_priorizada_pura,nao_priorizada_pura,0,True,1,0,3,True,SC,SUL
420910,1,anestesiologia,225151,principal,nao_priorizada_pura,nao_priorizada_pura,0,True,3,0,9,False,SC,SUL
420930,1,anestesiologia,225151,principal,nao_priorizada_pura,nao_priorizada_pura,0,True,1,0,3,True,SC,SUL
420940,1,anestesiologia,225151,principal,nao_priorizada_pura,nao_priorizada_pura,0,True,1,0,3,False,SC,SUL
421010,1,anestesiologia,225151,principal,nao_priorizada_pura,nao_priorizada_pura,0,True,2,0,6,False,SC,SUL
421050,1,anestesiologia,225151,principal,nao_priorizada_pura,nao_priorizada_pura,0,True,1,0,3,False,SC,SUL
421080,1,anestesiologia,225151,principal,nao_priorizada_pura,nao_priorizada_pura,0,True,1,0,3,False,SC,SUL
421170,1,anestesiologia,225151,principal,nao_priorizada_pura,nao_priorizada_pura,0,True,1,0,1,False,SC,SUL
421210,1,anestesiologia,225151,principal,nao_priorizada_pura,nao_priorizada_pura,0,True,1,0,3,False,SC,SUL
421290,1,anestesiologia,225151,principal,nao_priorizada_pura,nao_priorizada_pura,0,True,1,0,3,False,SC,SUL
421320,1,anestesiologia,225151,principal,nao_priorizada_pura,nao_priorizada_pura,0,True,1,0,3,False,SC,SUL
421360,1,anestesiologia,225151,principal,nao_priorizada_pura,nao_priorizada_pura,0,True,1,0,3,False,SC,SUL
421580,1,anestesiologia,225151,principal,nao_priorizada_pura,nao_priorizada_pura,0,True,1,0,2,False,SC,SUL
421600,1,anestesiologia,225151,principal,nao_priorizada_pura,nao_priorizada_pura,0,True,1,0,3,False,SC,SUL
421620,1,anestesiologia,225151,principal,nao_priorizada_pura,nao_priorizada_pura,0,True,1,0,3,False,SC,SUL
421670,1,anestesiologia,225151,principal,nao_priorizada_pura,nao_priorizada_pura,0,True,1,0,3,False,SC,SUL
421690,1,anestesiologia,225151,principal,nao_priorizada_pura,nao_priorizada_pura,0,True,1,0,3,False,SC,SUL
421720,1,anestesiologia,225151,principal,nao_priorizada_pura,nao_priorizada_pura,0,True,1,0,3,True,SC,SUL
421770,1,anestesiologia,225151,principal,nao_priorizada_pura,nao_priorizada_pura,0,True,1,0,3,False,SC,SUL
421780,1,anestesiologia,225151,principal,nao_priorizada_pura,nao_priorizada_pura,0,True,1,0,1,False,SC,SUL
421820,1,anestesiologia,225151,principal,nao_priorizada_pura,nao_priorizada_pura,0,True,1,0,3,False,SC,SUL
421870,1,anestesiologia,225151,principal,nao_priorizada_pura,nao_priorizada_pura,0,True,1,0,3,True,SC,SUL
421930,1,anestesiologia,225151,principal,nao_priorizada_pura,nao_priorizada_pura,0,True,1,0,3,False,SC,SUL
421950,1,anestesiologia,225151,principal,nao_priorizada_pura,nao_priorizada_pura,0,True,1,0,3,False,SC,SUL
421970,1,anestesiologia,225151,principal,nao_priorizada_pura,nao_priorizada_pura,0,True,1,0,3,False,SC,SUL
430390,1,anestesiologia,225151,principal,nao_priorizada_pura,nao_priorizada_pura,0,True,1,0,1,False,RS,SUL
430420,1,anestesiologia,225151,principal,nao_priorizada_pura,nao_priorizada_pura,0,True,1,0,3,False,RS,SUL
430440,1,anestesiologia,225151,principal,nao_priorizada_pura,nao_priorizada_pura,0,True,1,0,2,False,RS,SUL
430470,1,anestesiologia,225151,principal,imediata_pura,imediata_pura,1,True,1,2,0,False,RS,SUL
430850,1,anestesiologia,225151,principal,nao_priorizada_pura,nao_priorizada_pura,0,True,1,0,1,False,RS,SUL
431130,1,anestesiologia,225151,principal,nao_priorizada_pura,nao_priorizada_pura,0,True,1,0,1,False,RS,SUL
431340,1,anestesiologia,225151,principal,nao_priorizada_pura,nao_priorizada_pura,0,True,1,0,3,False,RS,SUL
431440,1,anestesiologia,225151,principal,nao_priorizada_pura,nao_priorizada_pura,0,True,2,0,6,True,RS,SUL
431560,1,anestesiologia,225151,principal,nao_priorizada_pura,nao_priorizada_pura,0,True,1,0,3,True,RS,SUL
431710,1,anestesiologia,225151,principal,imediata_pura,imediata_pura,1,True,1,2,0,False,RS,SUL
431720,1,anestesiologia,225151,principal,nao_priorizada_pura,nao_priorizada_pura,0,True,1,0,3,False,RS,SUL
432000,1,anestesiologia,225151,principal,nao_priorizada_pura,nao_priorizada_pura,0,True,1,0,3,False,RS,SUL
432020,1,anestesiologia,225151,principal,nao_priorizada_pura,nao_priorizada_pura,0,True,1,0,1,False,RS,SUL
432140,1,anestesiologia,225151,principal,nao_priorizada_pura,nao_priorizada_pura,0,True,1,0,1,False,RS,SUL
500060,1,anestesiologia,225151,principal,imediata_pura,imediata_pura,1,True,1,2,0,False,MS,CENTRO-OESTE
500085,1,anestesiologia,225151,principal,nao_priorizada_pura,nao_priorizada_pura,0,True,1,0,1,False,MS,CENTRO-OESTE
500110,1,anestesiologia,225151,principal,nao_priorizada_pura,nao_priorizada_pura,0,True,1,0,2,False,MS,CENTRO-OESTE
500220,1,anestesiologia,225151,principal,nao_priorizada_pura,nao_priorizada_pura,0,True,1,0,1,False,MS,CENTRO-OESTE
500230,1,anestesiologia,225151,principal,imediata_pura,imediata_pura,1,True,1,1,0,False,MS,CENTRO-OESTE
500240,1,anestesiologia,225151,principal,imediata_pura,imediata_pura,1,True,1,1,0,False,MS,CENTRO-OESTE
500330,1,anestesiologia,225151,principal,nao_priorizada_pura,nao_priorizada_pura,0,True,1,0,3,False,MS,CENTRO-OESTE
500370,1,anestesiologia,225151,principal,imediata_pura,imediata_pura,1,True,1,3,0,True,MS,CENTRO-OESTE
500380,1,anestesiologia,225151,principal,imediata_pura,imediata_pura,1,True,1,3,0,False,MS,CENTRO-OESTE
500450,1,anestesiologia,225151,principal,imediata_pura,imediata_pura,1,True,1,1,0,False,MS,CENTRO-OESTE
500460,1,anestesiologia,225151,principal,imediata_pura,imediata_pura,1,True,1,1,0,False,MS,CENTRO-OESTE
500500,1,anestesiologia,225151,principal,nao_priorizada_pura,nao_priorizada_pura,0,True,1,0,1,False,MS,CENTRO-OESTE
500570,1,anestesiologia,225151,principal,imediata_pura,imediata_pura,1,True,1,1,0,False,MS,CENTRO-OESTE
500620,1,anestesiologia,225151,principal,nao_priorizada_pura,nao_priorizada_pura,0,True,1,0,1,False,MS,CENTRO-OESTE
500660,1,anestesiologia,225151,principal,imediata_pura,imediata_pura,1,True,1,1,0,False,MS,CENTRO-OESTE
500710,1,anestesiologia,225151,principal,imediata_pura,imediata_pura,1,True,1,1,0,False,MS,CENTRO-OESTE
500720,1,anestesiologia,225151,principal,imediata_pura,imediata_pura,1,True,1,1,0,False,MS,CENTRO-OESTE
500790,1,anestesiologia,225151,principal,imediata_pura,imediata_pura,1,True,1,2,0,False,MS,CENTRO-OESTE
500793,1,anestesiologia,225151,principal,nao_priorizada_pura,nao_priorizada_pura,0,True,1,0,1,False,MS,CENTRO-OESTE
500830,1,anestesiologia,225151,principal,imediata_pura,imediata_pura,1,True,1,3,0,False,MS,CENTRO-OESTE
510250,1,anestesiologia,225151,principal,imediata_pura,imediata_pura,1,True,2,6,0,False,MT,CENTRO-OESTE
510263,1,anestesiologia,225151,principal,nao_priorizada_pura,nao_priorizada_pura,0,True,1,0,3,False,MT,CENTRO-OESTE
510320,1,anestesiologia,225151,principal,imediata_pura,imediata_pura,1,True,1,1,0,False,MT,CENTRO-OESTE
510340,1,anestesiologia,225151,principal,imediata_pura,imediata_pura,1,True,4,12,0,True,MT,CENTRO-OESTE
510628,1,anestesiologia,225151,principal,imediata_pura,imediata_pura,1,True,1,1,0,False,MT,CENTRO-OESTE
510629,1,anestesiologia,225151,principal,imediata_pura,imediata_pura,1,True,1,3,0,False,MT,CENTRO-OESTE
510792,1,anestesiologia,225151,principal,imediata_pura,imediata_pura,1,True,1,3,0,True,MT,CENTRO-OESTE
510840,1,anestesiologia,225151,principal,imediata_pura,imediata_pura,1,True,1,2,0,False,MT,CENTRO-OESTE
520450,1,anestesiologia,225151,principal,imediata_pura,imediata_pura,1,True,1,1,0,False,GO,CENTRO-OESTE
520540,1,anestesiologia,225151,principal,nao_priorizada_pura,nao_priorizada_pura,0,True,1,0,1,False,GO,CENTRO-OESTE
520870,1,anestesiologia,225151,principal,imediata_pura,imediata_pura,1,True,4,12,0,False,GO,CENTRO-OESTE
521460,1,anestesiologia,225151,principal,imediata_pura,imediata_pura,1,True,1,1,0,False,GO,CENTRO-OESTE
521800,1,anestesiologia,225151,principal,nao_priorizada_pura,nao_priorizada_pura,0,True,1,0,1,False,GO,CENTRO-OESTE
110001,2,cirurgia_geral_cbo_exclusivo,225225,sensibilidade,nao_priorizada_pura,nao_priorizada_pura,0,True,1,0,3,False,RO,NORTE
110010,2,cirurgia_geral_cbo_exclusivo,225225,sensibilidade,imediata_pura,imediata_pura,1,True,1,3,0,False,RO,NORTE
110011,2,cirurgia_geral_cbo_exclusivo,225225,sensibilidade,imediata_pura,imediata_pura,1,True,1,3,0,False,RO,NORTE
110012,2,cirurgia_geral_cbo_exclusivo,225225,sensibilidade,imediata_pura,imediata_pura,1,True,1,2,0,False,RO,NORTE
110020,2,cirurgia_geral_cbo_exclusivo,225225,sensibilidade,imediata_pura,imediata_pura,1,True,4,12,0,False,RO,NORTE
110028,2,cirurgia_geral_cbo_exclusivo,225225,sensibilidade,nao_priorizada_pura,nao_priorizada_pura,0,True,1,0,3,False,RO,NORTE
130014,2,cirurgia_geral_cbo_exclusivo,225225,sensibilidade,imediata_pura,imediata_pura,1,True,1,3,0,False,AM,NORTE
130040,2,cirurgia_geral_cbo_exclusivo,225225,sensibilidade,imediata_pura,imediata_pura,1,True,1,1,0,False,AM,NORTE
130110,2,cirurgia_geral_cbo_exclusivo,225225,sensibilidade,imediata_pura,imediata_pura,1,True,1,1,0,False,AM,NORTE
130120,2,cirurgia_geral_cbo_exclusivo,225225,sensibilidade,imediata_pura,imediata_pura,1,True,1,3,0,False,AM,NORTE
130140,2,cirurgia_geral_cbo_exclusivo,225225,sensibilidade,nao_priorizada_pura,nao_priorizada_pura,0,True,1,0,1,False,AM,NORTE
130150,2,cirurgia_geral_cbo_exclusivo,225225,sensibilidade,nao_priorizada_pura,nao_priorizada_pura,0,True,1,0,1,False,AM,NORTE
130160,2,cirurgia_geral_cbo_exclusivo,225225,sensibilidade,nao_priorizada_pura,nao_priorizada_pura,0,True,1,0,3,False,AM,NORTE
130180,2,cirurgia_geral_cbo_exclusivo,225225,sensibilidade,nao_priorizada_pura,nao_priorizada_pura,0,True,1,0,1,False,AM,NORTE
130190,2,cirurgia_geral_cbo_exclusivo,225225,sensibilidade,nao_priorizada_pura,nao_priorizada_pura,0,True,1,0,3,False,AM,NORTE
130250,2,cirurgia_geral_cbo_exclusivo,225225,sensibilidade,imediata_pura,imediata_pura,1,True,1,3,0,False,AM,NORTE
130260,2,cirurgia_geral_cbo_exclusivo,225225,sensibilidade,imediata_pura,imediata_pura,1,True,4,4,0,False,AM,NORTE
130270,2,cirurgia_geral_cbo_exclusivo,225225,sensibilidade,imediata_pura,imediata_pura,1,True,1,3,0,False,AM,NORTE
130330,2,cirurgia_geral_cbo_exclusivo,225225,sensibilidade,imediata_pura,imediata_pura,1,True,1,1,0,False,AM,NORTE
130340,2,cirurgia_geral_cbo_exclusivo,225225,sensibilidade,nao_priorizada_pura,nao_priorizada_pura,0,True,1,0,1,False,AM,NORTE
130390,2,cirurgia_geral_cbo_exclusivo,225225,sensibilidade,nao_priorizada_pura,nao_priorizada_pura,0,True,1,0,1,False,AM,NORTE
130423,2,cirurgia_geral_cbo_exclusivo,225225,sensibilidade,nao_priorizada_pura,nao_priorizada_pura,0,True,1,0,3,False,AM,NORTE
150220,2,cirurgia_geral_cbo_exclusivo,225225,sensibilidade,nao_priorizada_pura,nao_priorizada_pura,0,True,1,0,3,False,PA,NORTE
150330,2,cirurgia_geral_cbo_exclusivo,225225,sensibilidade,imediata_pura,imediata_pura,1,True,1,3,0,False,PA,NORTE
150360,2,cirurgia_geral_cbo_exclusivo,225225,sensibilidade,imediata_pura,imediata_pura,1,True,1,1,0,False,PA,NORTE
150805,2,cirurgia_geral_cbo_exclusivo,225225,sensibilidade,imediata_pura,imediata_pura,1,True,1,1,0,False,PA,NORTE
170240,2,cirurgia_geral_cbo_exclusivo,225225,sensibilidade,nao_priorizada_pura,nao_priorizada_pura,0,True,1,0,3,False,TO,NORTE
170255,2,cirurgia_geral_cbo_exclusivo,225225,sensibilidade,nao_priorizada_pura,nao_priorizada_pura,0,True,1,0,1,False,TO,NORTE
172080,2,cirurgia_geral_cbo_exclusivo,225225,sensibilidade,nao_priorizada_pura,nao_priorizada_pura,0,True,1,0,1,False,TO,NORTE
172120,2,cirurgia_geral_cbo_exclusivo,225225,sensibilidade,nao_priorizada_pura,nao_priorizada_pura,0,True,1,0,1,False,TO,NORTE
210200,2,cirurgia_geral_cbo_exclusivo,225225,sensibilidade,nao_priorizada_pura,nao_priorizada_pura,0,True,1,0,3,False,MA,NORDESTE
210467,2,cirurgia_geral_cbo_exclusivo,225225,sensibilidade,nao_priorizada_pura,nao_priorizada_pura,0,True,1,0,3,False,MA,NORDESTE
210500,2,cirurgia_geral_cbo_exclusivo,225225,sensibilidade,nao_priorizada_pura,nao_priorizada_pura,0,True,1,0,1,False,MA,NORDESTE
210530,2,cirurgia_geral_cbo_exclusivo,225225,sensibilidade,nao_priorizada_pura,nao_priorizada_pura,0,True,1,0,3,False,MA,NORDESTE
210900,2,cirurgia_geral_cbo_exclusivo,225225,sensibilidade,nao_priorizada_pura,nao_priorizada_pura,0,True,1,0,3,False,MA,NORDESTE
211060,2,cirurgia_geral_cbo_exclusivo,225225,sensibilidade,nao_priorizada_pura,nao_priorizada_pura,0,True,1,0,3,False,MA,NORDESTE
220120,2,cirurgia_geral_cbo_exclusivo,225225,sensibilidade,nao_priorizada_pura,nao_priorizada_pura,0,True,1,0,1,False,PI,NORDESTE
220220,2,cirurgia_geral_cbo_exclusivo,225225,sensibilidade,nao_priorizada_pura,nao_priorizada_pura,0,True,1,0,3,False,PI,NORDESTE
220370,2,cirurgia_geral_cbo_exclusivo,225225,sensibilidade,nao_priorizada_pura,nao_priorizada_pura,0,True,1,0,3,False,PI,NORDESTE
220580,2,cirurgia_geral_cbo_exclusivo,225225,sensibilidade,nao_priorizada_pura,nao_priorizada_pura,0,True,1,0,3,False,PI,NORDESTE
220680,2,cirurgia_geral_cbo_exclusivo,225225,sensibilidade,nao_priorizada_pura,nao_priorizada_pura,0,True,1,0,1,False,PI,NORDESTE
220700,2,cirurgia_geral_cbo_exclusivo,225225,sensibilidade,nao_priorizada_pura,nao_priorizada_pura,0,True,1,0,3,False,PI,NORDESTE
220770,2,cirurgia_geral_cbo_exclusivo,225225,sensibilidade,nao_priorizada_pura,nao_priorizada_pura,0,True,3,0,7,False,PI,NORDESTE
220790,2,cirurgia_geral_cbo_exclusivo,225225,sensibilidade,nao_priorizada_pura,nao_priorizada_pura,0,True,1,0,1,False,PI,NORDESTE
220840,2,cirurgia_geral_cbo_exclusivo,225225,sensibilidade,nao_priorizada_pura,nao_priorizada_pura,0,True,1,0,2,False,PI,NORDESTE
221060,2,cirurgia_geral_cbo_exclusivo,225225,sensibilidade,nao_priorizada_pura,nao_priorizada_pura,0,True,1,0,3,False,PI,NORDESTE
221130,2,cirurgia_geral_cbo_exclusivo,225225,sensibilidade,nao_priorizada_pura,nao_priorizada_pura,0,True,1,0,3,False,PI,NORDESTE
230020,2,cirurgia_geral_cbo_exclusivo,225225,sensibilidade,nao_priorizada_pura,nao_priorizada_pura,0,True,1,0,3,False,CE,NORDESTE
230170,2,cirurgia_geral_cbo_exclusivo,225225,sensibilidade,nao_priorizada_pura,nao_priorizada_pura,0,True,1,0,3,False,CE,NORDESTE
230190,2,cirurgia_geral_cbo_exclusivo,225225,sensibilidade,nao_priorizada_pura,nao_priorizada_pura,0,True,1,0,3,False,CE,NORDESTE
230240,2,cirurgia_geral_cbo_exclusivo,225225,sensibilidade,nao_priorizada_pura,nao_priorizada_pura,0,True,1,0,3,False,CE,NORDESTE
230280,2,cirurgia_geral_cbo_exclusivo,225225,sensibilidade,nao_priorizada_pura,nao_priorizada_pura,0,True,1,0,3,False,CE,NORDESTE
230380,2,cirurgia_geral_cbo_exclusivo,225225,sensibilidade,nao_priorizada_pura,nao_priorizada_pura,0,True,1,0,1,False,CE,NORDESTE
230410,2,cirurgia_geral_cbo_exclusivo,225225,sensibilidade,nao_priorizada_pura,nao_priorizada_pura,0,True,1,0,3,False,CE,NORDESTE
230530,2,cirurgia_geral_cbo_exclusivo,225225,sensibilidade,nao_priorizada_pura,nao_priorizada_pura,0,True,1,0,3,False,CE,NORDESTE
230540,2,cirurgia_geral_cbo_exclusivo,225225,sensibilidade,nao_priorizada_pura,nao_priorizada_pura,0,True,1,0,3,False,CE,NORDESTE
230550,2,cirurgia_geral_cbo_exclusivo,225225,sensibilidade,nao_priorizada_pura,nao_priorizada_pura,0,True,2,0,6,False,CE,NORDESTE
230580,2,cirurgia_geral_cbo_exclusivo,225225,sensibilidade,nao_priorizada_pura,nao_priorizada_pura,0,True,1,0,3,False,CE,NORDESTE
230610,2,cirurgia_geral_cbo_exclusivo,225225,sensibilidade,nao_priorizada_pura,nao_priorizada_pura,0,True,1,0,1,False,CE,NORDESTE
230730,2,cirurgia_geral_cbo_exclusivo,225225,sensibilidade,nao_priorizada_pura,nao_priorizada_pura,0,True,2,0,4,False,CE,NORDESTE
230810,2,cirurgia_geral_cbo_exclusivo,225225,sensibilidade,nao_priorizada_pura,nao_priorizada_pura,0,True,1,0,3,False,CE,NORDESTE
230830,2,cirurgia_geral_cbo_exclusivo,225225,sensibilidade,nao_priorizada_pura,nao_priorizada_pura,0,True,1,0,1,False,CE,NORDESTE
230860,2,cirurgia_geral_cbo_exclusivo,225225,sensibilidade,nao_priorizada_pura,nao_priorizada_pura,0,True,1,0,3,False,CE,NORDESTE
230930,2,cirurgia_geral_cbo_exclusivo,225225,sensibilidade,nao_priorizada_pura,nao_priorizada_pura,0,True,1,0,3,False,CE,NORDESTE
230950,2,cirurgia_geral_cbo_exclusivo,225225,sensibilidade,nao_priorizada_pura,nao_priorizada_pura,0,True,1,0,3,False,CE,NORDESTE
231030,2,cirurgia_geral_cbo_exclusivo,225225,sensibilidade,nao_priorizada_pura,nao_priorizada_pura,0,True,1,0,3,False,CE,NORDESTE
231140,2,cirurgia_geral_cbo_exclusivo,225225,sensibilidade,nao_priorizada_pura,nao_priorizada_pura,0,True,2,0,6,False,CE,NORDESTE
231290,2,cirurgia_geral_cbo_exclusivo,225225,sensibilidade,nao_priorizada_pura,nao_priorizada_pura,0,True,3,0,9,False,CE,NORDESTE
231330,2,cirurgia_geral_cbo_exclusivo,225225,sensibilidade,nao_priorizada_pura,nao_priorizada_pura,0,True,1,0,3,False,CE,NORDESTE
231340,2,cirurgia_geral_cbo_exclusivo,225225,sensibilidade,nao_priorizada_pura,nao_priorizada_pura,0,True,1,0,1,False,CE,NORDESTE
240050,2,cirurgia_geral_cbo_exclusivo,225225,sensibilidade,imediata_pura,imediata_pura,1,True,1,1,0,False,RN,NORDESTE
240060,2,cirurgia_geral_cbo_exclusivo,225225,sensibilidade,imediata_pura,imediata_pura,1,True,1,1,0,False,RN,NORDESTE
240830,2,cirurgia_geral_cbo_exclusivo,225225,sensibilidade,nao_priorizada_pura,nao_priorizada_pura,0,True,1,0,1,False,RN,NORDESTE
240980,2,cirurgia_geral_cbo_exclusivo,225225,sensibilidade,nao_priorizada_pura,nao_priorizada_pura,0,True,1,0,2,False,RN,NORDESTE
241120,2,cirurgia_geral_cbo_exclusivo,225225,sensibilidade,nao_priorizada_pura,nao_priorizada_pura,0,True,2,0,5,False,RN,NORDESTE
250370,2,cirurgia_geral_cbo_exclusivo,225225,sensibilidade,nao_priorizada_pura,nao_priorizada_pura,0,True,2,0,5,False,PB,NORDESTE
251130,2,cirurgia_geral_cbo_exclusivo,225225,sensibilidade,nao_priorizada_pura,nao_priorizada_pura,0,True,1,0,3,False,PB,NORDESTE
251140,2,cirurgia_geral_cbo_exclusivo,225225,sensibilidade,nao_priorizada_pura,nao_priorizada_pura,0,True,1,0,3,False,PB,NORDESTE
251600,2,cirurgia_geral_cbo_exclusivo,225225,sensibilidade,nao_priorizada_pura,nao_priorizada_pura,0,True,1,0,3,False,PB,NORDESTE
251620,2,cirurgia_geral_cbo_exclusivo,225225,sensibilidade,nao_priorizada_pura,nao_priorizada_pura,0,True,1,0,1,False,PB,NORDESTE
251630,2,cirurgia_geral_cbo_exclusivo,225225,sensibilidade,nao_priorizada_pura,nao_priorizada_pura,0,True,1,0,3,False,PB,NORDESTE
260010,2,cirurgia_geral_cbo_exclusivo,225225,sensibilidade,nao_priorizada_pura,nao_priorizada_pura,0,True,1,0,3,False,PE,NORDESTE
260110,2,cirurgia_geral_cbo_exclusivo,225225,sensibilidade,nao_priorizada_pura,nao_priorizada_pura,0,True,1,0,3,False,PE,NORDESTE
260540,2,cirurgia_geral_cbo_exclusivo,225225,sensibilidade,nao_priorizada_pura,nao_priorizada_pura,0,True,1,0,1,False,PE,NORDESTE
260620,2,cirurgia_geral_cbo_exclusivo,225225,sensibilidade,nao_priorizada_pura,nao_priorizada_pura,0,True,1,0,3,False,PE,NORDESTE
260890,2,cirurgia_geral_cbo_exclusivo,225225,sensibilidade,nao_priorizada_pura,nao_priorizada_pura,0,True,1,0,3,False,PE,NORDESTE
260990,2,cirurgia_geral_cbo_exclusivo,225225,sensibilidade,nao_priorizada_pura,nao_priorizada_pura,0,True,1,0,3,False,PE,NORDESTE
261000,2,cirurgia_geral_cbo_exclusivo,225225,sensibilidade,nao_priorizada_pura,nao_priorizada_pura,0,True,2,0,6,False,PE,NORDESTE
261220,2,cirurgia_geral_cbo_exclusivo,225225,sensibilidade,nao_priorizada_pura,nao_priorizada_pura,0,True,1,0,3,False,PE,NORDESTE
270030,2,cirurgia_geral_cbo_exclusivo,225225,sensibilidade,nao_priorizada_pura,nao_priorizada_pura,0,True,2,0,4,False,AL,NORDESTE
270630,2,cirurgia_geral_cbo_exclusivo,225225,sensibilidade,nao_priorizada_pura,nao_priorizada_pura,0,True,1,0,3,False,AL,NORDESTE
270730,2,cirurgia_geral_cbo_exclusivo,225225,sensibilidade,nao_priorizada_pura,nao_priorizada_pura,0,True,1,0,1,False,AL,NORDESTE
270800,2,cirurgia_geral_cbo_exclusivo,225225,sensibilidade,imediata_pura,imediata_pura,1,True,1,3,0,False,AL,NORDESTE
270930,2,cirurgia_geral_cbo_exclusivo,225225,sensibilidade,nao_priorizada_pura,nao_priorizada_pura,0,True,1,0,1,False,AL,NORDESTE
280350,2,cirurgia_geral_cbo_exclusivo,225225,sensibilidade,nao_priorizada_pura,nao_priorizada_pura,0,True,1,0,1,False,SE,NORDESTE
290070,2,cirurgia_geral_cbo_exclusivo,225225,sensibilidade,nao_priorizada_pura,nao_priorizada_pura,0,True,1,0,3,False,BA,NORDESTE
290840,2,cirurgia_geral_cbo_exclusivo,225225,sensibilidade,nao_priorizada_pura,nao_priorizada_pura,0,True,1,0,3,False,BA,NORDESTE
291120,2,cirurgia_geral_cbo_exclusivo,225225,sensibilidade,nao_priorizada_pura,nao_priorizada_pura,0,True,1,0,3,False,BA,NORDESTE
291350,2,cirurgia_geral_cbo_exclusivo,225225,sensibilidade,nao_priorizada_pura,nao_priorizada_pura,0,True,1,0,3,False,BA,NORDESTE
291460,2,cirurgia_geral_cbo_exclusivo,225225,sensibilidade,nao_priorizada_pura,nao_priorizada_pura,0,True,1,0,2,False,BA,NORDESTE
291680,2,cirurgia_geral_cbo_exclusivo,225225,sensibilidade,nao_priorizada_pura,nao_priorizada_pura,0,True,1,0,3,False,BA,NORDESTE
291700,2,cirurgia_geral_cbo_exclusivo,225225,sensibilidade,nao_priorizada_pura,nao_priorizada_pura,0,True,1,0,3,False,BA,NORDESTE
292530,2,cirurgia_geral_cbo_exclusivo,225225,sensibilidade,nao_priorizada_pura,nao_priorizada_pura,0,True,1,0,3,False,BA,NORDESTE
292950,2,cirurgia_geral_cbo_exclusivo,225225,sensibilidade,imediata_pura,imediata_pura,1,True,1,3,0,False,BA,NORDESTE
293290,2,cirurgia_geral_cbo_exclusivo,225225,sensibilidade,nao_priorizada_pura,nao_priorizada_pura,0,True,1,0,3,False,BA,NORDESTE
310090,2,cirurgia_geral_cbo_exclusivo,225225,sensibilidade,nao_priorizada_pura,nao_priorizada_pura,0,True,1,0,3,False,MG,SUDESTE
310190,2,cirurgia_geral_cbo_exclusivo,225225,sensibilidade,nao_priorizada_pura,nao_priorizada_pura,0,True,1,0,2,False,MG,SUDESTE
310340,2,cirurgia_geral_cbo_exclusivo,225225,sensibilidade,nao_priorizada_pura,nao_priorizada_pura,0,True,1,0,2,False,MG,SUDESTE
310400,2,cirurgia_geral_cbo_exclusivo,225225,sensibilidade,nao_priorizada_pura,nao_priorizada_pura,0,True,2,0,6,False,MG,SUDESTE
310560,2,cirurgia_geral_cbo_exclusivo,225225,sensibilidade,nao_priorizada_pura,nao_priorizada_pura,0,True,1,0,3,False,MG,SUDESTE
310860,2,cirurgia_geral_cbo_exclusivo,225225,sensibilidade,nao_priorizada_pura,nao_priorizada_pura,0,True,1,0,3,False,MG,SUDESTE
311300,2,cirurgia_geral_cbo_exclusivo,225225,sensibilidade,nao_priorizada_pura,nao_priorizada_pura,0,True,1,0,3,False,MG,SUDESTE
311320,2,cirurgia_geral_cbo_exclusivo,225225,sensibilidade,nao_priorizada_pura,nao_priorizada_pura,0,True,1,0,1,False,MG,SUDESTE
311340,2,cirurgia_geral_cbo_exclusivo,225225,sensibilidade,nao_priorizada_pura,nao_priorizada_pura,0,True,2,0,2,False,MG,SUDESTE
311860,2,cirurgia_geral_cbo_exclusivo,225225,sensibilidade,nao_priorizada_pura,nao_priorizada_pura,0,True,1,0,3,False,MG,SUDESTE
311940,2,cirurgia_geral_cbo_exclusivo,225225,sensibilidade,nao_priorizada_pura,nao_priorizada_pura,0,True,1,0,1,False,MG,SUDESTE
312430,2,cirurgia_geral_cbo_exclusivo,225225,sensibilidade,nao_priorizada_pura,nao_priorizada_pura,0,True,1,0,3,False,MG,SUDESTE
312710,2,cirurgia_geral_cbo_exclusivo,225225,sensibilidade,nao_priorizada_pura,nao_priorizada_pura,0,True,1,0,3,False,MG,SUDESTE
313170,2,cirurgia_geral_cbo_exclusivo,225225,sensibilidade,nao_priorizada_pura,nao_priorizada_pura,0,True,2,0,6,False,MG,SUDESTE
313440,2,cirurgia_geral_cbo_exclusivo,225225,sensibilidade,nao_priorizada_pura,nao_priorizada_pura,0,True,1,0,1,False,MG,SUDESTE
313670,2,cirurgia_geral_cbo_exclusivo,225225,sensibilidade,nao_priorizada_pura,nao_priorizada_pura,0,True,3,0,7,False,MG,SUDESTE
313760,2,cirurgia_geral_cbo_exclusivo,225225,sensibilidade,nao_priorizada_pura,nao_priorizada_pura,0,True,1,0,1,False,MG,SUDESTE
313840,2,cirurgia_geral_cbo_exclusivo,225225,sensibilidade,nao_priorizada_pura,nao_priorizada_pura,0,True,1,0,3,False,MG,SUDESTE
314140,2,cirurgia_geral_cbo_exclusivo,225225,sensibilidade,nao_priorizada_pura,nao_priorizada_pura,0,True,1,0,1,False,MG,SUDESTE
314290,2,cirurgia_geral_cbo_exclusivo,225225,sensibilidade,nao_priorizada_pura,nao_priorizada_pura,0,True,1,0,1,False,MG,SUDESTE
314310,2,cirurgia_geral_cbo_exclusivo,225225,sensibilidade,nao_priorizada_pura,nao_priorizada_pura,0,True,1,0,3,False,MG,SUDESTE
314430,2,cirurgia_geral_cbo_exclusivo,225225,sensibilidade,nao_priorizada_pura,nao_priorizada_pura,0,True,1,0,3,False,MG,SUDESTE
314600,2,cirurgia_geral_cbo_exclusivo,225225,sensibilidade,nao_priorizada_pura,nao_priorizada_pura,0,True,1,0,1,False,MG,SUDESTE
314630,2,cirurgia_geral_cbo_exclusivo,225225,sensibilidade,nao_priorizada_pura,nao_priorizada_pura,0,True,1,0,1,False,MG,SUDESTE
314710,2,cirurgia_geral_cbo_exclusivo,225225,sensibilidade,nao_priorizada_pura,nao_priorizada_pura,0,True,1,0,3,False,MG,SUDESTE
314790,2,cirurgia_geral_cbo_exclusivo,225225,sensibilidade,nao_priorizada_pura,nao_priorizada_pura,0,True,1,0,1,False,MG,SUDESTE
314860,2,cirurgia_geral_cbo_exclusivo,225225,sensibilidade,nao_priorizada_pura,nao_priorizada_pura,0,True,1,0,3,False,MG,SUDESTE
315150,2,cirurgia_geral_cbo_exclusivo,225225,sensibilidade,nao_priorizada_pura,nao_priorizada_pura,0,True,1,0,1,False,MG,SUDESTE
315220,2,cirurgia_geral_cbo_exclusivo,225225,sensibilidade,nao_priorizada_pura,nao_priorizada_pura,0,True,1,0,1,False,MG,SUDESTE
315420,2,cirurgia_geral_cbo_exclusivo,225225,sensibilidade,nao_priorizada_pura,nao_priorizada_pura,0,True,1,0,1,False,MG,SUDESTE
315560,2,cirurgia_geral_cbo_exclusivo,225225,sensibilidade,nao_priorizada_pura,nao_priorizada_pura,0,True,1,0,3,False,MG,SUDESTE
315580,2,cirurgia_geral_cbo_exclusivo,225225,sensibilidade,nao_priorizada_pura,nao_priorizada_pura,0,True,1,0,1,False,MG,SUDESTE
316070,2,cirurgia_geral_cbo_exclusivo,225225,sensibilidade,nao_priorizada_pura,nao_priorizada_pura,0,True,1,0,3,False,MG,SUDESTE
316210,2,cirurgia_geral_cbo_exclusivo,225225,sensibilidade,nao_priorizada_pura,nao_priorizada_pura,0,True,1,0,1,False,MG,SUDESTE
316240,2,cirurgia_geral_cbo_exclusivo,225225,sensibilidade,nao_priorizada_pura,nao_priorizada_pura,0,True,1,0,1,False,MG,SUDESTE
316270,2,cirurgia_geral_cbo_exclusivo,225225,sensibilidade,nao_priorizada_pura,nao_priorizada_pura,0,True,1,0,1,False,MG,SUDESTE
316800,2,cirurgia_geral_cbo_exclusivo,225225,sensibilidade,nao_priorizada_pura,nao_priorizada_pura,0,True,1,0,2,False,MG,SUDESTE
316870,2,cirurgia_geral_cbo_exclusivo,225225,sensibilidade,nao_priorizada_pura,nao_priorizada_pura,0,True,1,0,1,False,MG,SUDESTE
317052,2,cirurgia_geral_cbo_exclusivo,225225,sensibilidade,nao_priorizada_pura,nao_priorizada_pura,0,True,1,0,3,False,MG,SUDESTE
317070,2,cirurgia_geral_cbo_exclusivo,225225,sensibilidade,nao_priorizada_pura,nao_priorizada_pura,0,True,2,0,6,False,MG,SUDESTE
320010,2,cirurgia_geral_cbo_exclusivo,225225,sensibilidade,nao_priorizada_pura,nao_priorizada_pura,0,True,1,0,1,False,ES,SUDESTE
320020,2,cirurgia_geral_cbo_exclusivo,225225,sensibilidade,nao_priorizada_pura,nao_priorizada_pura,0,True,1,0,1,False,ES,SUDESTE
320120,2,cirurgia_geral_cbo_exclusivo,225225,sensibilidade,nao_priorizada_pura,nao_priorizada_pura,0,True,1,0,3,False,ES,SUDESTE
320240,2,cirurgia_geral_cbo_exclusivo,225225,sensibilidade,nao_priorizada_pura,nao_priorizada_pura,0,True,1,0,3,False,ES,SUDESTE
320530,2,cirurgia_geral_cbo_exclusivo,225225,sensibilidade,nao_priorizada_pura,nao_priorizada_pura,0,True,1,0,1,False,ES,SUDESTE
330010,2,cirurgia_geral_cbo_exclusivo,225225,sensibilidade,nao_priorizada_pura,nao_priorizada_pura,0,True,2,0,6,False,RJ,SUDESTE
330015,2,cirurgia_geral_cbo_exclusivo,225225,sensibilidade,nao_priorizada_pura,nao_priorizada_pura,0,True,1,0,3,False,RJ,SUDESTE
330023,2,cirurgia_geral_cbo_exclusivo,225225,sensibilidade,nao_priorizada_pura,nao_priorizada_pura,0,True,1,0,3,False,RJ,SUDESTE
330030,2,cirurgia_geral_cbo_exclusivo,225225,sensibilidade,nao_priorizada_pura,nao_priorizada_pura,0,True,1,0,1,False,RJ,SUDESTE
330040,2,cirurgia_geral_cbo_exclusivo,225225,sensibilidade,nao_priorizada_pura,nao_priorizada_pura,0,True,2,0,6,False,RJ,SUDESTE
330070,2,cirurgia_geral_cbo_exclusivo,225225,sensibilidade,nao_priorizada_pura,nao_priorizada_pura,0,True,2,0,6,False,RJ,SUDESTE
330090,2,cirurgia_geral_cbo_exclusivo,225225,sensibilidade,nao_priorizada_pura,nao_priorizada_pura,0,True,1,0,3,False,RJ,SUDESTE
330100,2,cirurgia_geral_cbo_exclusivo,225225,sensibilidade,nao_priorizada_pura,nao_priorizada_pura,0,True,6,0,18,False,RJ,SUDESTE
330130,2,cirurgia_geral_cbo_exclusivo,225225,sensibilidade,nao_priorizada_pura,nao_priorizada_pura,0,True,1,0,3,False,RJ,SUDESTE
330150,2,cirurgia_geral_cbo_exclusivo,225225,sensibilidade,nao_priorizada_pura,nao_priorizada_pura,0,True,1,0,1,False,RJ,SUDESTE
330170,2,cirurgia_geral_cbo_exclusivo,225225,sensibilidade,nao_priorizada_pura,nao_priorizada_pura,0,True,2,0,6,False,RJ,SUDESTE
330180,2,cirurgia_geral_cbo_exclusivo,225225,sensibilidade,nao_priorizada_pura,nao_priorizada_pura,0,True,1,0,1,False,RJ,SUDESTE
330240,2,cirurgia_geral_cbo_exclusivo,225225,sensibilidade,nao_priorizada_pura,nao_priorizada_pura,0,True,2,0,6,False,RJ,SUDESTE
330250,2,cirurgia_geral_cbo_exclusivo,225225,sensibilidade,nao_priorizada_pura,nao_priorizada_pura,0,True,1,0,1,False,RJ,SUDESTE
330260,2,cirurgia_geral_cbo_exclusivo,225225,sensibilidade,nao_priorizada_pura,nao_priorizada_pura,0,True,1,0,3,False,RJ,SUDESTE
330290,2,cirurgia_geral_cbo_exclusivo,225225,sensibilidade,nao_priorizada_pura,nao_priorizada_pura,0,True,1,0,3,False,RJ,SUDESTE
330300,2,cirurgia_geral_cbo_exclusivo,225225,sensibilidade,nao_priorizada_pura,nao_priorizada_pura,0,True,1,0,3,False,RJ,SUDESTE
330340,2,cirurgia_geral_cbo_exclusivo,225225,sensibilidade,nao_priorizada_pura,nao_priorizada_pura,0,True,1,0,3,False,RJ,SUDESTE
330350,2,cirurgia_geral_cbo_exclusivo,225225,sensibilidade,nao_priorizada_pura,nao_priorizada_pura,0,True,1,0,3,False,RJ,SUDESTE
330380,2,cirurgia_geral_cbo_exclusivo,225225,sensibilidade,nao_priorizada_pura,nao_priorizada_pura,0,True,1,0,1,False,RJ,SUDESTE
330390,2,cirurgia_geral_cbo_exclusivo,225225,sensibilidade,nao_priorizada_pura,nao_priorizada_pura,0,True,1,0,3,False,RJ,SUDESTE
330415,2,cirurgia_geral_cbo_exclusivo,225225,sensibilidade,nao_priorizada_pura,nao_priorizada_pura,0,True,1,0,3,False,RJ,SUDESTE
330420,2,cirurgia_geral_cbo_exclusivo,225225,sensibilidade,nao_priorizada_pura,nao_priorizada_pura,0,True,1,0,3,False,RJ,SUDESTE
330452,2,cirurgia_geral_cbo_exclusivo,225225,sensibilidade,nao_priorizada_pura,nao_priorizada_pura,0,True,1,0,3,False,RJ,SUDESTE
330455,2,cirurgia_geral_cbo_exclusivo,225225,sensibilidade,nao_priorizada_pura,nao_priorizada_pura,0,True,15,0,45,False,RJ,SUDESTE
330470,2,cirurgia_geral_cbo_exclusivo,225225,sensibilidade,nao_priorizada_pura,nao_priorizada_pura,0,True,1,0,3,False,RJ,SUDESTE
330515,2,cirurgia_geral_cbo_exclusivo,225225,sensibilidade,nao_priorizada_pura,nao_priorizada_pura,0,True,1,0,3,False,RJ,SUDESTE
330550,2,cirurgia_geral_cbo_exclusivo,225225,sensibilidade,nao_priorizada_pura,nao_priorizada_pura,0,True,1,0,3,False,RJ,SUDESTE
330620,2,cirurgia_geral_cbo_exclusivo,225225,sensibilidade,nao_priorizada_pura,nao_priorizada_pura,0,True,1,0,3,False,RJ,SUDESTE
350210,2,cirurgia_geral_cbo_exclusivo,225225,sensibilidade,nao_priorizada_pura,nao_priorizada_pura,0,True,1,0,1,False,SP,SUDESTE
350270,2,cirurgia_geral_cbo_exclusivo,225225,sensibilidade,nao_priorizada_pura,nao_priorizada_pura,0,True,1,0,1,False,SP,SUDESTE
350320,2,cirurgia_geral_cbo_exclusivo,225225,sensibilidade,nao_priorizada_pura,nao_priorizada_pura,0,True,1,0,1,False,SP,SUDESTE
350520,2,cirurgia_geral_cbo_exclusivo,225225,sensibilidade,nao_priorizada_pura,nao_priorizada_pura,0,True,1,0,1,False,SP,SUDESTE
350530,2,cirurgia_geral_cbo_exclusivo,225225,sensibilidade,nao_priorizada_pura,nao_priorizada_pura,0,True,1,0,1,False,SP,SUDESTE
350570,2,cirurgia_geral_cbo_exclusivo,225225,sensibilidade,nao_priorizada_pura,nao_priorizada_pura,0,True,1,0,3,False,SP,SUDESTE
350635,2,cirurgia_geral_cbo_exclusivo,225225,sensibilidade,nao_priorizada_pura,nao_priorizada_pura,0,True,1,0,1,False,SP,SUDESTE
351000,2,cirurgia_geral_cbo_exclusivo,225225,sensibilidade,nao_priorizada_pura,nao_priorizada_pura,0,True,1,0,3,False,SP,SUDESTE
351080,2,cirurgia_geral_cbo_exclusivo,225225,sensibilidade,nao_priorizada_pura,nao_priorizada_pura,0,True,1,0,3,False,SP,SUDESTE
351740,2,cirurgia_geral_cbo_exclusivo,225225,sensibilidade,imediata_pura,imediata_pura,1,True,1,1,0,False,SP,SUDESTE
351880,2,cirurgia_geral_cbo_exclusivo,225225,sensibilidade,nao_priorizada_pura,nao_priorizada_pura,0,True,3,0,9,False,SP,SUDESTE
351907,2,cirurgia_geral_cbo_exclusivo,225225,sensibilidade,nao_priorizada_pura,nao_priorizada_pura,0,True,1,0,3,False,SP,SUDESTE
352050,2,cirurgia_geral_cbo_exclusivo,225225,sensibilidade,nao_priorizada_pura,nao_priorizada_pura,0,True,2,0,6,False,SP,SUDESTE
352170,2,cirurgia_geral_cbo_exclusivo,225225,sensibilidade,nao_priorizada_pura,nao_priorizada_pura,0,True,1,0,3,False,SP,SUDESTE
352270,2,cirurgia_geral_cbo_exclusivo,225225,sensibilidade,nao_priorizada_pura,nao_priorizada_pura,0,True,1,0,3,False,SP,SUDESTE
352470,2,cirurgia_geral_cbo_exclusivo,225225,sensibilidade,nao_priorizada_pura,nao_priorizada_pura,0,True,1,0,1,False,SP,SUDESTE
352640,2,cirurgia_geral_cbo_exclusivo,225225,sensibilidade,nao_priorizada_pura,nao_priorizada_pura,0,True,1,0,1,False,SP,SUDESTE
352690,2,cirurgia_geral_cbo_exclusivo,225225,sensibilidade,nao_priorizada_pura,nao_priorizada_pura,0,True,1,0,1,False,SP,SUDESTE
352880,2,cirurgia_geral_cbo_exclusivo,225225,sensibilidade,nao_priorizada_pura,nao_priorizada_pura,0,True,1,0,2,False,SP,SUDESTE
352900,2,cirurgia_geral_cbo_exclusivo,225225,sensibilidade,nao_priorizada_pura,nao_priorizada_pura,0,True,1,0,3,False,SP,SUDESTE
352940,2,cirurgia_geral_cbo_exclusivo,225225,sensibilidade,nao_priorizada_pura,nao_priorizada_pura,0,True,1,0,2,False,SP,SUDESTE
352970,2,cirurgia_geral_cbo_exclusivo,225225,sensibilidade,nao_priorizada_pura,nao_priorizada_pura,0,True,1,0,1,False,SP,SUDESTE
353060,2,cirurgia_geral_cbo_exclusivo,225225,sensibilidade,nao_priorizada_pura,nao_priorizada_pura,0,True,1,0,1,False,SP,SUDESTE
353340,2,cirurgia_geral_cbo_exclusivo,225225,sensibilidade,nao_priorizada_pura,nao_priorizada_pura,0,True,1,0,1,False,SP,SUDESTE
353460,2,cirurgia_geral_cbo_exclusivo,225225,sensibilidade,nao_priorizada_pura,nao_priorizada_pura,0,True,1,0,2,False,SP,SUDESTE
353550,2,cirurgia_geral_cbo_exclusivo,225225,sensibilidade,nao_priorizada_pura,nao_priorizada_pura,0,True,1,0,1,False,SP,SUDESTE
353700,2,cirurgia_geral_cbo_exclusivo,225225,sensibilidade,nao_priorizada_pura,nao_priorizada_pura,0,True,1,0,3,False,SP,SUDESTE
354150,2,cirurgia_geral_cbo_exclusivo,225225,sensibilidade,nao_priorizada_pura,nao_priorizada_pura,0,True,1,0,3,False,SP,SUDESTE
354520,2,cirurgia_geral_cbo_exclusivo,225225,sensibilidade,nao_priorizada_pura,nao_priorizada_pura,0,True,1,0,2,False,SP,SUDESTE
354870,2,cirurgia_geral_cbo_exclusivo,225225,sensibilidade,nao_priorizada_pura,nao_priorizada_pura,0,True,1,0,3,False,SP,SUDESTE
355040,2,cirurgia_geral_cbo_exclusivo,225225,sensibilidade,nao_priorizada_pura,nao_priorizada_pura,0,True,1,0,3,False,SP,SUDESTE
355100,2,cirurgia_geral_cbo_exclusivo,225225,sensibilidade,nao_priorizada_pura,nao_priorizada_pura,0,True,1,0,3,False,SP,SUDESTE
355170,2,cirurgia_geral_cbo_exclusivo,225225,sensibilidade,nao_priorizada_pura,nao_priorizada_pura,0,True,1,0,3,False,SP,SUDESTE
410050,2,cirurgia_geral_cbo_exclusivo,225225,sensibilidade,nao_priorizada_pura,nao_priorizada_pura,0,True,1,0,1,False,PR,SUL
410370,2,cirurgia_geral_cbo_exclusivo,225225,sensibilidade,nao_priorizada_pura,nao_priorizada_pura,0,True,1,0,3,False,PR,SUL
410550,2,cirurgia_geral_cbo_exclusivo,225225,sensibilidade,nao_priorizada_pura,nao_priorizada_pura,0,True,2,0,6,False,PR,SUL
411440,2,cirurgia_geral_cbo_exclusivo,225225,sensibilidade,nao_priorizada_pura,nao_priorizada_pura,0,True,1,0,1,False,PR,SUL
411520,2,cirurgia_geral_cbo_exclusivo,225225,sensibilidade,nao_priorizada_pura,nao_priorizada_pura,0,True,3,0,5,False,PR,SUL
420010,2,cirurgia_geral_cbo_exclusivo,225225,sensibilidade,nao_priorizada_pura,nao_priorizada_pura,0,True,1,0,3,False,SC,SUL
420090,2,cirurgia_geral_cbo_exclusivo,225225,sensibilidade,nao_priorizada_pura,nao_priorizada_pura,0,True,1,0,3,False,SC,SUL
420127,2,cirurgia_geral_cbo_exclusivo,225225,sensibilidade,nao_priorizada_pura,nao_priorizada_pura,0,True,1,0,3,False,SC,SUL
420140,2,cirurgia_geral_cbo_exclusivo,225225,sensibilidade,nao_priorizada_pura,nao_priorizada_pura,0,True,1,0,3,False,SC,SUL
420200,2,cirurgia_geral_cbo_exclusivo,225225,sensibilidade,nao_priorizada_pura,nao_priorizada_pura,0,True,1,0,3,False,SC,SUL
420230,2,cirurgia_geral_cbo_exclusivo,225225,sensibilidade,nao_priorizada_pura,nao_priorizada_pura,0,True,1,0,3,False,SC,SUL
420260,2,cirurgia_geral_cbo_exclusivo,225225,sensibilidade,nao_priorizada_pura,nao_priorizada_pura,0,True,1,0,3,False,SC,SUL
420290,2,cirurgia_geral_cbo_exclusivo,225225,sensibilidade,nao_priorizada_pura,nao_priorizada_pura,0,True,3,0,9,False,SC,SUL
420330,2,cirurgia_geral_cbo_exclusivo,225225,sensibilidade,nao_priorizada_pura,nao_priorizada_pura,0,True,1,0,3,False,SC,SUL
420340,2,cirurgia_geral_cbo_exclusivo,225225,sensibilidade,nao_priorizada_pura,nao_priorizada_pura,0,True,1,0,3,False,SC,SUL
420360,2,cirurgia_geral_cbo_exclusivo,225225,sensibilidade,nao_priorizada_pura,nao_priorizada_pura,0,True,1,0,3,False,SC,SUL
420390,2,cirurgia_geral_cbo_exclusivo,225225,sensibilidade,nao_priorizada_pura,nao_priorizada_pura,0,True,1,0,3,False,SC,SUL
420420,2,cirurgia_geral_cbo_exclusivo,225225,sensibilidade,nao_priorizada_pura,nao_priorizada_pura,0,True,1,0,3,False,SC,SUL
420440,2,cirurgia_geral_cbo_exclusivo,225225,sensibilidade,nao_priorizada_pura,nao_priorizada_pura,0,True,1,0,3,False,SC,SUL
420460,2,cirurgia_geral_cbo_exclusivo,225225,sensibilidade,nao_priorizada_pura,nao_priorizada_pura,0,True,1,0,3,False,SC,SUL
420490,2,cirurgia_geral_cbo_exclusivo,225225,sensibilidade,nao_priorizada_pura,nao_priorizada_pura,0,True,1,0,3,False,SC,SUL
420500,2,cirurgia_geral_cbo_exclusivo,225225,sensibilidade,nao_priorizada_pura,nao_priorizada_pura,0,True,1,0,1,False,SC,SUL
420530,2,cirurgia_geral_cbo_exclusivo,225225,sensibilidade,nao_priorizada_pura,nao_priorizada_pura,0,True,1,0,3,False,SC,SUL
420540,2,cirurgia_geral_cbo_exclusivo,225225,sensibilidade,nao_priorizada_pura,nao_priorizada_pura,0,True,4,0,12,False,SC,SUL
420640,2,cirurgia_geral_cbo_exclusivo,225225,sensibilidade,nao_priorizada_pura,nao_priorizada_pura,0,True,1,0,3,False,SC,SUL
420690,2,cirurgia_geral_cbo_exclusivo,225225,sensibilidade,nao_priorizada_pura,nao_priorizada_pura,0,True,1,0,3,False,SC,SUL
420700,2,cirurgia_geral_cbo_exclusivo,225225,sensibilidade,nao_priorizada_pura,nao_priorizada_pura,0,True,1,0,3,False,SC,SUL
420765,2,cirurgia_geral_cbo_exclusivo,225225,sensibilidade,nao_priorizada_pura,nao_priorizada_pura,0,True,1,0,3,False,SC,SUL
420800,2,cirurgia_geral_cbo_exclusivo,225225,sensibilidade,nao_priorizada_pura,nao_priorizada_pura,0,True,1,0,3,False,SC,SUL
420820,2,cirurgia_geral_cbo_exclusivo,225225,sensibilidade,nao_priorizada_pura,nao_priorizada_pura,0,True,1,0,3,False,SC,SUL
420830,2,cirurgia_geral_cbo_exclusivo,225225,sensibilidade,nao_priorizada_pura,nao_priorizada_pura,0,True,1,0,1,False,SC,SUL
420840,2,cirurgia_geral_cbo_exclusivo,225225,sensibilidade,nao_priorizada_pura,nao_priorizada_pura,0,True,1,0,3,False,SC,SUL
420850,2,cirurgia_geral_cbo_exclusivo,225225,sensibilidade,nao_priorizada_pura,nao_priorizada_pura,0,True,1,0,3,False,SC,SUL
420900,2,cirurgia_geral_cbo_exclusivo,225225,sensibilidade,nao_priorizada_pura,nao_priorizada_pura,0,True,2,0,6,False,SC,SUL
420910,2,cirurgia_geral_cbo_exclusivo,225225,sensibilidade,nao_priorizada_pura,nao_priorizada_pura,0,True,1,0,3,False,SC,SUL
420930,2,cirurgia_geral_cbo_exclusivo,225225,sensibilidade,nao_priorizada_pura,nao_priorizada_pura,0,True,3,0,7,False,SC,SUL
421010,2,cirurgia_geral_cbo_exclusivo,225225,sensibilidade,nao_priorizada_pura,nao_priorizada_pura,0,True,1,0,3,False,SC,SUL
421050,2,cirurgia_geral_cbo_exclusivo,225225,sensibilidade,nao_priorizada_pura,nao_priorizada_pura,0,True,1,0,3,False,SC,SUL
421080,2,cirurgia_geral_cbo_exclusivo,225225,sensibilidade,nao_priorizada_pura,nao_priorizada_pura,0,True,1,0,3,False,SC,SUL
421100,2,cirurgia_geral_cbo_exclusivo,225225,sensibilidade,nao_priorizada_pura,nao_priorizada_pura,0,True,1,0,3,False,SC,SUL
421140,2,cirurgia_geral_cbo_exclusivo,225225,sensibilidade,nao_priorizada_pura,nao_priorizada_pura,0,True,1,0,3,False,SC,SUL
421150,2,cirurgia_geral_cbo_exclusivo,225225,sensibilidade,nao_priorizada_pura,nao_priorizada_pura,0,True,1,0,1,False,SC,SUL
421160,2,cirurgia_geral_cbo_exclusivo,225225,sensibilidade,nao_priorizada_pura,nao_priorizada_pura,0,True,1,0,3,False,SC,SUL
421170,2,cirurgia_geral_cbo_exclusivo,225225,sensibilidade,nao_priorizada_pura,nao_priorizada_pura,0,True,1,0,1,False,SC,SUL
421175,2,cirurgia_geral_cbo_exclusivo,225225,sensibilidade,nao_priorizada_pura,nao_priorizada_pura,0,True,1,0,3,False,SC,SUL
421210,2,cirurgia_geral_cbo_exclusivo,225225,sensibilidade,nao_priorizada_pura,nao_priorizada_pura,0,True,1,0,3,False,SC,SUL
421250,2,cirurgia_geral_cbo_exclusivo,225225,sensibilidade,nao_priorizada_pura,nao_priorizada_pura,0,True,1,0,3,False,SC,SUL
421260,2,cirurgia_geral_cbo_exclusivo,225225,sensibilidade,nao_priorizada_pura,nao_priorizada_pura,0,True,1,0,3,False,SC,SUL
421290,2,cirurgia_geral_cbo_exclusivo,225225,sensibilidade,nao_priorizada_pura,nao_priorizada_pura,0,True,1,0,3,False,SC,SUL
421320,2,cirurgia_geral_cbo_exclusivo,225225,sensibilidade,nao_priorizada_pura,nao_priorizada_pura,0,True,1,0,3,False,SC,SUL
421360,2,cirurgia_geral_cbo_exclusivo,225225,sensibilidade,nao_priorizada_pura,nao_priorizada_pura,0,True,1,0,3,False,SC,SUL
421400,2,cirurgia_geral_cbo_exclusivo,225225,sensibilidade,nao_priorizada_pura,nao_priorizada_pura,0,True,1,0,3,False,SC,SUL
421470,2,cirurgia_geral_cbo_exclusivo,225225,sensibilidade,nao_priorizada_pura,nao_priorizada_pura,0,True,1,0,3,False,SC,SUL
421590,2,cirurgia_geral_cbo_exclusivo,225225,sensibilidade,nao_priorizada_pura,nao_priorizada_pura,0,True,1,0,3,False,SC,SUL
421620,2,cirurgia_geral_cbo_exclusivo,225225,sensibilidade,nao_priorizada_pura,nao_priorizada_pura,0,True,1,0,3,False,SC,SUL
421625,2,cirurgia_geral_cbo_exclusivo,225225,sensibilidade,nao_priorizada_pura,nao_priorizada_pura,0,True,1,0,3,False,SC,SUL
421630,2,cirurgia_geral_cbo_exclusivo,225225,sensibilidade,nao_priorizada_pura,nao_priorizada_pura,0,True,1,0,3,False,SC,SUL
421650,2,cirurgia_geral_cbo_exclusivo,225225,sensibilidade,nao_priorizada_pura,nao_priorizada_pura,0,True,1,0,3,False,SC,SUL
421660,2,cirurgia_geral_cbo_exclusivo,225225,sensibilidade,nao_priorizada_pura,nao_priorizada_pura,0,True,1,0,3,False,SC,SUL
421670,2,cirurgia_geral_cbo_exclusivo,225225,sensibilidade,nao_priorizada_pura,nao_priorizada_pura,0,True,1,0,3,False,SC,SUL
421690,2,cirurgia_geral_cbo_exclusivo,225225,sensibilidade,nao_priorizada_pura,nao_priorizada_pura,0,True,1,0,3,False,SC,SUL
421720,2,cirurgia_geral_cbo_exclusivo,225225,sensibilidade,nao_priorizada_pura,nao_priorizada_pura,0,True,1,0,3,False,SC,SUL
421730,2,cirurgia_geral_cbo_exclusivo,225225,sensibilidade,nao_priorizada_pura,nao_priorizada_pura,0,True,1,0,3,False,SC,SUL
421770,2,cirurgia_geral_cbo_exclusivo,225225,sensibilidade,nao_priorizada_pura,nao_priorizada_pura,0,True,1,0,3,False,SC,SUL
421800,2,cirurgia_geral_cbo_exclusivo,225225,sensibilidade,nao_priorizada_pura,nao_priorizada_pura,0,True,1,0,3,False,SC,SUL
421820,2,cirurgia_geral_cbo_exclusivo,225225,sensibilidade,nao_priorizada_pura,nao_priorizada_pura,0,True,1,0,3,False,SC,SUL
421875,2,cirurgia_geral_cbo_exclusivo,225225,sensibilidade,nao_priorizada_pura,nao_priorizada_pura,0,True,1,0,3,False,SC,SUL
421880,2,cirurgia_geral_cbo_exclusivo,225225,sensibilidade,nao_priorizada_pura,nao_priorizada_pura,0,True,1,0,3,False,SC,SUL
421910,2,cirurgia_geral_cbo_exclusivo,225225,sensibilidade,nao_priorizada_pura,nao_priorizada_pura,0,True,1,0,1,False,SC,SUL
421950,2,cirurgia_geral_cbo_exclusivo,225225,sensibilidade,nao_priorizada_pura,nao_priorizada_pura,0,True,1,0,3,False,SC,SUL
421970,2,cirurgia_geral_cbo_exclusivo,225225,sensibilidade,nao_priorizada_pura,nao_priorizada_pura,0,True,1,0,3,False,SC,SUL
430390,2,cirurgia_geral_cbo_exclusivo,225225,sensibilidade,nao_priorizada_pura,nao_priorizada_pura,0,True,1,0,1,False,RS,SUL
430420,2,cirurgia_geral_cbo_exclusivo,225225,sensibilidade,nao_priorizada_pura,nao_priorizada_pura,0,True,1,0,3,False,RS,SUL
430900,2,cirurgia_geral_cbo_exclusivo,225225,sensibilidade,nao_priorizada_pura,nao_priorizada_pura,0,True,1,0,1,False,RS,SUL
431130,2,cirurgia_geral_cbo_exclusivo,225225,sensibilidade,nao_priorizada_pura,nao_priorizada_pura,0,True,1,0,1,False,RS,SUL
431340,2,cirurgia_geral_cbo_exclusivo,225225,sensibilidade,nao_priorizada_pura,nao_priorizada_pura,0,True,1,0,3,False,RS,SUL
431440,2,cirurgia_geral_cbo_exclusivo,225225,sensibilidade,nao_priorizada_pura,nao_priorizada_pura,0,True,3,0,9,False,RS,SUL
431720,2,cirurgia_geral_cbo_exclusivo,225225,sensibilidade,nao_priorizada_pura,nao_priorizada_pura,0,True,1,0,3,False,RS,SUL
432000,2,cirurgia_geral_cbo_exclusivo,225225,sensibilidade,nao_priorizada_pura,nao_priorizada_pura,0,True,1,0,3,False,RS,SUL
432020,2,cirurgia_geral_cbo_exclusivo,225225,sensibilidade,nao_priorizada_pura,nao_priorizada_pura,0,True,1,0,2,False,RS,SUL
432040,2,cirurgia_geral_cbo_exclusivo,225225,sensibilidade,nao_priorizada_pura,nao_priorizada_pura,0,True,1,0,1,False,RS,SUL
432140,2,cirurgia_geral_cbo_exclusivo,225225,sensibilidade,nao_priorizada_pura,nao_priorizada_pura,0,True,1,0,1,False,RS,SUL
500110,2,cirurgia_geral_cbo_exclusivo,225225,sensibilidade,nao_priorizada_pura,nao_priorizada_pura,0,True,2,0,3,False,MS,CENTRO-OESTE
500220,2,cirurgia_geral_cbo_exclusivo,225225,sensibilidade,nao_priorizada_pura,nao_priorizada_pura,0,True,1,0,1,False,MS,CENTRO-OESTE
500500,2,cirurgia_geral_cbo_exclusivo,225225,sensibilidade,nao_priorizada_pura,nao_priorizada_pura,0,True,1,0,1,False,MS,CENTRO-OESTE
500620,2,cirurgia_geral_cbo_exclusivo,225225,sensibilidade,nao_priorizada_pura,nao_priorizada_pura,0,True,1,0,1,False,MS,CENTRO-OESTE
510340,2,cirurgia_geral_cbo_exclusivo,225225,sensibilidade,imediata_pura,imediata_pura,1,True,5,13,0,False,MT,CENTRO-OESTE
510790,2,cirurgia_geral_cbo_exclusivo,225225,sensibilidade,imediata_pura,imediata_pura,1,True,1,3,0,False,MT,CENTRO-OESTE
510792,2,cirurgia_geral_cbo_exclusivo,225225,sensibilidade,imediata_pura,imediata_pura,1,True,1,3,0,False,MT,CENTRO-OESTE
521640,2,cirurgia_geral_cbo_exclusivo,225225,sensibilidade,nao_priorizada_pura,nao_priorizada_pura,0,True,1,0,1,False,GO,CENTRO-OESTE
110020,12,oncologia_clinica,225121,generalizacao,nao_priorizada_pura,nao_priorizada_pura,0,True,1,0,3,False,RO,NORTE
130260,12,oncologia_clinica,225121,generalizacao,nao_priorizada_pura,nao_priorizada_pura,0,True,1,0,1,False,AM,NORTE
150240,12,oncologia_clinica,225121,generalizacao,nao_priorizada_pura,nao_priorizada_pura,0,True,1,0,3,False,PA,NORTE
160030,12,oncologia_clinica,225121,generalizacao,nao_priorizada_pura,nao_priorizada_pura,0,True,1,0,3,False,AP,NORTE
220770,12,oncologia_clinica,225121,generalizacao,nao_priorizada_pura,nao_priorizada_pura,0,True,1,0,3,False,PI,NORDESTE
230190,12,oncologia_clinica,225121,generalizacao,imediata_pura,imediata_pura,1,True,1,1,0,False,CE,NORDESTE
230250,12,oncologia_clinica,225121,generalizacao,imediata_pura,imediata_pura,1,True,1,1,0,False,CE,NORDESTE
230440,12,oncologia_clinica,225121,generalizacao,imediata_pura,imediata_pura,1,True,2,2,0,False,CE,NORDESTE
231140,12,oncologia_clinica,225121,generalizacao,nao_priorizada_pura,nao_priorizada_pura,0,True,1,0,3,False,CE,NORDESTE
240800,12,oncologia_clinica,225121,generalizacao,nao_priorizada_pura,nao_priorizada_pura,0,True,1,0,1,False,RN,NORDESTE
240980,12,oncologia_clinica,225121,generalizacao,nao_priorizada_pura,nao_priorizada_pura,0,True,1,0,1,False,RN,NORDESTE
241010,12,oncologia_clinica,225121,generalizacao,imediata_pura,imediata_pura,1,True,1,1,0,False,RN,NORDESTE
250400,12,oncologia_clinica,225121,generalizacao,nao_priorizada_pura,nao_priorizada_pura,0,True,1,0,3,False,PB,NORDESTE
260410,12,oncologia_clinica,225121,generalizacao,nao_priorizada_pura,nao_priorizada_pura,0,True,2,0,6,False,PE,NORDESTE
290320,12,oncologia_clinica,225121,generalizacao,nao_priorizada_pura,nao_priorizada_pura,0,True,1,0,3,False,BA,NORDESTE
291360,12,oncologia_clinica,225121,generalizacao,nao_priorizada_pura,nao_priorizada_pura,0,True,1,0,3,False,BA,NORDESTE
291460,12,oncologia_clinica,225121,generalizacao,nao_priorizada_pura,nao_priorizada_pura,0,True,1,0,2,False,BA,NORDESTE
291480,12,oncologia_clinica,225121,generalizacao,nao_priorizada_pura,nao_priorizada_pura,0,True,1,0,3,False,BA,NORDESTE
291840,12,oncologia_clinica,225121,generalizacao,nao_priorizada_pura,nao_priorizada_pura,0,True,1,0,3,False,BA,NORDESTE
292740,12,oncologia_clinica,225121,generalizacao,nao_priorizada_pura,nao_priorizada_pura,0,True,2,0,5,False,BA,NORDESTE
293330,12,oncologia_clinica,225121,generalizacao,imediata_pura,imediata_pura,1,True,1,1,0,False,BA,NORDESTE
310620,12,oncologia_clinica,225121,generalizacao,nao_priorizada_pura,nao_priorizada_pura,0,True,2,0,6,False,MG,SUDESTE
312090,12,oncologia_clinica,225121,generalizacao,nao_priorizada_pura,nao_priorizada_pura,0,True,1,0,2,False,MG,SUDESTE
313670,12,oncologia_clinica,225121,generalizacao,nao_priorizada_pura,nao_priorizada_pura,0,True,1,0,1,False,MG,SUDESTE
314790,12,oncologia_clinica,225121,generalizacao,nao_priorizada_pura,nao_priorizada_pura,0,True,1,0,1,False,MG,SUDESTE
316720,12,oncologia_clinica,225121,generalizacao,nao_priorizada_pura,nao_priorizada_pura,0,True,1,0,2,False,MG,SUDESTE
317070,12,oncologia_clinica,225121,generalizacao,nao_priorizada_pura,nao_priorizada_pura,0,True,1,0,3,False,MG,SUDESTE
320120,12,oncologia_clinica,225121,generalizacao,nao_priorizada_pura,nao_priorizada_pura,0,True,1,0,1,False,ES,SUDESTE
320530,12,oncologia_clinica,225121,generalizacao,imediata_pura,imediata_pura,1,True,1,1,0,False,ES,SUDESTE
330040,12,oncologia_clinica,225121,generalizacao,nao_priorizada_pura,nao_priorizada_pura,0,True,1,0,3,False,RJ,SUDESTE
330070,12,oncologia_clinica,225121,generalizacao,nao_priorizada_pura,nao_priorizada_pura,0,True,1,0,3,False,RJ,SUDESTE
330430,12,oncologia_clinica,225121,generalizacao,nao_priorizada_pura,nao_priorizada_pura,0,True,1,0,2,False,RJ,SUDESTE
350320,12,oncologia_clinica,225121,generalizacao,imediata_pura,imediata_pura,1,True,1,1,0,False,SP,SUDESTE
352440,12,oncologia_clinica,225121,generalizacao,nao_priorizada_pura,nao_priorizada_pura,0,True,1,0,3,False,SP,SUDESTE
352900,12,oncologia_clinica,225121,generalizacao,nao_priorizada_pura,nao_priorizada_pura,0,True,2,0,4,False,SP,SUDESTE
355220,12,oncologia_clinica,225121,generalizacao,nao_priorizada_pura,nao_priorizada_pura,0,True,1,0,1,False,SP,SUDESTE
411520,12,oncologia_clinica,225121,generalizacao,nao_priorizada_pura,nao_priorizada_pura,0,True,1,0,1,False,PR,SUL
420900,12,oncologia_clinica,225121,generalizacao,nao_priorizada_pura,nao_priorizada_pura,0,True,1,0,3,False,SC,SUL
421870,12,oncologia_clinica,225121,generalizacao,nao_priorizada_pura,nao_priorizada_pura,0,True,1,0,3,False,SC,SUL
430470,12,oncologia_clinica,225121,generalizacao,imediata_pura,imediata_pura,1,True,1,1,0,False,RS,SUL
431720,12,oncologia_clinica,225121,generalizacao,nao_priorizada_pura,nao_priorizada_pura,0,True,1,0,3,False,RS,SUL
500270,12,oncologia_clinica,225121,generalizacao,nao_priorizada_pura,nao_priorizada_pura,0,True,1,0,2,False,MS,CENTRO-OESTE
500370,12,oncologia_clinica,225121,generalizacao,nao_priorizada_pura,nao_priorizada_pura,0,True,1,0,3,False,MS,CENTRO-OESTE
110028,24,medicina_intensiva,225150,generalizacao,nao_priorizada_pura,nao_priorizada_pura,0,True,1,0,3,False,RO,NORTE
130260,24,medicina_intensiva,225150,generalizacao,imediata_pura,imediata_pura,1,True,3,3,0,False,AM,NORTE
210005,24,medicina_intensiva,225150,generalizacao,nao_priorizada_pura,nao_priorizada_pura,0,True,1,0,3,False,MA,NORDESTE
210320,24,medicina_intensiva,225150,generalizacao,nao_priorizada_pura,nao_priorizada_pura,0,True,1,0,3,False,MA,NORDESTE
230550,24,medicina_intensiva,225150,generalizacao,nao_priorizada_pura,nao_priorizada_pura,0,True,1,0,3,False,CE,NORDESTE
231290,24,medicina_intensiva,225150,generalizacao,nao_priorizada_pura,nao_priorizada_pura,0,True,1,0,3,False,CE,NORDESTE
231340,24,medicina_intensiva,225150,generalizacao,nao_priorizada_pura,nao_priorizada_pura,0,True,1,0,1,False,CE,NORDESTE
261000,24,medicina_intensiva,225150,generalizacao,nao_priorizada_pura,nao_priorizada_pura,0,True,1,0,3,False,PE,NORDESTE
290070,24,medicina_intensiva,225150,generalizacao,nao_priorizada_pura,nao_priorizada_pura,0,True,1,0,1,False,BA,NORDESTE
290320,24,medicina_intensiva,225150,generalizacao,nao_priorizada_pura,nao_priorizada_pura,0,True,1,0,1,False,BA,NORDESTE
290570,24,medicina_intensiva,225150,generalizacao,nao_priorizada_pura,nao_priorizada_pura,0,True,1,0,2,False,BA,NORDESTE
291750,24,medicina_intensiva,225150,generalizacao,nao_priorizada_pura,nao_priorizada_pura,0,True,1,0,1,False,BA,NORDESTE
293330,24,medicina_intensiva,225150,generalizacao,imediata_pura,imediata_pura,1,True,1,1,0,False,BA,NORDESTE
310350,24,medicina_intensiva,225150,generalizacao,nao_priorizada_pura,nao_priorizada_pura,0,True,2,0,2,False,MG,SUDESTE
311940,24,medicina_intensiva,225150,generalizacao,nao_priorizada_pura,nao_priorizada_pura,0,True,1,0,1,False,MG,SUDESTE
313170,24,medicina_intensiva,225150,generalizacao,nao_priorizada_pura,nao_priorizada_pura,0,True,2,0,6,False,MG,SUDESTE
313670,24,medicina_intensiva,225150,generalizacao,nao_priorizada_pura,nao_priorizada_pura,0,True,1,0,1,False,MG,SUDESTE
314310,24,medicina_intensiva,225150,generalizacao,nao_priorizada_pura,nao_priorizada_pura,0,True,1,0,3,False,MG,SUDESTE
314710,24,medicina_intensiva,225150,generalizacao,nao_priorizada_pura,nao_priorizada_pura,0,True,1,0,3,False,MG,SUDESTE
316870,24,medicina_intensiva,225150,generalizacao,nao_priorizada_pura,nao_priorizada_pura,0,True,1,0,1,False,MG,SUDESTE
330010,24,medicina_intensiva,225150,generalizacao,nao_priorizada_pura,nao_priorizada_pura,0,True,1,0,3,False,RJ,SUDESTE
330030,24,medicina_intensiva,225150,generalizacao,nao_priorizada_pura,nao_priorizada_pura,0,True,1,0,1,False,RJ,SUDESTE
330070,24,medicina_intensiva,225150,generalizacao,nao_priorizada_pura,nao_priorizada_pura,0,True,1,0,3,False,RJ,SUDESTE
330100,24,medicina_intensiva,225150,generalizacao,nao_priorizada_pura,nao_priorizada_pura,0,True,3,0,9,False,RJ,SUDESTE
330190,24,medicina_intensiva,225150,generalizacao,nao_priorizada_pura,nao_priorizada_pura,0,True,1,0,3,False,RJ,SUDESTE
330220,24,medicina_intensiva,225150,generalizacao,nao_priorizada_pura,nao_priorizada_pura,0,True,1,0,3,False,RJ,SUDESTE
330240,24,medicina_intensiva,225150,generalizacao,nao_priorizada_pura,nao_priorizada_pura,0,True,1,0,3,False,RJ,SUDESTE
330330,24,medicina_intensiva,225150,generalizacao,nao_priorizada_pura,nao_priorizada_pura,0,True,2,0,6,False,RJ,SUDESTE
330340,24,medicina_intensiva,225150,generalizacao,nao_priorizada_pura,nao_priorizada_pura,0,True,1,0,3,False,RJ,SUDESTE
330350,24,medicina_intensiva,225150,generalizacao,nao_priorizada_pura,nao_priorizada_pura,0,True,1,0,3,False,RJ,SUDESTE
330390,24,medicina_intensiva,225150,generalizacao,nao_priorizada_pura,nao_priorizada_pura,0,True,1,0,3,False,RJ,SUDESTE
330415,24,medicina_intensiva,225150,generalizacao,nao_priorizada_pura,nao_priorizada_pura,0,True,1,0,3,False,RJ,SUDESTE
330420,24,medicina_intensiva,225150,generalizacao,nao_priorizada_pura,nao_priorizada_pura,0,True,1,0,3,False,RJ,SUDESTE
330430,24,medicina_intensiva,225150,generalizacao,nao_priorizada_pura,nao_priorizada_pura,0,True,1,0,2,False,RJ,SUDESTE
330452,24,medicina_intensiva,225150,generalizacao,nao_priorizada_pura,nao_priorizada_pura,0,True,2,0,6,False,RJ,SUDESTE
330455,24,medicina_intensiva,225150,generalizacao,nao_priorizada_pura,nao_priorizada_pura,0,True,9,0,27,False,RJ,SUDESTE
330550,24,medicina_intensiva,225150,generalizacao,nao_priorizada_pura,nao_priorizada_pura,0,True,2,0,6,False,RJ,SUDESTE
330620,24,medicina_intensiva,225150,generalizacao,nao_priorizada_pura,nao_priorizada_pura,0,True,1,0,3,False,RJ,SUDESTE
350410,24,medicina_intensiva,225150,generalizacao,nao_priorizada_pura,nao_priorizada_pura,0,True,1,0,1,False,SP,SUDESTE
350570,24,medicina_intensiva,225150,generalizacao,nao_priorizada_pura,nao_priorizada_pura,0,True,1,0,3,False,SP,SUDESTE
352440,24,medicina_intensiva,225150,generalizacao,nao_priorizada_pura,nao_priorizada_pura,0,True,1,0,3,False,SP,SUDESTE
352470,24,medicina_intensiva,225150,generalizacao,nao_priorizada_pura,nao_priorizada_pura,0,True,1,0,2,False,SP,SUDESTE
352900,24,medicina_intensiva,225150,generalizacao,nao_priorizada_pura,nao_priorizada_pura,0,True,1,0,3,False,SP,SUDESTE
352940,24,medicina_intensiva,225150,generalizacao,nao_priorizada_pura,nao_priorizada_pura,0,True,1,0,2,False,SP,SUDESTE
353440,24,medicina_intensiva,225150,generalizacao,nao_priorizada_pura,nao_priorizada_pura,0,True,1,0,1,False,SP,SUDESTE
353870,24,medicina_intensiva,225150,generalizacao,nao_priorizada_pura,nao_priorizada_pura,0,True,1,0,3,False,SP,SUDESTE
354150,24,medicina_intensiva,225150,generalizacao,nao_priorizada_pura,nao_priorizada_pura,0,True,1,0,3,False,SP,SUDESTE
354870,24,medicina_intensiva,225150,generalizacao,nao_priorizada_pura,nao_priorizada_pura,0,True,4,0,12,False,SP,SUDESTE
410830,24,medicina_intensiva,225150,generalizacao,nao_priorizada_pura,nao_priorizada_pura,0,True,1,0,3,False,PR,SUL
420140,24,medicina_intensiva,225150,generalizacao,nao_priorizada_pura,nao_priorizada_pura,0,True,1,0,3,False,SC,SUL
420200,24,medicina_intensiva,225150,generalizacao,nao_priorizada_pura,nao_priorizada_pura,0,True,1,0,3,False,SC,SUL
420290,24,medicina_intensiva,225150,generalizacao,nao_priorizada_pura,nao_priorizada_pura,0,True,1,0,3,False,SC,SUL
420460,24,medicina_intensiva,225150,generalizacao,nao_priorizada_pura,nao_priorizada_pura,0,True,1,0,3,False,SC,SUL
420700,24,medicina_intensiva,225150,generalizacao,nao_priorizada_pura,nao_priorizada_pura,0,True,1,0,3,False,SC,SUL
420820,24,medicina_intensiva,225150,generalizacao,nao_priorizada_pura,nao_priorizada_pura,0,True,1,0,3,False,SC,SUL
420910,24,medicina_intensiva,225150,generalizacao,nao_priorizada_pura,nao_priorizada_pura,0,True,1,0,3,False,SC,SUL
421820,24,medicina_intensiva,225150,generalizacao,nao_priorizada_pura,nao_priorizada_pura,0,True,1,0,3,False,SC,SUL
421950,24,medicina_intensiva,225150,generalizacao,nao_priorizada_pura,nao_priorizada_pura,0,True,1,0,3,False,SC,SUL
430920,24,medicina_intensiva,225150,generalizacao,nao_priorizada_pura,nao_priorizada_pura,0,True,1,0,3,False,RS,SUL
431340,24,medicina_intensiva,225150,generalizacao,nao_priorizada_pura,nao_priorizada_pura,0,True,1,0,3,False,RS,SUL
431440,24,medicina_intensiva,225150,generalizacao,nao_priorizada_pura,nao_priorizada_pura,0,True,3,0,9,False,RS,SUL
432000,24,medicina_intensiva,225150,generalizacao,nao_priorizada_pura,nao_priorizada_pura,0,True,1,0,3,False,RS,SUL
500325,24,medicina_intensiva,225150,generalizacao,nao_priorizada_pura,nao_priorizada_pura,0,True,1,0,3,False,MS,CENTRO-OESTE
500330,24,medicina_intensiva,225150,generalizacao,nao_priorizada_pura,nao_priorizada_pura,0,True,1,0,1,False,MS,CENTRO-OESTE
500620,24,medicina_intensiva,225150,generalizacao,nao_priorizada_pura,nao_priorizada_pura,0,True,1,0,1,False,MS,CENTRO-OESTE
